-- Generated by Craft v2.6.2776 on Apr 21, 2016, 4:43:08 AM.

--
-- Disable foreign key checks and autocommit.
--

SET FOREIGN_KEY_CHECKS = 0;
SET SQL_MODE = "NO_AUTO_VALUE_ON_ZERO";
SET AUTOCOMMIT = 0;
SET NAMES utf8;


DROP TABLE IF EXISTS `craft_assetfiles`;


--
-- Schema for table `craft_assetfiles`
--
CREATE TABLE `craft_assetfiles` (
  `id` int(11) NOT NULL,
  `sourceId` int(11) DEFAULT NULL,
  `folderId` int(11) NOT NULL,
  `filename` varchar(255) COLLATE utf8_unicode_ci NOT NULL,
  `kind` varchar(50) COLLATE utf8_unicode_ci NOT NULL DEFAULT 'unknown',
  `width` int(11) unsigned DEFAULT NULL,
  `height` int(11) unsigned DEFAULT NULL,
  `size` int(11) unsigned DEFAULT NULL,
  `dateModified` datetime DEFAULT NULL,
  `dateCreated` datetime NOT NULL,
  `dateUpdated` datetime NOT NULL,
  `uid` char(36) COLLATE utf8_unicode_ci NOT NULL DEFAULT '0',
  PRIMARY KEY (`id`),
  UNIQUE KEY `craft_assetfiles_filename_folderId_unq_idx` (`filename`,`folderId`),
  KEY `craft_assetfiles_sourceId_fk` (`sourceId`),
  KEY `craft_assetfiles_folderId_fk` (`folderId`)
) ENGINE=InnoDB DEFAULT CHARSET=utf8 COLLATE=utf8_unicode_ci;

--
-- Data for table `craft_assetfiles`
--

INSERT INTO `craft_assetfiles` (`id`, `sourceId`, `folderId`, `filename`, `kind`, `width`, `height`, `size`, `dateModified`, `dateCreated`, `dateUpdated`, `uid`) VALUES
 ('8', '1', '1', 'bjj_bg@2x.jpg', 'image', '3000', '1730', '517817', '2016-04-21 03:25:12', '2016-03-16 02:12:29', '2016-04-21 04:00:19', 'c75b360c-a30c-45e2-a436-2873ad21a59b'),
 ('9', '1', '1', 'contact_bg@2x.jpg', 'image', '3000', '1020', '314888', '2016-04-21 03:25:12', '2016-03-16 02:12:39', '2016-04-21 04:00:19', '370c91c6-b0a3-4379-8ff3-8dd7cd54facc'),
 ('10', '1', '1', 'hero@2x.jpg', 'image', '3000', '1534', '391247', '2016-04-21 03:25:13', '2016-03-16 02:12:40', '2016-04-21 04:00:19', '1ef82e0a-5a66-434a-b40a-93c4c124e984'),
 ('11', '1', '1', 'location_bg@2x.png', 'image', '1120', '1172', '674959', '2016-04-21 03:25:13', '2016-03-16 02:13:04', '2016-04-21 04:00:21', 'cb1fa9dc-ae57-4ffa-bc12-9fbf3e44dc0d'),
 ('12', '1', '1', 'logo_watermark.png', 'image', '1967', '2167', '1145909', '2016-04-21 03:25:13', '2016-03-16 02:13:24', '2016-04-21 04:00:21', '89602b33-5a7d-478f-bffa-e0f7f2e1cfd4'),
 ('14', '1', '1', 'approach_bg@2x.png', 'image', '1753', '1800', '2283989', '2016-04-21 03:25:12', '2016-03-16 02:20:17', '2016-04-21 04:00:19', '0b46b78b-3fc8-4a07-8f1a-30b2f5022cc4'),
 ('19', '1', '1', 'approach_bg@2x-test.png', 'image', '1753', '1800', '2283989', '2016-04-21 03:25:12', '2016-03-16 04:32:11', '2016-04-21 04:00:18', 'e4b4bab9-9129-408e-9f5c-7593f08853b1'),
 ('36', '1', '1', 'image_hero_about@2x.jpg', 'image', '3000', '1730', '102598', '2016-04-21 03:25:13', '2016-04-21 04:00:20', '2016-04-21 04:00:20', '1901851e-da0d-4f11-86ca-3c7feb287126'),
 ('37', '1', '1', 'image_hero_contact@2x.jpg', 'image', '3000', '1000', '81868', '2016-04-21 03:25:13', '2016-04-21 04:00:20', '2016-04-21 04:00:20', 'aa7dcda3-3eed-4dd8-9b03-14ff155ab4a3'),
 ('38', '1', '1', 'image_hero_location2@2x.jpg', 'image', '3000', '1730', '226913', '2016-04-21 03:25:13', '2016-04-21 04:00:20', '2016-04-21 04:00:20', '27cede2c-d46d-4301-81f2-08d05e2d26e4'),
 ('39', '1', '1', 'image_hero_location@2x.jpg', 'image', '3000', '1730', '157720', '2016-04-21 03:25:13', '2016-04-21 04:00:20', '2016-04-21 04:00:20', '797da190-13a2-4d8d-bb5b-635b5278a543'),
 ('40', '1', '1', 'image_hero_muy@2x.jpg', 'image', '3000', '1730', '136692', '2016-04-21 03:25:13', '2016-04-21 04:00:20', '2016-04-21 04:00:20', '33c1a956-380c-4fe8-9253-4bc04bd61aff'),
 ('41', '1', '1', 'image_hero_staff@2x.jpg', 'image', '3000', '1000', '152885', '2016-04-21 03:25:13', '2016-04-21 04:00:20', '2016-04-21 04:00:20', '1b090bab-d071-4094-b07b-ab7d5bc169a1'),
 ('42', '1', '1', 'logo_FPMA.svg', 'image', '655', '104', '1646', '2016-04-21 03:25:13', '2016-04-21 04:00:21', '2016-04-21 04:00:21', '3424064a-3f8a-4d7f-9691-a154af5ec6e5'),
 ('43', '2', '2', 'staff_1@2x.jpg', 'image', '530', '730', '40831', '2016-04-21 03:25:13', '2016-04-21 04:00:21', '2016-04-21 04:00:21', 'f9c1c520-4e67-4444-8c76-d9b562ad094f'),
 ('44', '2', '2', 'staff_4@2x.jpg', 'image', '530', '730', '49233', '2016-04-21 03:25:13', '2016-04-21 04:00:21', '2016-04-21 04:00:21', 'c45e4f4c-ca02-49e0-9e8c-6b7b59cb26d4'),
 ('45', '2', '2', 'staff_2@2x.jpg', 'image', '530', '730', '40395', '2016-04-21 03:25:13', '2016-04-21 04:00:21', '2016-04-21 04:00:21', '684b2dd9-ea4f-42b4-bae1-4db4fed4cb31'),
 ('46', '2', '2', 'staff_3@2x.jpg', 'image', '530', '730', '46095', '2016-04-21 03:25:13', '2016-04-21 04:00:22', '2016-04-21 04:00:22', 'fcd0ff0e-1b00-4cdf-a80d-b1f4aa98ca78'),
 ('47', '2', '2', 'staff_5@2x.jpg', 'image', '530', '730', '47077', '2016-04-21 03:25:13', '2016-04-21 04:00:22', '2016-04-21 04:00:22', '4ff49667-6352-47ba-acda-cf12a06f7fea'),
 ('48', '2', '2', 'staff_6@2x.jpg', 'image', '530', '730', '45071', '2016-04-21 03:25:13', '2016-04-21 04:00:22', '2016-04-21 04:00:22', 'ac08f825-9b7a-47a7-b561-4ced18c8d66e'),
 ('49', '2', '2', 'staff_7@2x.jpg', 'image', '530', '730', '44667', '2016-04-21 03:25:13', '2016-04-21 04:00:22', '2016-04-21 04:00:22', '80917b8b-db3a-447a-a887-c1b88a4f2dcc'),
 ('50', '2', '2', 'staff_8@2x.jpg', 'image', '530', '730', '44558', '2016-04-21 03:25:13', '2016-04-21 04:00:22', '2016-04-21 04:00:22', '06d1571f-5197-4b67-9d24-38ba5187ca17');



DROP TABLE IF EXISTS `craft_assetfolders`;


--
-- Schema for table `craft_assetfolders`
--
CREATE TABLE `craft_assetfolders` (
  `id` int(11) NOT NULL AUTO_INCREMENT,
  `parentId` int(11) DEFAULT NULL,
  `sourceId` int(11) DEFAULT NULL,
  `name` varchar(255) COLLATE utf8_unicode_ci NOT NULL,
  `path` varchar(255) COLLATE utf8_unicode_ci DEFAULT NULL,
  `dateCreated` datetime NOT NULL,
  `dateUpdated` datetime NOT NULL,
  `uid` char(36) COLLATE utf8_unicode_ci NOT NULL DEFAULT '0',
  PRIMARY KEY (`id`),
  UNIQUE KEY `craft_assetfolders_name_parentId_sourceId_unq_idx` (`name`,`parentId`,`sourceId`),
  KEY `craft_assetfolders_parentId_fk` (`parentId`),
  KEY `craft_assetfolders_sourceId_fk` (`sourceId`)
) ENGINE=InnoDB AUTO_INCREMENT=3 DEFAULT CHARSET=utf8 COLLATE=utf8_unicode_ci;

--
-- Data for table `craft_assetfolders`
--

INSERT INTO `craft_assetfolders` (`id`, `parentId`, `sourceId`, `name`, `path`, `dateCreated`, `dateUpdated`, `uid`) VALUES
 ('1', NULL, '1', 'Images', '', '2016-03-16 02:11:23', '2016-03-16 02:11:23', 'ef65cded-950d-43b9-bf00-3ba3161a9b72'),
 ('2', NULL, '2', 'Staff Images', '', '2016-03-25 02:38:02', '2016-03-25 02:38:02', 'bc69e41c-8bf9-4e70-a598-caca38da84ce');



DROP TABLE IF EXISTS `craft_assetindexdata`;


--
-- Schema for table `craft_assetindexdata`
--
CREATE TABLE `craft_assetindexdata` (
  `id` int(11) NOT NULL AUTO_INCREMENT,
  `sessionId` varchar(36) COLLATE utf8_unicode_ci NOT NULL DEFAULT '',
  `sourceId` int(10) NOT NULL,
  `offset` int(10) NOT NULL,
  `uri` varchar(255) COLLATE utf8_unicode_ci DEFAULT NULL,
  `size` int(10) DEFAULT NULL,
  `recordId` int(10) DEFAULT NULL,
  `dateCreated` datetime NOT NULL,
  `dateUpdated` datetime NOT NULL,
  `uid` char(36) COLLATE utf8_unicode_ci NOT NULL DEFAULT '0',
  PRIMARY KEY (`id`),
  UNIQUE KEY `craft_assetindexdata_sessionId_sourceId_offset_unq_idx` (`sessionId`,`sourceId`,`offset`),
  KEY `craft_assetindexdata_sourceId_fk` (`sourceId`)
) ENGINE=InnoDB AUTO_INCREMENT=23 DEFAULT CHARSET=utf8 COLLATE=utf8_unicode_ci;

DROP TABLE IF EXISTS `craft_assetsources`;


--
-- Schema for table `craft_assetsources`
--
CREATE TABLE `craft_assetsources` (
  `id` int(11) NOT NULL AUTO_INCREMENT,
  `name` varchar(255) COLLATE utf8_unicode_ci NOT NULL,
  `handle` varchar(255) COLLATE utf8_unicode_ci NOT NULL,
  `type` varchar(150) COLLATE utf8_unicode_ci NOT NULL,
  `settings` text COLLATE utf8_unicode_ci,
  `sortOrder` smallint(6) unsigned DEFAULT NULL,
  `fieldLayoutId` int(10) DEFAULT NULL,
  `dateCreated` datetime NOT NULL,
  `dateUpdated` datetime NOT NULL,
  `uid` char(36) COLLATE utf8_unicode_ci NOT NULL DEFAULT '0',
  PRIMARY KEY (`id`),
  UNIQUE KEY `craft_assetsources_name_unq_idx` (`name`),
  UNIQUE KEY `craft_assetsources_handle_unq_idx` (`handle`),
  KEY `craft_assetsources_fieldLayoutId_fk` (`fieldLayoutId`)
) ENGINE=InnoDB AUTO_INCREMENT=3 DEFAULT CHARSET=utf8 COLLATE=utf8_unicode_ci;

--
-- Data for table `craft_assetsources`
--

INSERT INTO `craft_assetsources` (`id`, `name`, `handle`, `type`, `settings`, `sortOrder`, `fieldLayoutId`, `dateCreated`, `dateUpdated`, `uid`) VALUES
 ('1', 'Images', 'images', 'Local', '{\"path\":\"{fileSystemPath}uploads\\/images\\/\",\"publicURLs\":\"1\",\"url\":\"\\/uploads\\/images\\/\"}', '1', '13', '2016-03-16 02:11:23', '2016-03-16 02:11:23', 'df308634-0427-4a5d-84e5-c21541ee7eee'),
 ('2', 'Staff Images', 'staffImages', 'Local', '{\"path\":\"{fileSystemPath}uploads\\/staffs\\/\",\"publicURLs\":\"1\",\"url\":\"\\/uploads\\/staffs\\/\"}', '2', '70', '2016-03-25 02:38:02', '2016-03-25 02:38:02', '091f1b15-ed1d-4275-9a0a-48fe846a412f');



DROP TABLE IF EXISTS `craft_assettransformindex`;


--
-- Schema for table `craft_assettransformindex`
--
CREATE TABLE `craft_assettransformindex` (
  `id` int(11) NOT NULL AUTO_INCREMENT,
  `fileId` int(11) NOT NULL,
  `filename` varchar(255) COLLATE utf8_unicode_ci DEFAULT NULL,
  `format` varchar(255) COLLATE utf8_unicode_ci DEFAULT NULL,
  `location` varchar(255) COLLATE utf8_unicode_ci NOT NULL,
  `sourceId` int(11) DEFAULT NULL,
  `fileExists` tinyint(1) DEFAULT NULL,
  `inProgress` tinyint(1) DEFAULT NULL,
  `dateIndexed` datetime DEFAULT NULL,
  `dateCreated` datetime NOT NULL,
  `dateUpdated` datetime NOT NULL,
  `uid` char(36) COLLATE utf8_unicode_ci NOT NULL DEFAULT '0',
  PRIMARY KEY (`id`),
  KEY `craft_assettransformindex_sourceId_fileId_location_idx` (`sourceId`,`fileId`,`location`)
) ENGINE=InnoDB DEFAULT CHARSET=utf8 COLLATE=utf8_unicode_ci;

DROP TABLE IF EXISTS `craft_assettransforms`;


--
-- Schema for table `craft_assettransforms`
--
CREATE TABLE `craft_assettransforms` (
  `id` int(11) NOT NULL AUTO_INCREMENT,
  `name` varchar(255) COLLATE utf8_unicode_ci NOT NULL,
  `handle` varchar(255) COLLATE utf8_unicode_ci NOT NULL,
  `mode` enum('stretch','fit','crop') COLLATE utf8_unicode_ci NOT NULL DEFAULT 'crop',
  `position` enum('top-left','top-center','top-right','center-left','center-center','center-right','bottom-left','bottom-center','bottom-right') COLLATE utf8_unicode_ci NOT NULL DEFAULT 'center-center',
  `height` int(10) DEFAULT NULL,
  `width` int(10) DEFAULT NULL,
  `format` varchar(255) COLLATE utf8_unicode_ci DEFAULT NULL,
  `quality` int(10) DEFAULT NULL,
  `dimensionChangeTime` datetime DEFAULT NULL,
  `dateCreated` datetime NOT NULL,
  `dateUpdated` datetime NOT NULL,
  `uid` char(36) COLLATE utf8_unicode_ci NOT NULL DEFAULT '0',
  PRIMARY KEY (`id`),
  UNIQUE KEY `craft_assettransforms_name_unq_idx` (`name`),
  UNIQUE KEY `craft_assettransforms_handle_unq_idx` (`handle`)
) ENGINE=InnoDB DEFAULT CHARSET=utf8 COLLATE=utf8_unicode_ci;

DROP TABLE IF EXISTS `craft_categories`;


--
-- Schema for table `craft_categories`
--
CREATE TABLE `craft_categories` (
  `id` int(11) NOT NULL,
  `groupId` int(11) NOT NULL,
  `dateCreated` datetime NOT NULL,
  `dateUpdated` datetime NOT NULL,
  `uid` char(36) COLLATE utf8_unicode_ci NOT NULL DEFAULT '0',
  PRIMARY KEY (`id`),
  KEY `craft_categories_groupId_fk` (`groupId`)
) ENGINE=InnoDB DEFAULT CHARSET=utf8 COLLATE=utf8_unicode_ci;

DROP TABLE IF EXISTS `craft_categorygroups`;


--
-- Schema for table `craft_categorygroups`
--
CREATE TABLE `craft_categorygroups` (
  `id` int(11) NOT NULL AUTO_INCREMENT,
  `structureId` int(11) NOT NULL,
  `fieldLayoutId` int(11) DEFAULT NULL,
  `name` varchar(255) COLLATE utf8_unicode_ci NOT NULL,
  `handle` varchar(255) COLLATE utf8_unicode_ci NOT NULL,
  `hasUrls` tinyint(1) unsigned NOT NULL DEFAULT '1',
  `template` varchar(500) COLLATE utf8_unicode_ci DEFAULT NULL,
  `dateCreated` datetime NOT NULL,
  `dateUpdated` datetime NOT NULL,
  `uid` char(36) COLLATE utf8_unicode_ci NOT NULL DEFAULT '0',
  PRIMARY KEY (`id`),
  UNIQUE KEY `craft_categorygroups_name_unq_idx` (`name`),
  UNIQUE KEY `craft_categorygroups_handle_unq_idx` (`handle`),
  KEY `craft_categorygroups_structureId_fk` (`structureId`),
  KEY `craft_categorygroups_fieldLayoutId_fk` (`fieldLayoutId`)
) ENGINE=InnoDB DEFAULT CHARSET=utf8 COLLATE=utf8_unicode_ci;

DROP TABLE IF EXISTS `craft_categorygroups_i18n`;


--
-- Schema for table `craft_categorygroups_i18n`
--
CREATE TABLE `craft_categorygroups_i18n` (
  `id` int(11) NOT NULL AUTO_INCREMENT,
  `groupId` int(11) NOT NULL,
  `locale` char(12) COLLATE utf8_unicode_ci NOT NULL,
  `urlFormat` text COLLATE utf8_unicode_ci,
  `nestedUrlFormat` text COLLATE utf8_unicode_ci,
  `dateCreated` datetime NOT NULL,
  `dateUpdated` datetime NOT NULL,
  `uid` char(36) COLLATE utf8_unicode_ci NOT NULL DEFAULT '0',
  PRIMARY KEY (`id`),
  UNIQUE KEY `craft_categorygroups_i18n_groupId_locale_unq_idx` (`groupId`,`locale`),
  KEY `craft_categorygroups_i18n_locale_fk` (`locale`)
) ENGINE=InnoDB DEFAULT CHARSET=utf8 COLLATE=utf8_unicode_ci;

DROP TABLE IF EXISTS `craft_content`;


--
-- Schema for table `craft_content`
--
CREATE TABLE `craft_content` (
  `id` int(11) NOT NULL AUTO_INCREMENT,
  `elementId` int(11) NOT NULL,
  `locale` char(12) COLLATE utf8_unicode_ci NOT NULL,
  `title` varchar(255) COLLATE utf8_unicode_ci DEFAULT NULL,
  `field_body` text COLLATE utf8_unicode_ci,
  `field_metaTitle` text COLLATE utf8_unicode_ci,
  `field_metaDescription` text COLLATE utf8_unicode_ci,
  `field_linkHeader` text COLLATE utf8_unicode_ci,
  `field_firstName` text COLLATE utf8_unicode_ci,
  `field_location` varchar(255) COLLATE utf8_unicode_ci DEFAULT NULL,
  `field_facebook` text COLLATE utf8_unicode_ci,
  `field_instagram` text COLLATE utf8_unicode_ci,
  `field_youtube` text COLLATE utf8_unicode_ci,
  `field_eventLocation` varchar(255) COLLATE utf8_unicode_ci DEFAULT NULL,
  `field_eventDetail` text COLLATE utf8_unicode_ci,
  `field_lastName` text COLLATE utf8_unicode_ci,
  `field_email` text COLLATE utf8_unicode_ci,
  `field_subjectLine` text COLLATE utf8_unicode_ci,
  `dateCreated` datetime NOT NULL,
  `dateUpdated` datetime NOT NULL,
  `uid` char(36) COLLATE utf8_unicode_ci NOT NULL DEFAULT '0',
  PRIMARY KEY (`id`),
  UNIQUE KEY `craft_content_elementId_locale_unq_idx` (`elementId`,`locale`),
  KEY `craft_content_title_idx` (`title`),
  KEY `craft_content_locale_fk` (`locale`)
) ENGINE=InnoDB AUTO_INCREMENT=41 DEFAULT CHARSET=utf8 COLLATE=utf8_unicode_ci;

--
-- Data for table `craft_content`
--

INSERT INTO `craft_content` (`id`, `elementId`, `locale`, `title`, `field_body`, `field_metaTitle`, `field_metaDescription`, `field_linkHeader`, `field_firstName`, `field_location`, `field_facebook`, `field_instagram`, `field_youtube`, `field_eventLocation`, `field_eventDetail`, `field_lastName`, `field_email`, `field_subjectLine`, `dateCreated`, `dateUpdated`, `uid`) VALUES
 ('1', '1', 'en_us', NULL, NULL, NULL, NULL, NULL, NULL, NULL, NULL, NULL, NULL, NULL, NULL, NULL, NULL, NULL, '2016-03-12 17:48:25', '2016-03-12 17:48:25', '1e2e2baa-5baa-44ad-b14e-132016ef55c3'),
 ('2', '2', 'en_us', 'Home', '<p>It’s true, this site doesn’t have a whole lot of content yet, but don’t worry. Our web developers have just installed the CMS, and they’re setting things up for the content editors this very moment. Soon Localhost will be an oasis of fresh perspectives, sharp analyses, and astute opinions that will keep you coming back again and again.</p>', NULL, NULL, NULL, NULL, NULL, NULL, NULL, NULL, NULL, NULL, NULL, NULL, NULL, '2016-03-12 17:48:26', '2016-04-21 04:23:27', '4e7d1136-5e87-4ebb-adf9-42394e522b6e'),
 ('4', '4', 'en_us', NULL, NULL, NULL, NULL, NULL, NULL, NULL, NULL, NULL, NULL, NULL, NULL, NULL, NULL, NULL, '2016-03-12 18:38:45', '2016-03-12 18:41:27', '6c77ae2f-976f-4e1b-b2aa-9865ac017dd2'),
 ('5', '5', 'en_us', 'About Us', NULL, NULL, NULL, NULL, NULL, NULL, NULL, NULL, NULL, NULL, NULL, NULL, NULL, NULL, '2016-03-15 03:20:28', '2016-03-15 03:20:28', '655e5e64-ab55-4a09-a10a-be302599aaed'),
 ('6', '6', 'en_us', 'Programs', NULL, NULL, NULL, NULL, NULL, NULL, NULL, NULL, NULL, NULL, NULL, NULL, NULL, NULL, '2016-03-15 03:20:39', '2016-03-15 03:20:39', '1b947a8d-cb7f-4f24-806a-20fa5cf6b9d0'),
 ('7', '7', 'en_us', 'Locations', NULL, NULL, NULL, NULL, NULL, NULL, NULL, NULL, NULL, NULL, NULL, NULL, NULL, NULL, '2016-03-15 03:20:46', '2016-03-15 03:20:46', '56bc263f-0a0f-48b5-9884-0290939718e3'),
 ('8', '8', 'en_us', 'Bjj Bg@2X', NULL, NULL, NULL, NULL, NULL, NULL, NULL, NULL, NULL, NULL, NULL, NULL, NULL, NULL, '2016-03-16 02:12:29', '2016-04-21 04:00:19', '0ee3d901-ccd0-4f0c-b95c-125fba2c382c'),
 ('9', '9', 'en_us', 'Contact Bg@2X', NULL, NULL, NULL, NULL, NULL, NULL, NULL, NULL, NULL, NULL, NULL, NULL, NULL, NULL, '2016-03-16 02:12:39', '2016-04-21 04:00:19', '89bfb1de-2ad6-4189-9dd5-7e836453e9fa'),
 ('10', '10', 'en_us', 'Hero@2X', NULL, NULL, NULL, NULL, NULL, NULL, NULL, NULL, NULL, NULL, NULL, NULL, NULL, NULL, '2016-03-16 02:12:40', '2016-04-21 04:00:19', '311fb985-5dec-4e7f-9901-00407a92c529'),
 ('11', '11', 'en_us', 'Location Bg@2X', NULL, NULL, NULL, NULL, NULL, NULL, NULL, NULL, NULL, NULL, NULL, NULL, NULL, NULL, '2016-03-16 02:13:04', '2016-04-21 04:00:21', '4e983632-189e-477f-acd5-deb92f65cb28'),
 ('12', '12', 'en_us', 'Logo Watermark', NULL, NULL, NULL, NULL, NULL, NULL, NULL, NULL, NULL, NULL, NULL, NULL, NULL, NULL, '2016-03-16 02:13:24', '2016-04-21 04:00:21', 'c947fa6a-0e02-4976-a0e1-12a28284cfa4'),
 ('14', '14', 'en_us', 'Approach Bg@2X', NULL, NULL, NULL, NULL, NULL, NULL, NULL, NULL, NULL, NULL, NULL, NULL, NULL, NULL, '2016-03-16 02:20:17', '2016-04-21 04:00:19', '295a9a46-821a-491f-aa02-2406d9531ec3'),
 ('15', '16', 'en_us', 'Dragons', NULL, '', '', 'Dragons (4 – 6 YO)', NULL, NULL, NULL, NULL, NULL, NULL, NULL, NULL, NULL, NULL, '2016-03-16 03:46:42', '2016-03-24 03:49:46', 'aee1f58c-5c50-4d70-932d-a95b82f46452'),
 ('16', '17', 'en_us', 'Juniors', NULL, '', '', 'Juniors (7 -12 YO)', NULL, NULL, NULL, NULL, NULL, NULL, NULL, NULL, NULL, NULL, '2016-03-16 03:48:00', '2016-03-16 03:48:00', 'dd409229-dafe-4744-a158-eb074852af13'),
 ('17', '19', 'en_us', 'Approach Bg@2X Test', NULL, NULL, NULL, NULL, NULL, NULL, NULL, NULL, NULL, NULL, NULL, NULL, NULL, NULL, '2016-03-16 04:32:11', '2016-04-21 04:00:18', '7875790c-bb0b-4f14-b17e-dd95ae7ed4dc'),
 ('18', '20', 'en_us', NULL, NULL, NULL, NULL, NULL, NULL, NULL, '', '', '', NULL, NULL, NULL, NULL, NULL, '2016-03-17 02:25:29', '2016-04-21 04:26:31', '26243e01-86f7-4e71-87b3-34c927744260'),
 ('19', '24', 'en_us', 'North Dallas', NULL, '', '', NULL, NULL, NULL, NULL, NULL, NULL, NULL, NULL, NULL, NULL, NULL, '2016-03-24 04:22:43', '2016-03-26 22:45:32', '746c263c-d214-42e1-8703-899a88e48122'),
 ('21', '27', 'en_us', 'Staff', NULL, '', '', NULL, NULL, NULL, NULL, NULL, NULL, NULL, NULL, NULL, NULL, NULL, '2016-03-25 02:46:04', '2016-04-21 04:24:56', '3511dd02-8da7-4a85-b474-6ab1747aad30'),
 ('22', '32', 'en_us', 'Contact Us', NULL, '', '', NULL, NULL, NULL, NULL, NULL, NULL, NULL, NULL, NULL, NULL, NULL, '2016-03-25 04:21:55', '2016-04-21 04:42:48', '500c41e5-b650-4c41-a177-682a8e4efcee'),
 ('23', '33', 'en_us', 'Specials', NULL, '', '', NULL, NULL, NULL, NULL, NULL, NULL, NULL, NULL, NULL, NULL, NULL, '2016-03-25 04:22:10', '2016-04-21 04:40:43', 'f8575e48-0862-4b3c-8f8d-697e60bb59dd'),
 ('24', '34', 'en_us', 'Dallas', NULL, '', '', NULL, NULL, NULL, NULL, NULL, NULL, NULL, NULL, NULL, NULL, NULL, '2016-03-26 22:44:34', '2016-04-21 04:35:34', '33c5ce5c-ad3f-428f-b1fb-afbeac342f6e'),
 ('25', '36', 'en_us', 'Image Hero About@2X', NULL, NULL, NULL, NULL, NULL, NULL, NULL, NULL, NULL, NULL, NULL, NULL, NULL, NULL, '2016-04-21 04:00:20', '2016-04-21 04:00:20', '31edbea7-9b33-411a-979f-bdfd6cb72160'),
 ('26', '37', 'en_us', 'Image Hero Contact@2X', NULL, NULL, NULL, NULL, NULL, NULL, NULL, NULL, NULL, NULL, NULL, NULL, NULL, NULL, '2016-04-21 04:00:20', '2016-04-21 04:00:20', '76ead84d-8ec8-40e7-a6cd-2d963b9b222b'),
 ('27', '38', 'en_us', 'Image Hero Location2@2X', NULL, NULL, NULL, NULL, NULL, NULL, NULL, NULL, NULL, NULL, NULL, NULL, NULL, NULL, '2016-04-21 04:00:20', '2016-04-21 04:00:20', '47118fc5-e246-4c14-a8f1-6f64b4c4cf55'),
 ('28', '39', 'en_us', 'Image Hero Location@2X', NULL, NULL, NULL, NULL, NULL, NULL, NULL, NULL, NULL, NULL, NULL, NULL, NULL, NULL, '2016-04-21 04:00:20', '2016-04-21 04:00:20', '7e22ccd5-ddcd-4bd7-8116-a7fc37a67c22'),
 ('29', '40', 'en_us', 'Image Hero Muy@2X', NULL, NULL, NULL, NULL, NULL, NULL, NULL, NULL, NULL, NULL, NULL, NULL, NULL, NULL, '2016-04-21 04:00:20', '2016-04-21 04:00:20', '4521868b-2ba6-4454-90b7-054d2d4873dd'),
 ('30', '41', 'en_us', 'Image Hero Staff@2X', NULL, NULL, NULL, NULL, NULL, NULL, NULL, NULL, NULL, NULL, NULL, NULL, NULL, NULL, '2016-04-21 04:00:20', '2016-04-21 04:00:20', '16f70bea-b453-499f-9b17-62ed1279b956'),
 ('31', '42', 'en_us', 'Logo  Fpma', NULL, NULL, NULL, NULL, NULL, NULL, NULL, NULL, NULL, NULL, NULL, NULL, NULL, NULL, '2016-04-21 04:00:21', '2016-04-21 04:00:21', '3a6f07cb-0a05-4ecf-bbdd-e626da598cd5'),
 ('32', '43', 'en_us', 'Staff 1@2X', NULL, NULL, NULL, NULL, NULL, NULL, NULL, NULL, NULL, NULL, NULL, NULL, NULL, NULL, '2016-04-21 04:00:21', '2016-04-21 04:00:21', 'f864f241-9fe6-478b-847a-f3a224892840'),
 ('33', '44', 'en_us', 'Staff 4@2X', NULL, NULL, NULL, NULL, NULL, NULL, NULL, NULL, NULL, NULL, NULL, NULL, NULL, NULL, '2016-04-21 04:00:21', '2016-04-21 04:00:21', '3da3f7fc-5ff6-4daa-b087-9659e385adef'),
 ('34', '45', 'en_us', 'Staff 2@2X', NULL, NULL, NULL, NULL, NULL, NULL, NULL, NULL, NULL, NULL, NULL, NULL, NULL, NULL, '2016-04-21 04:00:21', '2016-04-21 04:00:21', '6429d58a-3d5a-429a-b6d6-1502b5ea8e99'),
 ('35', '46', 'en_us', 'Staff 3@2X', NULL, NULL, NULL, NULL, NULL, NULL, NULL, NULL, NULL, NULL, NULL, NULL, NULL, NULL, '2016-04-21 04:00:22', '2016-04-21 04:00:22', '17816b97-1d50-4649-bc4e-878230c647ab'),
 ('36', '47', 'en_us', 'Staff 5@2X', NULL, NULL, NULL, NULL, NULL, NULL, NULL, NULL, NULL, NULL, NULL, NULL, NULL, NULL, '2016-04-21 04:00:22', '2016-04-21 04:00:22', '603d40e7-be46-4594-bcf8-931d8759c7a0'),
 ('37', '48', 'en_us', 'Staff 6@2X', NULL, NULL, NULL, NULL, NULL, NULL, NULL, NULL, NULL, NULL, NULL, NULL, NULL, NULL, '2016-04-21 04:00:22', '2016-04-21 04:00:22', 'd0bcdd82-b45e-4314-aa4d-9b9bbfdbea84'),
 ('38', '49', 'en_us', 'Staff 7@2X', NULL, NULL, NULL, NULL, NULL, NULL, NULL, NULL, NULL, NULL, NULL, NULL, NULL, NULL, '2016-04-21 04:00:22', '2016-04-21 04:00:22', 'fa746a92-cdb5-4267-9411-3795eab90b82'),
 ('39', '50', 'en_us', 'Staff 8@2X', NULL, NULL, NULL, NULL, NULL, NULL, NULL, NULL, NULL, NULL, NULL, NULL, NULL, NULL, '2016-04-21 04:00:22', '2016-04-21 04:00:22', '250bd0a0-01ff-47e3-b2aa-54bfc1d2dc9c'),
 ('40', '51', 'en_us', 'K2 Assent', NULL, NULL, NULL, NULL, NULL, NULL, NULL, NULL, NULL, 'dallas', '{\"startDate\":{\"date\":\"2016-04-21 01:00:00\",\"timezone_type\":3,\"timezone\":\"UTC\"},\"endDate\":{\"date\":\"2016-04-21 04:00:00\",\"timezone_type\":3,\"timezone\":\"UTC\"},\"repeat\":\"1\",\"rRule\":\"FREQ=WEEKLY;DSTART=20160420T000000Z;BYDAY=TU,TH;WKST=MO\",\"summary\":\"Weekly on Tuesday and Thursday\"}', NULL, NULL, NULL, '2016-04-21 04:17:47', '2016-04-21 04:37:00', 'd8b74e2d-2c6a-4887-a8ca-cbfe6d835239');



DROP TABLE IF EXISTS `craft_deprecationerrors`;


--
-- Schema for table `craft_deprecationerrors`
--
CREATE TABLE `craft_deprecationerrors` (
  `id` int(11) NOT NULL AUTO_INCREMENT,
  `key` varchar(255) COLLATE utf8_unicode_ci NOT NULL,
  `fingerprint` varchar(255) COLLATE utf8_unicode_ci NOT NULL,
  `lastOccurrence` datetime NOT NULL,
  `file` varchar(255) COLLATE utf8_unicode_ci NOT NULL,
  `line` smallint(6) unsigned NOT NULL,
  `class` varchar(255) COLLATE utf8_unicode_ci DEFAULT NULL,
  `method` varchar(255) COLLATE utf8_unicode_ci DEFAULT NULL,
  `template` varchar(255) COLLATE utf8_unicode_ci DEFAULT NULL,
  `templateLine` smallint(6) unsigned DEFAULT NULL,
  `message` varchar(255) COLLATE utf8_unicode_ci DEFAULT NULL,
  `traces` text COLLATE utf8_unicode_ci,
  `dateCreated` datetime NOT NULL,
  `dateUpdated` datetime NOT NULL,
  `uid` char(36) COLLATE utf8_unicode_ci NOT NULL DEFAULT '0',
  PRIMARY KEY (`id`),
  UNIQUE KEY `craft_deprecationerrors_key_fingerprint_unq_idx` (`key`,`fingerprint`)
) ENGINE=InnoDB DEFAULT CHARSET=utf8 COLLATE=utf8_unicode_ci;

DROP TABLE IF EXISTS `craft_elementindexsettings`;


--
-- Schema for table `craft_elementindexsettings`
--
CREATE TABLE `craft_elementindexsettings` (
  `id` int(11) NOT NULL AUTO_INCREMENT,
  `type` varchar(150) COLLATE utf8_unicode_ci NOT NULL,
  `settings` text COLLATE utf8_unicode_ci,
  `dateCreated` datetime NOT NULL,
  `dateUpdated` datetime NOT NULL,
  `uid` char(36) COLLATE utf8_unicode_ci NOT NULL DEFAULT '0',
  PRIMARY KEY (`id`),
  UNIQUE KEY `craft_elementindexsettings_type_unq_idx` (`type`)
) ENGINE=InnoDB DEFAULT CHARSET=utf8 COLLATE=utf8_unicode_ci;

DROP TABLE IF EXISTS `craft_elements`;


--
-- Schema for table `craft_elements`
--
CREATE TABLE `craft_elements` (
  `id` int(11) NOT NULL AUTO_INCREMENT,
  `type` varchar(150) COLLATE utf8_unicode_ci NOT NULL,
  `enabled` tinyint(1) unsigned NOT NULL DEFAULT '1',
  `archived` tinyint(1) unsigned NOT NULL DEFAULT '0',
  `dateCreated` datetime NOT NULL,
  `dateUpdated` datetime NOT NULL,
  `uid` char(36) COLLATE utf8_unicode_ci NOT NULL DEFAULT '0',
  PRIMARY KEY (`id`),
  KEY `craft_elements_type_idx` (`type`),
  KEY `craft_elements_enabled_idx` (`enabled`),
  KEY `craft_elements_archived_dateCreated_idx` (`archived`,`dateCreated`)
) ENGINE=InnoDB AUTO_INCREMENT=61 DEFAULT CHARSET=utf8 COLLATE=utf8_unicode_ci;

--
-- Data for table `craft_elements`
--

INSERT INTO `craft_elements` (`id`, `type`, `enabled`, `archived`, `dateCreated`, `dateUpdated`, `uid`) VALUES
 ('1', 'User', '1', '0', '2016-03-12 17:48:25', '2016-03-12 17:48:25', '0c586a4e-b86c-4815-9da0-f5412974ec4f'),
 ('2', 'Entry', '1', '0', '2016-03-12 17:48:26', '2016-04-21 04:23:27', '1341f04b-df68-4320-bdad-ca3d65c8cb34'),
 ('4', 'GlobalSet', '1', '0', '2016-03-12 18:38:45', '2016-03-12 18:41:27', 'aa26c87f-49ee-4783-a525-9522a9292840'),
 ('5', 'Entry', '1', '0', '2016-03-15 03:20:28', '2016-03-15 03:20:28', 'a84dd598-fed3-4b58-b4db-4f7f36cf8555'),
 ('6', 'Entry', '1', '0', '2016-03-15 03:20:39', '2016-03-15 03:20:39', '5fb65cfa-e982-4a8f-b8c6-67de7654c816'),
 ('7', 'Entry', '1', '0', '2016-03-15 03:20:46', '2016-03-15 03:20:46', 'f6640073-a0d9-4716-95d8-137be9a5e47a'),
 ('8', 'Asset', '1', '0', '2016-03-16 02:12:29', '2016-04-21 04:00:19', 'a4e79868-b482-49e5-b0fe-df66f622abf4'),
 ('9', 'Asset', '1', '0', '2016-03-16 02:12:39', '2016-04-21 04:00:19', '96f16664-69ec-4c10-ab12-abdbdea1fcb6'),
 ('10', 'Asset', '1', '0', '2016-03-16 02:12:40', '2016-04-21 04:00:19', '36f3541f-cf0d-40a9-91d1-a5a73e01c298'),
 ('11', 'Asset', '1', '0', '2016-03-16 02:13:04', '2016-04-21 04:00:21', 'f9e9b0ae-a73b-4326-90d7-3c80f855c12f'),
 ('12', 'Asset', '1', '0', '2016-03-16 02:13:24', '2016-04-21 04:00:21', '6dcb356e-fb8e-460c-a929-01f26ca4fdb9'),
 ('14', 'Asset', '1', '0', '2016-03-16 02:20:17', '2016-04-21 04:00:19', 'a9795efb-da2f-4b60-9bbe-a359e7d7c340'),
 ('15', 'MatrixBlock', '1', '0', '2016-03-16 02:47:49', '2016-04-21 04:23:27', 'e6cae235-ce93-4650-bd07-102f01f99a68'),
 ('16', 'Entry', '1', '0', '2016-03-16 03:46:42', '2016-03-24 03:49:46', '626cbdc7-cd27-4b9d-af36-c11c0c5dc052'),
 ('17', 'Entry', '1', '0', '2016-03-16 03:48:00', '2016-03-16 03:48:00', '8e7d91fe-ba13-42c3-8cdf-0fcb654f178e'),
 ('18', 'MatrixBlock', '1', '0', '2016-03-16 04:17:39', '2016-04-21 04:23:27', '280bc2ad-ac48-4c48-b422-a69d4c2d4855'),
 ('19', 'Asset', '1', '0', '2016-03-16 04:32:11', '2016-04-21 04:00:18', '48434c84-b25d-44cc-b511-1f787e14612b'),
 ('20', 'GlobalSet', '1', '0', '2016-03-17 02:25:29', '2016-04-21 04:26:31', '00084d25-d934-4c1f-94ef-47b63f67003f'),
 ('21', 'MatrixBlock', '1', '0', '2016-03-24 02:37:17', '2016-03-24 03:49:46', '992115a4-d100-4fc8-9c99-f6dadf437cf0'),
 ('22', 'MatrixBlock', '1', '0', '2016-03-24 02:37:17', '2016-03-24 03:49:46', 'c7d19559-9106-429e-8542-642d24f11b99'),
 ('23', 'MatrixBlock', '1', '0', '2016-03-24 02:37:17', '2016-03-24 03:49:46', 'bdc32d8f-6a99-457f-9d37-785448de62eb'),
 ('24', 'Entry', '1', '0', '2016-03-24 04:22:43', '2016-03-26 22:45:32', 'eb728ec9-4346-4ed7-bc03-402295178394'),
 ('25', 'MatrixBlock', '1', '0', '2016-03-24 04:22:43', '2016-03-26 22:45:32', '63f680bb-07c3-473e-96b1-f33ff56d3e0c'),
 ('27', 'Entry', '1', '0', '2016-03-25 02:46:04', '2016-04-21 04:24:56', 'a0ce6aee-6327-49b1-a2be-37ec5174bb98'),
 ('28', 'MatrixBlock', '1', '0', '2016-03-25 02:46:04', '2016-04-21 04:24:56', 'c4ebee9c-e512-4c95-a62c-2ded723fdb99'),
 ('29', 'MatrixBlock', '1', '0', '2016-03-25 02:46:04', '2016-04-21 04:24:56', 'a2d94ca6-1c7f-424e-8295-f41ff265255b'),
 ('30', 'MatrixBlock', '1', '0', '2016-03-25 02:46:04', '2016-04-21 04:24:56', '1b7266f5-bf46-4d61-9c2d-8ba23f970ad1'),
 ('31', 'MatrixBlock', '1', '0', '2016-03-25 02:46:04', '2016-04-21 04:24:56', '50a97550-3ccc-40d5-ad27-ce3ad6cb3efd'),
 ('32', 'Entry', '1', '0', '2016-03-25 04:21:55', '2016-04-21 04:42:48', '39c636b7-5724-4910-9856-fe2077be8f9d'),
 ('33', 'Entry', '1', '0', '2016-03-25 04:22:10', '2016-04-21 04:40:43', '8300499d-2600-468b-aec2-a15298769be5'),
 ('34', 'Entry', '1', '0', '2016-03-26 22:44:34', '2016-04-21 04:35:34', '59b6d150-9400-41c8-9529-f478305181b4'),
 ('35', 'MatrixBlock', '1', '0', '2016-03-26 22:44:34', '2016-04-21 04:35:34', '181667a2-9a41-4c3d-92ce-2bc4cc0cf4e5'),
 ('36', 'Asset', '1', '0', '2016-04-21 04:00:20', '2016-04-21 04:00:20', '5a00ed6e-d5cc-49ee-8099-42693361e8bb'),
 ('37', 'Asset', '1', '0', '2016-04-21 04:00:20', '2016-04-21 04:00:20', '1dd1484b-5be3-47c6-8cb2-965f45a29c34'),
 ('38', 'Asset', '1', '0', '2016-04-21 04:00:20', '2016-04-21 04:00:20', '324dc4ab-f492-4243-be9b-d8ea23aa1e43'),
 ('39', 'Asset', '1', '0', '2016-04-21 04:00:20', '2016-04-21 04:00:20', '2ea57d1c-d368-4911-890b-e25ba51d7822'),
 ('40', 'Asset', '1', '0', '2016-04-21 04:00:20', '2016-04-21 04:00:20', '9074c197-0a09-4ff9-84a3-a5c7c7c3e909'),
 ('41', 'Asset', '1', '0', '2016-04-21 04:00:20', '2016-04-21 04:00:20', '8c75f797-e69e-487c-b2c2-c9666ec0b9aa'),
 ('42', 'Asset', '1', '0', '2016-04-21 04:00:21', '2016-04-21 04:00:21', '4aee133e-8d5d-4686-8187-85e6a61b5b45'),
 ('43', 'Asset', '1', '0', '2016-04-21 04:00:21', '2016-04-21 04:00:21', '69ee4880-4104-45bb-b4a9-baead381dc46'),
 ('44', 'Asset', '1', '0', '2016-04-21 04:00:21', '2016-04-21 04:00:21', '8becd3a2-5249-44f3-a540-0af80b74fb49'),
 ('45', 'Asset', '1', '0', '2016-04-21 04:00:21', '2016-04-21 04:00:21', '58b8ce57-5d9d-4a35-96c7-8259deefc4f2'),
 ('46', 'Asset', '1', '0', '2016-04-21 04:00:22', '2016-04-21 04:00:22', 'd8f5a3f0-b2f6-4a83-802b-4fd1b7faeeee'),
 ('47', 'Asset', '1', '0', '2016-04-21 04:00:22', '2016-04-21 04:00:22', '3b2fde87-4a6b-4fc6-91b0-7b825a16f71a'),
 ('48', 'Asset', '1', '0', '2016-04-21 04:00:22', '2016-04-21 04:00:22', 'db7e4dd8-f04a-45a9-8179-8e2d2bef4b55'),
 ('49', 'Asset', '1', '0', '2016-04-21 04:00:22', '2016-04-21 04:00:22', '1dc9aebb-227c-4a30-bf1a-7df8b20fff16'),
 ('50', 'Asset', '1', '0', '2016-04-21 04:00:22', '2016-04-21 04:00:22', '8e7b7f09-7120-4677-81d4-8d97ac1dfbf7'),
 ('51', 'Entry', '1', '0', '2016-04-21 04:17:47', '2016-04-21 04:37:00', '5e2d7717-631a-4d91-8149-b5391c0c4d74'),
 ('52', 'MatrixBlock', '1', '0', '2016-04-21 04:20:31', '2016-04-21 04:23:27', '13ad35fe-0eff-4429-8fb1-45761843efe7'),
 ('53', 'MatrixBlock', '1', '0', '2016-04-21 04:20:31', '2016-04-21 04:23:27', '4b30dbab-ca65-48c6-8520-3c4b15df8f74'),
 ('54', 'MatrixBlock', '1', '0', '2016-04-21 04:35:34', '2016-04-21 04:35:34', '505ec1e4-b863-417a-b0c9-9a39dca46ebb'),
 ('55', 'MatrixBlock', '1', '0', '2016-04-21 04:39:51', '2016-04-21 04:40:43', 'fdd4d0e6-6fa2-4454-bb1f-2c3cb4a85f3e'),
 ('56', 'MatrixBlock', '1', '0', '2016-04-21 04:39:51', '2016-04-21 04:40:43', '913ebf27-9b5e-432c-9495-f18f446e81c2'),
 ('57', 'MatrixBlock', '1', '0', '2016-04-21 04:39:51', '2016-04-21 04:40:43', '07870b29-7af9-4d41-81a4-e45e8556255e'),
 ('58', 'MatrixBlock', '1', '0', '2016-04-21 04:39:51', '2016-04-21 04:40:43', 'a8b92a38-1fae-4029-8172-5bdb831a7010'),
 ('59', 'MatrixBlock', '1', '0', '2016-04-21 04:41:43', '2016-04-21 04:42:48', '850bac32-2710-4b2d-b434-2b82275d66e1'),
 ('60', 'MatrixBlock', '1', '0', '2016-04-21 04:42:25', '2016-04-21 04:42:48', '56542519-81e4-4377-8d40-c855b0e5fdb1');



DROP TABLE IF EXISTS `craft_elements_i18n`;


--
-- Schema for table `craft_elements_i18n`
--
CREATE TABLE `craft_elements_i18n` (
  `id` int(11) NOT NULL AUTO_INCREMENT,
  `elementId` int(11) NOT NULL,
  `locale` char(12) COLLATE utf8_unicode_ci NOT NULL,
  `slug` varchar(255) COLLATE utf8_unicode_ci DEFAULT NULL,
  `uri` varchar(255) COLLATE utf8_unicode_ci DEFAULT NULL,
  `enabled` tinyint(1) unsigned NOT NULL DEFAULT '1',
  `dateCreated` datetime NOT NULL,
  `dateUpdated` datetime NOT NULL,
  `uid` char(36) COLLATE utf8_unicode_ci NOT NULL DEFAULT '0',
  PRIMARY KEY (`id`),
  UNIQUE KEY `craft_elements_i18n_elementId_locale_unq_idx` (`elementId`,`locale`),
  UNIQUE KEY `craft_elements_i18n_uri_locale_unq_idx` (`uri`,`locale`),
  KEY `craft_elements_i18n_slug_locale_idx` (`slug`,`locale`),
  KEY `craft_elements_i18n_enabled_idx` (`enabled`),
  KEY `craft_elements_i18n_locale_fk` (`locale`)
) ENGINE=InnoDB AUTO_INCREMENT=61 DEFAULT CHARSET=utf8 COLLATE=utf8_unicode_ci;

--
-- Data for table `craft_elements_i18n`
--

INSERT INTO `craft_elements_i18n` (`id`, `elementId`, `locale`, `slug`, `uri`, `enabled`, `dateCreated`, `dateUpdated`, `uid`) VALUES
 ('1', '1', 'en_us', '', NULL, '1', '2016-03-12 17:48:25', '2016-03-12 17:48:25', '33b166ff-7112-4fe0-a7f4-1d38c6202d38'),
 ('2', '2', 'en_us', 'homepage', '__home__', '1', '2016-03-12 17:48:26', '2016-04-21 04:23:27', '5c891483-bc88-4c1b-93ba-9ea1f045d35c'),
 ('4', '4', 'en_us', '', NULL, '1', '2016-03-12 18:38:45', '2016-03-12 18:41:27', 'debebb30-cc31-48da-b040-42a597f15458'),
 ('5', '5', 'en_us', 'about-us', 'about-us', '1', '2016-03-15 03:20:29', '2016-03-25 02:54:39', '536a0587-f8ed-472e-a952-895e747e97aa'),
 ('6', '6', 'en_us', 'programs', 'programs', '1', '2016-03-15 03:20:39', '2016-03-15 03:20:40', '065701ad-d6a4-404e-9587-0611da52e20a'),
 ('7', '7', 'en_us', 'locations', 'locations', '1', '2016-03-15 03:20:46', '2016-03-15 03:20:46', 'b7b252dd-b037-4e22-aea0-5e3a9e08a6e7'),
 ('8', '8', 'en_us', 'bjj-bg-2x', NULL, '1', '2016-03-16 02:12:29', '2016-04-21 04:00:19', 'b4e35bbc-6824-4787-885c-58a8dc47221b'),
 ('9', '9', 'en_us', 'contact-bg-2x', NULL, '1', '2016-03-16 02:12:39', '2016-04-21 04:00:19', '9b9f6a85-69aa-47b0-a041-18168286d36f'),
 ('10', '10', 'en_us', 'hero-2x', NULL, '1', '2016-03-16 02:12:40', '2016-04-21 04:00:19', 'e954f640-16f5-4131-a33b-c3ded554f05a'),
 ('11', '11', 'en_us', 'location-bg-2x', NULL, '1', '2016-03-16 02:13:04', '2016-04-21 04:00:21', 'e694334f-bd56-4a94-9d1b-d4d11d9984c1'),
 ('12', '12', 'en_us', 'logo-watermark', NULL, '1', '2016-03-16 02:13:24', '2016-04-21 04:00:21', '8c6bd8c2-e9b6-4170-a836-36138777276f'),
 ('14', '14', 'en_us', 'approach-bg-2x', NULL, '1', '2016-03-16 02:20:17', '2016-04-21 04:00:19', '3b3ad8b1-58b5-41ac-8f84-cf928a10e2b0'),
 ('15', '15', 'en_us', '', NULL, '1', '2016-03-16 02:47:49', '2016-04-21 04:23:27', '0a420076-5bb0-4f6b-a482-5f2062af73db'),
 ('16', '16', 'en_us', 'dragons', 'programs/dragons', '1', '2016-03-16 03:46:42', '2016-03-24 03:49:46', 'c22368c4-857d-4969-8911-bd4aed046dcb'),
 ('17', '17', 'en_us', 'juniors', 'programs/juniors', '1', '2016-03-16 03:48:00', '2016-03-16 03:48:02', 'b12753c1-d80c-4a95-9828-6fdfdb265b21'),
 ('18', '18', 'en_us', '', NULL, '1', '2016-03-16 04:17:39', '2016-04-21 04:23:27', '614c90e6-461c-4871-b3db-125082a1122b'),
 ('19', '19', 'en_us', 'approach-bg-2x-test', NULL, '1', '2016-03-16 04:32:11', '2016-04-21 04:00:18', 'eb7d55bd-bb31-4568-837f-8e1a9d82063a'),
 ('20', '20', 'en_us', '', NULL, '1', '2016-03-17 02:25:29', '2016-04-21 04:26:31', 'bcd81b6e-48c0-44d5-8b10-63e8dfdd0e0a'),
 ('21', '21', 'en_us', '', NULL, '1', '2016-03-24 02:37:17', '2016-03-24 03:49:46', 'c21c09d9-6d18-4c46-a031-b718c947dfbe'),
 ('22', '22', 'en_us', '', NULL, '1', '2016-03-24 02:37:17', '2016-03-24 03:49:46', 'ddb8e2d4-14ad-4042-a0d6-8b38744ce532'),
 ('23', '23', 'en_us', '', NULL, '1', '2016-03-24 02:37:17', '2016-03-24 03:49:46', '73fe44d7-2a10-4c15-81e1-f8ed613d9489'),
 ('24', '24', 'en_us', 'north-dallas', 'locations/north-dallas', '1', '2016-03-24 04:22:43', '2016-03-26 22:45:32', '971a349b-3803-4032-8730-c4249ed9600d'),
 ('25', '25', 'en_us', '', NULL, '1', '2016-03-24 04:22:43', '2016-03-26 22:45:32', 'e3f3132e-4dea-49e7-931e-9a300aee55dc'),
 ('27', '27', 'en_us', 'staff', 'about-us/staff', '1', '2016-03-25 02:46:04', '2016-04-21 04:24:56', '633d37dc-7098-4d29-8261-dd5c88c09122'),
 ('28', '28', 'en_us', '', NULL, '1', '2016-03-25 02:46:04', '2016-04-21 04:24:56', 'bc1170b2-da5e-4217-b507-97c59033a5fb'),
 ('29', '29', 'en_us', '', NULL, '1', '2016-03-25 02:46:04', '2016-04-21 04:24:56', '00df18f6-fed5-42e1-af69-cc810f851e0f'),
 ('30', '30', 'en_us', '', NULL, '1', '2016-03-25 02:46:04', '2016-04-21 04:24:56', '553bf250-6ba4-4bcf-bb77-8051cb902370'),
 ('31', '31', 'en_us', '', NULL, '1', '2016-03-25 02:46:04', '2016-04-21 04:24:56', 'c7d2f88e-d088-4c75-82d5-eeed1183b33e'),
 ('32', '32', 'en_us', 'contact-us', 'contact-us', '1', '2016-03-25 04:21:55', '2016-04-21 04:42:48', 'b49f6d93-4351-44fe-a7a7-39510b407d6b'),
 ('33', '33', 'en_us', 'specials', 'specials', '1', '2016-03-25 04:22:10', '2016-04-21 04:40:43', '8ea558e1-58a6-4ba2-826d-284d623e7da5'),
 ('34', '34', 'en_us', 'dallas', 'locations/dallas', '1', '2016-03-26 22:44:34', '2016-04-21 04:35:34', '37195870-1b74-4106-99c9-e7d7703999e8'),
 ('35', '35', 'en_us', '', NULL, '1', '2016-03-26 22:44:34', '2016-04-21 04:35:34', '97df66c2-6064-4207-93f4-154f2c56b0e0'),
 ('36', '36', 'en_us', 'image-hero-about-2x', NULL, '1', '2016-04-21 04:00:20', '2016-04-21 04:00:20', 'b172c913-ef61-4933-99d1-86562c117df9'),
 ('37', '37', 'en_us', 'image-hero-contact-2x', NULL, '1', '2016-04-21 04:00:20', '2016-04-21 04:00:20', 'd8f24be7-5dd1-4af4-8ce3-7af54af9765e'),
 ('38', '38', 'en_us', 'image-hero-location2-2x', NULL, '1', '2016-04-21 04:00:20', '2016-04-21 04:00:20', '6f85f560-f868-4428-906f-5a0e2480888a'),
 ('39', '39', 'en_us', 'image-hero-location-2x', NULL, '1', '2016-04-21 04:00:20', '2016-04-21 04:00:20', '58902d37-7a61-43a0-93f5-218933bdebf2'),
 ('40', '40', 'en_us', 'image-hero-muy-2x', NULL, '1', '2016-04-21 04:00:20', '2016-04-21 04:00:20', 'f18fed14-99f0-492a-bd06-5cd3d2322f73'),
 ('41', '41', 'en_us', 'image-hero-staff-2x', NULL, '1', '2016-04-21 04:00:20', '2016-04-21 04:00:20', '9e89b995-1fc6-4a5f-86e4-8e663d96ce1e'),
 ('42', '42', 'en_us', 'logo-fpma', NULL, '1', '2016-04-21 04:00:21', '2016-04-21 04:00:21', '5efde5ff-a2a8-4fef-8c38-b4d5d3eb36ad'),
 ('43', '43', 'en_us', 'staff-1-2x', NULL, '1', '2016-04-21 04:00:21', '2016-04-21 04:00:21', '31afbe23-de1f-41d9-9405-b09dca8ea378'),
 ('44', '44', 'en_us', 'staff-4-2x', NULL, '1', '2016-04-21 04:00:21', '2016-04-21 04:00:21', '3fd1fa3c-32d8-4683-8fcf-1ae50bb68de9'),
 ('45', '45', 'en_us', 'staff-2-2x', NULL, '1', '2016-04-21 04:00:21', '2016-04-21 04:00:21', '18930c8f-6bd4-4a8f-a513-1c71a5079587'),
 ('46', '46', 'en_us', 'staff-3-2x', NULL, '1', '2016-04-21 04:00:22', '2016-04-21 04:00:22', '17130f84-a770-4058-8a04-5131cfcca323'),
 ('47', '47', 'en_us', 'staff-5-2x', NULL, '1', '2016-04-21 04:00:22', '2016-04-21 04:00:22', '279b45ac-790b-4b5b-965e-464b770a9ded'),
 ('48', '48', 'en_us', 'staff-6-2x', NULL, '1', '2016-04-21 04:00:22', '2016-04-21 04:00:22', '32de1c93-af80-4f21-bfbd-675a37da42ea'),
 ('49', '49', 'en_us', 'staff-7-2x', NULL, '1', '2016-04-21 04:00:22', '2016-04-21 04:00:22', '68bea6c0-415b-4693-83d3-69b7ce4f3fa1'),
 ('50', '50', 'en_us', 'staff-8-2x', NULL, '1', '2016-04-21 04:00:22', '2016-04-21 04:00:22', 'a7baabe2-8d95-46c8-a984-67bda7c6c2ad'),
 ('51', '51', 'en_us', 'k2-assent', 'events/k2-assent', '1', '2016-04-21 04:17:47', '2016-04-21 04:37:00', '2370634f-8bac-4762-93fc-00575fabca91'),
 ('52', '52', 'en_us', '', NULL, '1', '2016-04-21 04:20:31', '2016-04-21 04:23:27', 'bd6c139c-8d1f-4c14-9f60-5dc17a9e55ed'),
 ('53', '53', 'en_us', '', NULL, '1', '2016-04-21 04:20:31', '2016-04-21 04:23:27', 'fc4b1fd2-e90b-488a-89fd-22f2167f52c7'),
 ('54', '54', 'en_us', '', NULL, '1', '2016-04-21 04:35:34', '2016-04-21 04:35:34', '7b51b0d2-6c51-440e-bc37-24731161533e'),
 ('55', '55', 'en_us', '', NULL, '1', '2016-04-21 04:39:51', '2016-04-21 04:40:43', '3ff2be24-1274-4984-af19-fed9f76c85a8'),
 ('56', '56', 'en_us', '', NULL, '1', '2016-04-21 04:39:51', '2016-04-21 04:40:43', 'f34be426-ab9d-41b6-968a-40df14d59d5b'),
 ('57', '57', 'en_us', '', NULL, '1', '2016-04-21 04:39:51', '2016-04-21 04:40:43', 'c6abf87f-81b3-4a1c-833a-25eb15f6fdec'),
 ('58', '58', 'en_us', '', NULL, '1', '2016-04-21 04:39:51', '2016-04-21 04:40:43', 'ca58b9a9-ea58-49f6-aeb0-5276adcf34d1'),
 ('59', '59', 'en_us', '', NULL, '1', '2016-04-21 04:41:43', '2016-04-21 04:42:48', '664217b6-8a13-4e99-a575-3eae037e9969'),
 ('60', '60', 'en_us', '', NULL, '1', '2016-04-21 04:42:25', '2016-04-21 04:42:48', 'e0c1d5be-8058-43a6-ad32-9ca08062e5fc');



DROP TABLE IF EXISTS `craft_emailmessages`;


--
-- Schema for table `craft_emailmessages`
--
CREATE TABLE `craft_emailmessages` (
  `id` int(11) NOT NULL AUTO_INCREMENT,
  `key` char(150) COLLATE utf8_unicode_ci NOT NULL,
  `locale` char(12) COLLATE utf8_unicode_ci NOT NULL,
  `subject` varchar(1000) COLLATE utf8_unicode_ci NOT NULL,
  `body` text COLLATE utf8_unicode_ci NOT NULL,
  `dateCreated` datetime NOT NULL,
  `dateUpdated` datetime NOT NULL,
  `uid` char(36) COLLATE utf8_unicode_ci NOT NULL DEFAULT '0',
  PRIMARY KEY (`id`),
  UNIQUE KEY `craft_emailmessages_key_locale_unq_idx` (`key`,`locale`),
  KEY `craft_emailmessages_locale_fk` (`locale`)
) ENGINE=InnoDB DEFAULT CHARSET=utf8 COLLATE=utf8_unicode_ci;

DROP TABLE IF EXISTS `craft_entries`;


--
-- Schema for table `craft_entries`
--
CREATE TABLE `craft_entries` (
  `id` int(11) NOT NULL,
  `sectionId` int(11) NOT NULL,
  `typeId` int(11) DEFAULT NULL,
  `authorId` int(11) DEFAULT NULL,
  `postDate` datetime DEFAULT NULL,
  `expiryDate` datetime DEFAULT NULL,
  `dateCreated` datetime NOT NULL,
  `dateUpdated` datetime NOT NULL,
  `uid` char(36) COLLATE utf8_unicode_ci NOT NULL DEFAULT '0',
  PRIMARY KEY (`id`),
  KEY `craft_entries_sectionId_idx` (`sectionId`),
  KEY `craft_entries_typeId_idx` (`typeId`),
  KEY `craft_entries_postDate_idx` (`postDate`),
  KEY `craft_entries_expiryDate_idx` (`expiryDate`),
  KEY `craft_entries_authorId_fk` (`authorId`)
) ENGINE=InnoDB DEFAULT CHARSET=utf8 COLLATE=utf8_unicode_ci;

--
-- Data for table `craft_entries`
--

INSERT INTO `craft_entries` (`id`, `sectionId`, `typeId`, `authorId`, `postDate`, `expiryDate`, `dateCreated`, `dateUpdated`, `uid`) VALUES
 ('2', '1', NULL, NULL, '2016-03-12 17:48:26', NULL, '2016-03-12 17:48:26', '2016-04-21 04:23:27', 'b41c35eb-7939-4e8d-997f-62e39302e856'),
 ('5', '3', '3', '1', '2016-03-15 03:20:28', NULL, '2016-03-15 03:20:29', '2016-03-15 03:20:29', '0fb15a09-c55a-416c-abaf-ddbe8e79478a'),
 ('6', '3', '3', '1', '2016-03-15 03:20:39', NULL, '2016-03-15 03:20:39', '2016-03-15 03:20:39', '01a0804f-7838-48f2-94d2-0f31a136b47a'),
 ('7', '3', '3', '1', '2016-03-15 03:20:46', NULL, '2016-03-15 03:20:46', '2016-03-15 03:20:46', '94f68a94-4232-45c1-8035-1576d750e7fc'),
 ('16', '3', '4', '1', '2016-03-16 03:46:00', NULL, '2016-03-16 03:46:42', '2016-03-24 03:49:46', '8dcbdcb8-1418-4ee0-b6e9-7e1f64480c28'),
 ('17', '3', '4', '1', '2016-03-16 03:48:00', NULL, '2016-03-16 03:48:00', '2016-03-16 03:48:00', 'a8713436-1b91-4be7-9e2c-91b1f272745b'),
 ('24', '3', '3', '1', '2016-03-15 03:20:00', NULL, '2016-03-24 04:22:43', '2016-03-26 22:45:32', '1f27118d-b121-4a9d-aaba-a45cb3a4c90b'),
 ('27', '3', '3', '1', '2016-03-25 02:46:00', NULL, '2016-03-25 02:46:04', '2016-04-21 04:24:56', '5d84d65c-de8d-467d-9b69-360d9f281490'),
 ('32', '3', '3', '1', '2016-03-25 04:21:00', NULL, '2016-03-25 04:21:55', '2016-04-21 04:42:48', '564c6e1e-fc3a-47ca-a638-dfc9abea20cb'),
 ('33', '3', '3', '1', '2016-03-25 04:22:00', NULL, '2016-03-25 04:22:10', '2016-04-21 04:40:43', 'c8108364-b599-4fbe-8c32-2c7f0d3e7022'),
 ('34', '3', '3', '1', '2016-03-26 22:44:00', NULL, '2016-03-26 22:44:34', '2016-04-21 04:35:34', '81fd2d27-c81d-4375-a9e6-85ea4ee1be28'),
 ('51', '4', '5', '1', '2016-04-21 04:17:00', NULL, '2016-04-21 04:17:50', '2016-04-21 04:37:03', '60ea8aec-657b-41d8-87b9-4a31481d66f4');



DROP TABLE IF EXISTS `craft_entrydrafts`;


--
-- Schema for table `craft_entrydrafts`
--
CREATE TABLE `craft_entrydrafts` (
  `id` int(11) NOT NULL AUTO_INCREMENT,
  `entryId` int(11) NOT NULL,
  `sectionId` int(11) NOT NULL,
  `creatorId` int(11) NOT NULL,
  `locale` char(12) COLLATE utf8_unicode_ci NOT NULL,
  `name` varchar(255) COLLATE utf8_unicode_ci NOT NULL,
  `notes` tinytext COLLATE utf8_unicode_ci,
  `data` mediumtext COLLATE utf8_unicode_ci NOT NULL,
  `dateCreated` datetime NOT NULL,
  `dateUpdated` datetime NOT NULL,
  `uid` char(36) COLLATE utf8_unicode_ci NOT NULL DEFAULT '0',
  PRIMARY KEY (`id`),
  KEY `craft_entrydrafts_entryId_locale_idx` (`entryId`,`locale`),
  KEY `craft_entrydrafts_sectionId_fk` (`sectionId`),
  KEY `craft_entrydrafts_creatorId_fk` (`creatorId`),
  KEY `craft_entrydrafts_locale_fk` (`locale`)
) ENGINE=InnoDB DEFAULT CHARSET=utf8 COLLATE=utf8_unicode_ci;

DROP TABLE IF EXISTS `craft_entrytypes`;


--
-- Schema for table `craft_entrytypes`
--
CREATE TABLE `craft_entrytypes` (
  `id` int(11) NOT NULL AUTO_INCREMENT,
  `sectionId` int(11) NOT NULL,
  `fieldLayoutId` int(11) DEFAULT NULL,
  `name` varchar(255) COLLATE utf8_unicode_ci NOT NULL,
  `handle` varchar(255) COLLATE utf8_unicode_ci NOT NULL,
  `hasTitleField` tinyint(1) unsigned NOT NULL DEFAULT '1',
  `titleLabel` varchar(255) COLLATE utf8_unicode_ci DEFAULT 'Title',
  `titleFormat` varchar(255) COLLATE utf8_unicode_ci DEFAULT NULL,
  `sortOrder` smallint(6) unsigned DEFAULT NULL,
  `dateCreated` datetime NOT NULL,
  `dateUpdated` datetime NOT NULL,
  `uid` char(36) COLLATE utf8_unicode_ci NOT NULL DEFAULT '0',
  PRIMARY KEY (`id`),
  UNIQUE KEY `craft_entrytypes_name_sectionId_unq_idx` (`name`,`sectionId`),
  UNIQUE KEY `craft_entrytypes_handle_sectionId_unq_idx` (`handle`,`sectionId`),
  KEY `craft_entrytypes_sectionId_fk` (`sectionId`),
  KEY `craft_entrytypes_fieldLayoutId_fk` (`fieldLayoutId`)
) ENGINE=InnoDB AUTO_INCREMENT=6 DEFAULT CHARSET=utf8 COLLATE=utf8_unicode_ci;

--
-- Data for table `craft_entrytypes`
--

INSERT INTO `craft_entrytypes` (`id`, `sectionId`, `fieldLayoutId`, `name`, `handle`, `hasTitleField`, `titleLabel`, `titleFormat`, `sortOrder`, `dateCreated`, `dateUpdated`, `uid`) VALUES
 ('1', '1', '11', 'Homepage', 'homepage', '1', 'Title', NULL, NULL, '2016-03-12 17:48:26', '2016-03-12 19:00:02', '3b8cf5e7-a9f3-492c-9dba-e73d995567ae'),
 ('2', '2', '5', 'News', 'news', '1', 'Title', NULL, NULL, '2016-03-12 17:48:26', '2016-03-12 17:48:26', '0baada6a-3c0b-4867-a06c-05c23656ace0'),
 ('3', '3', '17', 'Pages', 'pages', '1', 'Title', NULL, NULL, '2016-03-12 18:44:34', '2016-03-16 03:30:15', 'ca1e3e86-607f-4af3-9c99-201ae06249b8'),
 ('4', '3', '18', 'Program', 'program', '1', 'Title', NULL, NULL, '2016-03-16 03:30:47', '2016-03-16 03:30:47', 'de0f4687-1774-4d28-836d-dc4a4ce937fb'),
 ('5', '4', '103', 'Events', 'events', '1', 'Title', NULL, NULL, '2016-04-21 04:12:15', '2016-04-21 04:12:59', '1997fa32-a0d2-4141-ab8f-65a37cc2dd5c');



DROP TABLE IF EXISTS `craft_entryversions`;


--
-- Schema for table `craft_entryversions`
--
CREATE TABLE `craft_entryversions` (
  `id` int(11) NOT NULL AUTO_INCREMENT,
  `entryId` int(11) NOT NULL,
  `sectionId` int(11) NOT NULL,
  `creatorId` int(11) DEFAULT NULL,
  `locale` char(12) COLLATE utf8_unicode_ci NOT NULL,
  `num` smallint(6) unsigned NOT NULL,
  `notes` tinytext COLLATE utf8_unicode_ci,
  `data` mediumtext COLLATE utf8_unicode_ci NOT NULL,
  `dateCreated` datetime NOT NULL,
  `dateUpdated` datetime NOT NULL,
  `uid` char(36) COLLATE utf8_unicode_ci NOT NULL DEFAULT '0',
  PRIMARY KEY (`id`),
  KEY `craft_entryversions_entryId_locale_idx` (`entryId`,`locale`),
  KEY `craft_entryversions_sectionId_fk` (`sectionId`),
  KEY `craft_entryversions_creatorId_fk` (`creatorId`),
  KEY `craft_entryversions_locale_fk` (`locale`)
) ENGINE=InnoDB AUTO_INCREMENT=45 DEFAULT CHARSET=utf8 COLLATE=utf8_unicode_ci;

--
-- Data for table `craft_entryversions`
--

INSERT INTO `craft_entryversions` (`id`, `entryId`, `sectionId`, `creatorId`, `locale`, `num`, `notes`, `data`, `dateCreated`, `dateUpdated`, `uid`) VALUES
 ('1', '2', '1', '1', 'en_us', '1', NULL, '{\"typeId\":\"1\",\"authorId\":null,\"title\":\"Homepage\",\"slug\":\"homepage\",\"postDate\":1457804906,\"expiryDate\":null,\"enabled\":1,\"parentId\":null,\"fields\":[]}', '2016-03-12 17:48:26', '2016-03-12 17:48:26', '3d9e22da-1527-4344-9a6d-c1ac4e280dd7'),
 ('2', '2', '1', '1', 'en_us', '2', NULL, '{\"typeId\":null,\"authorId\":null,\"title\":\"Welcome to Localhost!\",\"slug\":\"homepage\",\"postDate\":1457804906,\"expiryDate\":null,\"enabled\":\"1\",\"parentId\":null,\"fields\":{\"1\":\"<p>It\\u2019s true, this site doesn\\u2019t have a whole lot of content yet, but don\\u2019t worry. Our web developers have just installed the CMS, and they\\u2019re setting things up for the content editors this very moment. Soon Localhost will be an oasis of fresh perspectives, sharp analyses, and astute opinions that will keep you coming back again and again.<\\/p>\"}}', '2016-03-12 17:48:26', '2016-03-12 17:48:26', '9c6f5254-2445-4143-a11c-e2c72e70e797'),
 ('4', '5', '3', '1', 'en_us', '1', '', '{\"typeId\":null,\"authorId\":\"1\",\"title\":\"About Us\",\"slug\":\"about-us\",\"postDate\":1458012028,\"expiryDate\":null,\"enabled\":1,\"parentId\":\"\",\"fields\":[]}', '2016-03-15 03:20:29', '2016-03-15 03:20:29', 'd1f4746f-f809-46b9-bced-d6f5f12c0ace'),
 ('5', '6', '3', '1', 'en_us', '1', '', '{\"typeId\":null,\"authorId\":\"1\",\"title\":\"Programs\",\"slug\":\"programs\",\"postDate\":1458012039,\"expiryDate\":null,\"enabled\":1,\"parentId\":\"\",\"fields\":[]}', '2016-03-15 03:20:39', '2016-03-15 03:20:39', '3e90148a-16bb-46f3-b883-20ae91a0d1c5'),
 ('6', '7', '3', '1', 'en_us', '1', '', '{\"typeId\":null,\"authorId\":\"1\",\"title\":\"Locations\",\"slug\":\"locations\",\"postDate\":1458012046,\"expiryDate\":null,\"enabled\":1,\"parentId\":\"\",\"fields\":[]}', '2016-03-15 03:20:46', '2016-03-15 03:20:46', 'd069d529-117a-4593-853c-16e0e33ecdd5'),
 ('7', '2', '1', '1', 'en_us', '3', '', '{\"typeId\":null,\"authorId\":null,\"title\":\"Home\",\"slug\":\"homepage\",\"postDate\":1457804906,\"expiryDate\":null,\"enabled\":1,\"parentId\":null,\"fields\":{\"5\":{\"new1\":{\"type\":\"homeHero\",\"enabled\":\"1\",\"fields\":{\"heading\":\"Kick. Punch. Learn.\",\"body\":\"<p>Freddie Poole\\u2019s Martial Arts\\u00ae is a unique and modern training system that combines traditional values and principles with a modern system of combat, self-defense and fitness.&nbsp;<\\/p>\",\"backgroundColor\":\"#000000\",\"backgroundImage\":[\"10\"]}}}}}', '2016-03-16 02:47:49', '2016-03-16 02:47:49', '549b88e2-25a6-4171-ab05-3530b6435258'),
 ('8', '16', '3', '1', 'en_us', '1', '', '{\"typeId\":\"4\",\"authorId\":\"1\",\"title\":\"Dragons\",\"slug\":\"dragons\",\"postDate\":1458100002,\"expiryDate\":null,\"enabled\":1,\"parentId\":\"\",\"fields\":{\"5\":\"\",\"22\":\"Dragons (4 \\u2013 6 YO)\",\"4\":\"\",\"3\":\"\"}}', '2016-03-16 03:46:42', '2016-03-16 03:46:42', '3231f62c-7a70-45e7-8f9c-3ace3ad3528b'),
 ('9', '17', '3', '1', 'en_us', '1', '', '{\"typeId\":\"4\",\"authorId\":\"1\",\"title\":\"Juniors\",\"slug\":\"juniors\",\"postDate\":1458100080,\"expiryDate\":null,\"enabled\":1,\"parentId\":\"6\",\"fields\":{\"5\":\"\",\"22\":\"Juniors (7 -12 YO)\",\"4\":\"\",\"3\":\"\"}}', '2016-03-16 03:48:00', '2016-03-16 03:48:00', '5b3f1250-c67b-4741-b60f-4769af7f98ec'),
 ('10', '2', '1', '1', 'en_us', '4', '', '{\"typeId\":null,\"authorId\":null,\"title\":\"Home\",\"slug\":\"homepage\",\"postDate\":1457804906,\"expiryDate\":null,\"enabled\":1,\"parentId\":null,\"fields\":{\"5\":{\"15\":{\"type\":\"homeHero\",\"enabled\":\"1\",\"fields\":{\"heading\":\"Kick. Punch. Learn.\",\"body\":\"<p>Freddie Poole\\u2019s Martial Arts\\u00ae is a unique and modern training system that combines traditional values and principles with a modern system of combat, self-defense and fitness.&nbsp;<\\/p>\",\"backgroundColor\":\"#000000\",\"backgroundImage\":[\"10\"]}},\"new1\":{\"type\":\"homePrograms\",\"enabled\":\"1\",\"fields\":{\"heading\":\"Approach\",\"body\":\"<p>This unique approach creates a balanced and well-rounded martial artist. The key to our success is that each discipline is introduced in stages to the student, rather than front-loading a program. This methodical approach ensures students are learning and mastering techniques at the highest level, as opposed to just going through motions.&nbsp;<\\/p>\",\"programs\":[\"16\",\"17\"]}}}}}', '2016-03-16 04:17:39', '2016-03-16 04:17:39', '51438fc2-415c-48fc-98d5-3740d3ce84cf'),
 ('11', '2', '1', '1', 'en_us', '5', '', '{\"typeId\":null,\"authorId\":null,\"title\":\"Home\",\"slug\":\"homepage\",\"postDate\":1457804906,\"expiryDate\":null,\"enabled\":1,\"parentId\":null,\"fields\":{\"5\":{\"15\":{\"type\":\"homeHero\",\"enabled\":\"1\",\"fields\":{\"heading\":\"Kick. Punch. Learn.\",\"body\":\"<p>Freddie Poole\\u2019s Martial Arts\\u00ae is a unique and modern training system that combines traditional values and principles with a modern system of combat, self-defense and fitness.&nbsp;<\\/p>\",\"backgroundColor\":\"#000000\",\"backgroundImage\":[\"10\"]}},\"18\":{\"type\":\"homePrograms\",\"enabled\":\"1\",\"fields\":{\"heading\":\"Approach\",\"body\":\"<p>This unique approach creates a balanced and well-rounded martial artist. The key to our success is that each discipline is introduced in stages to the student, rather than front-loading a program. This methodical approach ensures students are learning and mastering techniques at the highest level, as opposed to just going through motions.&nbsp;<\\/p>\",\"programs\":[\"16\",\"17\"],\"backgroundColor\":\"#000000\",\"backgroundImage\":[\"14\"]}}}}}', '2016-03-16 04:22:35', '2016-03-16 04:22:35', '9ba37737-e905-4a53-9315-d8976665d9c8'),
 ('12', '2', '1', '1', 'en_us', '6', '', '{\"typeId\":null,\"authorId\":null,\"title\":\"Home\",\"slug\":\"homepage\",\"postDate\":1457804906,\"expiryDate\":null,\"enabled\":1,\"parentId\":null,\"fields\":{\"5\":{\"15\":{\"type\":\"homeHero\",\"enabled\":\"1\",\"fields\":{\"heading\":\"Kick. Punch. Learn.\",\"body\":\"<p>Freddie Poole\\u2019s Martial Arts\\u00ae is a unique and modern training system that combines traditional values and principles with a modern system of combat, self-defense and fitness.&nbsp;<\\/p>\",\"backgroundColor\":\"#000000\",\"backgroundImage\":[\"14\"]}},\"18\":{\"type\":\"homePrograms\",\"enabled\":\"1\",\"fields\":{\"heading\":\"Approach\",\"body\":\"<p>This unique approach creates a balanced and well-rounded martial artist. The key to our success is that each discipline is introduced in stages to the student, rather than front-loading a program. This methodical approach ensures students are learning and mastering techniques at the highest level, as opposed to just going through motions.&nbsp;<\\/p>\",\"programs\":[\"16\",\"17\"],\"backgroundColor\":\"#000000\",\"backgroundImage\":[\"14\"]}}}}}', '2016-03-16 04:29:28', '2016-03-16 04:29:28', '43dd440a-86b3-4e5f-975f-41aab057aac0'),
 ('13', '2', '1', '1', 'en_us', '7', '', '{\"typeId\":null,\"authorId\":null,\"title\":\"Home\",\"slug\":\"homepage\",\"postDate\":1457804906,\"expiryDate\":null,\"enabled\":1,\"parentId\":null,\"fields\":{\"5\":{\"15\":{\"type\":\"homeHero\",\"enabled\":\"1\",\"fields\":{\"heading\":\"Kick. Punch. Learn.\",\"body\":\"<p>Freddie Poole\\u2019s Martial Arts\\u00ae is a unique and modern training system that combines traditional values and principles with a modern system of combat, self-defense and fitness.&nbsp;<\\/p>\",\"backgroundColor\":\"#000000\",\"backgroundImage\":[\"8\"]}},\"18\":{\"type\":\"homePrograms\",\"enabled\":\"1\",\"fields\":{\"heading\":\"Approach\",\"body\":\"<p>This unique approach creates a balanced and well-rounded martial artist. The key to our success is that each discipline is introduced in stages to the student, rather than front-loading a program. This methodical approach ensures students are learning and mastering techniques at the highest level, as opposed to just going through motions.&nbsp;<\\/p>\",\"programs\":[\"16\",\"17\"],\"backgroundColor\":\"#000000\",\"backgroundImage\":[\"14\"]}}}}}', '2016-03-16 04:30:39', '2016-03-16 04:30:39', '091769cb-c3ba-401f-af10-60a5ef74fcc9'),
 ('14', '16', '3', '1', 'en_us', '2', '', '{\"typeId\":\"4\",\"authorId\":\"1\",\"title\":\"Dragons\",\"slug\":\"dragons\",\"postDate\":1458099960,\"expiryDate\":null,\"enabled\":1,\"parentId\":\"6\",\"fields\":{\"5\":{\"new1\":{\"type\":\"secondaryHero\",\"enabled\":\"1\",\"fields\":{\"heading\":\"Brazilian Jiu Jitsu\",\"body\":\"<p>Brazilian Jiu-jitsu classes in Dallas (BJJ) is primarily a ground fighting art, a grappling style of Martial Arts that has roots and evolved from Japanese Judo and Classical jujutsu. Brazilian Jiu-jitsu specializes in ground techniques such as positional control and the use of leverage for reversals and submissions holds (joint lock and chokes) to overcome the size and strength of opponents. BJJ provides a clear path and strategy for victory in a self-defense scenario or competition. As a sport it is a safe and entertaining art that can be practiced for a lifetime of fitness and well-being.<\\/p>\",\"contactButton\":[\"on\"],\"backgroundColor\":\"#000000\",\"backgroundImage\":[\"8\"]}},\"new2\":{\"type\":\"oneColumn\",\"enabled\":\"1\",\"fields\":{\"heading\":\"History\",\"body\":\"<p>Most people involved in Martial Arts are familiar with the basic history of BJJ. How a Japanese Jiu-jitsu expert, Maeda, came to Brazil as part of a diplomatic mission to found and establish a Japanese colony. He befriended Gastao Gracie, a man of Scottish decent who had influence in local political circles.<\\/p>\\r\\n\\r\\n<p>Maeda offered to teach Gracie\\u2019s sons Jiu-jitsu.<br>The Gracie boys became very proficient in jiu-jitsu. Being a large family they never lacked training partners and new ideas for practicing and training daily within the family and nephews the Machados. This went on for generations. Later opening their own schools and developing their own additions and modifications to the techniques they had being taught, as a test of their skill, the Gracies fought many matches against other styles with great success.<\\/p>\\r\\n\\r\\n<p>In this manner they came to understand which techniques worked and which did not. They based their developing martial arts on their combat experiences over generations. With great success in MMA competitions, Brazilian jiu-jitsu has establish itself as an extremely effective martial arts and one of the most sought out.<\\/p>\",\"backgroundColor\":\"#000000\",\"backgroundImage\":[\"12\"]}},\"new3\":{\"type\":\"oneColumn\",\"enabled\":\"1\",\"fields\":{\"heading\":\"The BJJ strategy and the Japanese legacy\",\"body\":\"<p>eda taught the Gracie\\u2019s the art of \\u201cRandori\\u201d or live training (rolling) where safe but effective techniques can be applied with full resistance to opponents, as long as they agree to \\u201ctap-out\\u201d or submit (surrender) when a technique is successfully applied. This way, two opponents can face each other and fight close to full power which makes training much more realistic to a real fight, therefore more effective.<\\/p>\\r\\n\\r\\n<p>The genius of the Gracie\\u2019s lay in the strategy they implemented to win fights, which can be seen in sport point systems, they implemented in competition. The Gracie\\u2019s realized that fighting a bigger stronger opponent and trading blows was not a good idea, so they developed a strategy where they would take a standing opponent or fighter out of their comfort zone (stand up skill) put them on the ground and expose them to their great ground skills, positional control, leverage and submissions.<br>The Gracie\\u2019s realized that certain positions were better to attack and defend so they strategized ways from any position on the ground to a position where they can reverse, control and submit their opponent.<\\/p>\",\"backgroundColor\":\"#f5f5f5\",\"backgroundImage\":\"\"}}},\"22\":\"Dragons (4 \\u2013 6 YO)\",\"4\":\"\",\"3\":\"\"}}', '2016-03-24 02:37:17', '2016-03-24 02:37:17', '08de09b9-cafc-49af-aa19-b9c1a78c89a2'),
 ('15', '2', '1', '1', 'en_us', '8', '', '{\"typeId\":null,\"authorId\":null,\"title\":\"Home\",\"slug\":\"homepage\",\"postDate\":1457804906,\"expiryDate\":null,\"enabled\":1,\"parentId\":null,\"fields\":{\"5\":{\"15\":{\"type\":\"homeHero\",\"enabled\":\"1\",\"fields\":{\"heading\":\"Kick. Punch. Learn.\",\"body\":\"<p>Freddie Poole\\u2019s Martial Arts\\u00ae is a unique and modern training system that combines traditional values and principles with a modern system of combat, self-defense and fitness.&nbsp;<\\/p>\",\"backgroundColor\":\"#000000\",\"backgroundImage\":[\"8\"],\"contactButton\":\"1\"}},\"18\":{\"type\":\"homePrograms\",\"enabled\":\"1\",\"fields\":{\"heading\":\"Approach\",\"body\":\"<p>This unique approach creates a balanced and well-rounded martial artist. The key to our success is that each discipline is introduced in stages to the student, rather than front-loading a program. This methodical approach ensures students are learning and mastering techniques at the highest level, as opposed to just going through motions.&nbsp;<\\/p>\",\"programs\":[\"16\",\"17\"],\"backgroundColor\":\"#000000\",\"backgroundImage\":[\"14\"]}}}}}', '2016-03-24 02:42:11', '2016-03-24 02:42:11', '1248b846-7957-4ffd-8846-d95fee7f029e'),
 ('16', '16', '3', '1', 'en_us', '3', '', '{\"typeId\":\"4\",\"authorId\":\"1\",\"title\":\"Dragons\",\"slug\":\"dragons\",\"postDate\":1458099960,\"expiryDate\":null,\"enabled\":1,\"parentId\":\"6\",\"fields\":{\"5\":{\"21\":{\"type\":\"secondaryHero\",\"enabled\":\"1\",\"fields\":{\"heading\":\"Brazilian Jiu Jitsu\",\"body\":\"<p>Brazilian Jiu-jitsu classes in Dallas (BJJ) is primarily a ground fighting art, a grappling style of Martial Arts that has roots and evolved from Japanese Judo and Classical jujutsu. Brazilian Jiu-jitsu specializes in ground techniques such as positional control and the use of leverage for reversals and submissions holds (joint lock and chokes) to overcome the size and strength of opponents. BJJ provides a clear path and strategy for victory in a self-defense scenario or competition. As a sport it is a safe and entertaining art that can be practiced for a lifetime of fitness and well-being.<\\/p>\",\"contactButton\":\"1\",\"backgroundColor\":\"#000000\",\"backgroundImage\":[\"8\"]}},\"22\":{\"type\":\"oneColumn\",\"enabled\":\"1\",\"fields\":{\"heading\":\"History\",\"body\":\"<p>Most people involved in Martial Arts are familiar with the basic history of BJJ. How a Japanese Jiu-jitsu expert, Maeda, came to Brazil as part of a diplomatic mission to found and establish a Japanese colony. He befriended Gastao Gracie, a man of Scottish decent who had influence in local political circles.<\\/p>\\r\\n\\r\\n<p>Maeda offered to teach Gracie\\u2019s sons Jiu-jitsu.<br>The Gracie boys became very proficient in jiu-jitsu. Being a large family they never lacked training partners and new ideas for practicing and training daily within the family and nephews the Machados. This went on for generations. Later opening their own schools and developing their own additions and modifications to the techniques they had being taught, as a test of their skill, the Gracies fought many matches against other styles with great success.<\\/p>\\r\\n\\r\\n\\r\\n\\r\\n<p>In this manner they came to understand which techniques worked and which did not. They based their developing martial arts on their combat experiences over generations. With great success in MMA competitions, Brazilian jiu-jitsu has establish itself as an extremely effective martial arts and one of the most sought out.<\\/p>\",\"backgroundColor\":\"#000000\",\"backgroundImage\":[\"12\"]}},\"23\":{\"type\":\"oneColumn\",\"enabled\":\"1\",\"fields\":{\"heading\":\"The BJJ strategy and the Japanese legacy\",\"body\":\"<p>eda taught the Gracie\\u2019s the art of \\u201cRandori\\u201d or live training (rolling) where safe but effective techniques can be applied with full resistance to opponents, as long as they agree to \\u201ctap-out\\u201d or submit (surrender) when a technique is successfully applied. This way, two opponents can face each other and fight close to full power which makes training much more realistic to a real fight, therefore more effective.<\\/p>\\r\\n\\r\\n<p>The genius of the Gracie\\u2019s lay in the strategy they implemented to win fights, which can be seen in sport point systems, they implemented in competition. The Gracie\\u2019s realized that fighting a bigger stronger opponent and trading blows was not a good idea, so they developed a strategy where they would take a standing opponent or fighter out of their comfort zone (stand up skill) put them on the ground and expose them to their great ground skills, positional control, leverage and submissions.<br>The Gracie\\u2019s realized that certain positions were better to attack and defend so they strategized ways from any position on the ground to a position where they can reverse, control and submit their opponent.<\\/p>\",\"backgroundColor\":\"#f5f5f5\",\"backgroundImage\":\"\"}}},\"22\":\"Dragons (4 \\u2013 6 YO)\",\"4\":\"\",\"3\":\"\"}}', '2016-03-24 03:49:46', '2016-03-24 03:49:46', 'fdeda0fc-a7d5-4708-b486-1f5cd6c349c9'),
 ('17', '24', '3', '1', 'en_us', '1', '', '{\"typeId\":\"3\",\"authorId\":\"1\",\"title\":\"Locations\",\"slug\":\"locations-1\",\"postDate\":1458012000,\"expiryDate\":null,\"enabled\":1,\"parentId\":\"\",\"fields\":{\"5\":{\"new1\":{\"type\":\"secondaryHero\",\"enabled\":\"1\",\"fields\":{\"heading\":\"\",\"body\":\"\",\"contactButton\":\"1\",\"backgroundColor\":\"#000000\",\"backgroundImage\":\"\",\"map\":\"{\\\"markers\\\":[{\\\"isNew\\\":true,\\\"isSavedToMap\\\":true,\\\"address\\\":\\\"17194 Preston Rd, Dallas, TX 75248, USA\\\",\\\"addressComponents\\\":[{\\\"long_name\\\":\\\"17194\\\",\\\"short_name\\\":\\\"17194\\\",\\\"types\\\":[\\\"street_number\\\"]},{\\\"long_name\\\":\\\"Preston Road\\\",\\\"short_name\\\":\\\"Preston Rd\\\",\\\"types\\\":[\\\"route\\\"]},{\\\"long_name\\\":\\\"Far North Dallas\\\",\\\"short_name\\\":\\\"Far North Dallas\\\",\\\"types\\\":[\\\"neighborhood\\\",\\\"political\\\"]},{\\\"long_name\\\":\\\"Dallas\\\",\\\"short_name\\\":\\\"Dallas\\\",\\\"types\\\":[\\\"locality\\\",\\\"political\\\"]},{\\\"long_name\\\":\\\"Dallas County\\\",\\\"short_name\\\":\\\"Dallas County\\\",\\\"types\\\":[\\\"administrative_area_level_2\\\",\\\"political\\\"]},{\\\"long_name\\\":\\\"Texas\\\",\\\"short_name\\\":\\\"TX\\\",\\\"types\\\":[\\\"administrative_area_level_1\\\",\\\"political\\\"]},{\\\"long_name\\\":\\\"United States\\\",\\\"short_name\\\":\\\"US\\\",\\\"types\\\":[\\\"country\\\",\\\"political\\\"]},{\\\"long_name\\\":\\\"75248\\\",\\\"short_name\\\":\\\"75248\\\",\\\"types\\\":[\\\"postal_code\\\"]}],\\\"lat\\\":32.98391826247492,\\\"lng\\\":-96.80163320552253,\\\"content\\\":\\\"17194 Preston Rd<br> Dallas<br> TX 75248<br> USA\\\",\\\"title\\\":\\\"\\\",\\\"scaledWidth\\\":null,\\\"scaledHeight\\\":null}],\\\"polygons\\\":[],\\\"polylines\\\":[{\\\"points\\\":[{\\\"lat\\\":32.9839177,\\\"lng\\\":-96.8016265}],\\\"hideDetails\\\":false,\\\"isNew\\\":true,\\\"isSavedToMap\\\":true,\\\"strokeColor\\\":\\\"#000000\\\",\\\"strokeOpacity\\\":\\\"0.60\\\",\\\"strokeWeight\\\":\\\"3.00\\\",\\\"title\\\":\\\"\\\",\\\"content\\\":\\\"\\\"}],\\\"routes\\\":[],\\\"circles\\\":[],\\\"groundOverlays\\\":[]}\"}}},\"4\":\"\",\"3\":\"\"}}', '2016-03-24 04:22:43', '2016-03-24 04:22:43', 'f223923d-dd00-4fad-bc17-287ca1b830fc'),
 ('18', '24', '3', '1', 'en_us', '2', '', '{\"typeId\":\"3\",\"authorId\":\"1\",\"title\":\"North Dallas\",\"slug\":\"north-dallas\",\"postDate\":1458012000,\"expiryDate\":null,\"enabled\":1,\"parentId\":\"\",\"fields\":{\"5\":{\"25\":{\"type\":\"secondaryHero\",\"enabled\":\"1\",\"fields\":{\"heading\":\"North Dallas\",\"body\":\"<p>Globally syndicate market positioning niches with accurate platforms. Energistically coordinate exceptional e-tailers without open-source functionalities.<\\/p>\",\"contactButton\":\"1\",\"backgroundColor\":\"#000000\",\"backgroundImage\":[\"10\"],\"map\":\"{\\\"markers\\\":[{\\\"isNew\\\":false,\\\"isSavedToMap\\\":true,\\\"title\\\":\\\"\\\",\\\"distance\\\":false,\\\"icon\\\":\\\"\\\",\\\"lat\\\":32.983918262475,\\\"lng\\\":-96.801633205523,\\\"content\\\":\\\"17194 Preston Rd<br> Dallas<br> TX 75248<br> USA\\\",\\\"customContent\\\":false,\\\"address\\\":\\\"17194 Preston Rd, Dallas, TX 75248, USA\\\",\\\"addressComponents\\\":[{\\\"long_name\\\":\\\"17194\\\",\\\"short_name\\\":\\\"17194\\\",\\\"types\\\":[\\\"street_number\\\"]},{\\\"long_name\\\":\\\"Preston Road\\\",\\\"short_name\\\":\\\"Preston Rd\\\",\\\"types\\\":[\\\"route\\\"]},{\\\"long_name\\\":\\\"Far North Dallas\\\",\\\"short_name\\\":\\\"Far North Dallas\\\",\\\"types\\\":[\\\"neighborhood\\\",\\\"political\\\"]},{\\\"long_name\\\":\\\"Dallas\\\",\\\"short_name\\\":\\\"Dallas\\\",\\\"types\\\":[\\\"locality\\\",\\\"political\\\"]},{\\\"long_name\\\":\\\"Dallas County\\\",\\\"short_name\\\":\\\"Dallas County\\\",\\\"types\\\":[\\\"administrative_area_level_2\\\",\\\"political\\\"]},{\\\"long_name\\\":\\\"Texas\\\",\\\"short_name\\\":\\\"TX\\\",\\\"types\\\":[\\\"administrative_area_level_1\\\",\\\"political\\\"]},{\\\"long_name\\\":\\\"United States\\\",\\\"short_name\\\":\\\"US\\\",\\\"types\\\":[\\\"country\\\",\\\"political\\\"]},{\\\"long_name\\\":\\\"75248\\\",\\\"short_name\\\":\\\"75248\\\",\\\"types\\\":[\\\"postal_code\\\"]}],\\\"locationId\\\":\\\"1\\\",\\\"elementId\\\":\\\"25\\\",\\\"deleted\\\":false}],\\\"polygons\\\":[],\\\"polylines\\\":[{\\\"isSavedToMap\\\":true,\\\"title\\\":\\\"\\\",\\\"content\\\":\\\"\\\",\\\"points\\\":[{\\\"lat\\\":32.9839177,\\\"lng\\\":-96.8016265}],\\\"hideDetails\\\":false,\\\"strokeColor\\\":\\\"#000000\\\",\\\"strokeWeight\\\":\\\"3.00\\\",\\\"strokeOpacity\\\":\\\"0.60\\\",\\\"isNew\\\":false,\\\"elementId\\\":\\\"25\\\",\\\"deleted\\\":false,\\\"fillColor\\\":\\\"#666666\\\",\\\"fillOpacity\\\":0.6}],\\\"routes\\\":[],\\\"circles\\\":[],\\\"groundOverlays\\\":[]}\"}}},\"4\":\"\",\"3\":\"\"}}', '2016-03-24 04:24:48', '2016-03-24 04:24:48', '9e12e28c-3620-4e88-bcc3-9ba43e15e1b0'),
 ('19', '24', '3', '1', 'en_us', '3', '', '{\"typeId\":\"3\",\"authorId\":\"1\",\"title\":\"North Dallas\",\"slug\":\"north-dallas\",\"postDate\":1458012000,\"expiryDate\":null,\"enabled\":1,\"parentId\":\"7\",\"fields\":{\"5\":{\"25\":{\"type\":\"secondaryHero\",\"enabled\":\"1\",\"fields\":{\"heading\":\"North Dallas\",\"body\":\"<p>Globally syndicate market positioning niches with accurate platforms. Energistically coordinate exceptional e-tailers without open-source functionalities.<\\/p>\",\"contactButton\":\"1\",\"backgroundColor\":\"#000000\",\"backgroundImage\":[\"10\"],\"map\":\"{\\\"markers\\\":[{\\\"isNew\\\":false,\\\"isSavedToMap\\\":true,\\\"title\\\":\\\"\\\",\\\"distance\\\":false,\\\"icon\\\":\\\"\\\",\\\"lat\\\":32.983918262475,\\\"lng\\\":-96.801633205523,\\\"content\\\":\\\"17194 Preston Rd<br> Dallas<br> TX 75248<br> USA\\\",\\\"customContent\\\":false,\\\"address\\\":\\\"17194 Preston Rd, Dallas, TX 75248, USA\\\",\\\"addressComponents\\\":[{\\\"long_name\\\":\\\"17194\\\",\\\"short_name\\\":\\\"17194\\\",\\\"types\\\":[\\\"street_number\\\"]},{\\\"long_name\\\":\\\"Preston Road\\\",\\\"short_name\\\":\\\"Preston Rd\\\",\\\"types\\\":[\\\"route\\\"]},{\\\"long_name\\\":\\\"Far North Dallas\\\",\\\"short_name\\\":\\\"Far North Dallas\\\",\\\"types\\\":[\\\"neighborhood\\\",\\\"political\\\"]},{\\\"long_name\\\":\\\"Dallas\\\",\\\"short_name\\\":\\\"Dallas\\\",\\\"types\\\":[\\\"locality\\\",\\\"political\\\"]},{\\\"long_name\\\":\\\"Dallas County\\\",\\\"short_name\\\":\\\"Dallas County\\\",\\\"types\\\":[\\\"administrative_area_level_2\\\",\\\"political\\\"]},{\\\"long_name\\\":\\\"Texas\\\",\\\"short_name\\\":\\\"TX\\\",\\\"types\\\":[\\\"administrative_area_level_1\\\",\\\"political\\\"]},{\\\"long_name\\\":\\\"United States\\\",\\\"short_name\\\":\\\"US\\\",\\\"types\\\":[\\\"country\\\",\\\"political\\\"]},{\\\"long_name\\\":\\\"75248\\\",\\\"short_name\\\":\\\"75248\\\",\\\"types\\\":[\\\"postal_code\\\"]}],\\\"locationId\\\":\\\"1\\\",\\\"elementId\\\":\\\"25\\\",\\\"deleted\\\":false}],\\\"polygons\\\":[],\\\"polylines\\\":[{\\\"isSavedToMap\\\":true,\\\"title\\\":\\\"\\\",\\\"content\\\":\\\"\\\",\\\"points\\\":[{\\\"lat\\\":32.9839177,\\\"lng\\\":-96.8016265}],\\\"hideDetails\\\":false,\\\"strokeColor\\\":\\\"#000000\\\",\\\"strokeWeight\\\":\\\"3.00\\\",\\\"strokeOpacity\\\":\\\"0.60\\\",\\\"isNew\\\":false,\\\"elementId\\\":\\\"25\\\",\\\"deleted\\\":false,\\\"fillColor\\\":\\\"#666666\\\",\\\"fillOpacity\\\":0.6}],\\\"routes\\\":[],\\\"circles\\\":[],\\\"groundOverlays\\\":[]}\"}}},\"4\":\"\",\"3\":\"\"}}', '2016-03-24 04:37:35', '2016-03-24 04:37:35', '58e747ff-d514-402a-b674-b62add2073d5'),
 ('20', '24', '3', '1', 'en_us', '4', '', '{\"typeId\":\"3\",\"authorId\":\"1\",\"title\":\"North Dallas\",\"slug\":\"north-dallas\",\"postDate\":1458012000,\"expiryDate\":null,\"enabled\":1,\"parentId\":\"7\",\"fields\":{\"5\":{\"25\":{\"type\":\"secondaryHero\",\"enabled\":\"1\",\"fields\":{\"heading\":\"North Dallas\",\"body\":\"<p>Globally syndicate market positioning niches with accurate platforms. Energistically coordinate exceptional e-tailers without open-source functionalities.<\\/p>\",\"contactButton\":\"1\",\"backgroundColor\":\"#000000\",\"backgroundImage\":[\"10\"],\"map\":\"{\\\"markers\\\":[{\\\"isNew\\\":false,\\\"isSavedToMap\\\":true,\\\"title\\\":\\\"17194 Preston Rd\\\",\\\"distance\\\":false,\\\"icon\\\":\\\"\\\",\\\"lat\\\":32.983918262475,\\\"lng\\\":-96.801633205523,\\\"content\\\":\\\"17194 Preston Rd<br> Dallas<br> TX 75248<br> USA\\\",\\\"customContent\\\":false,\\\"address\\\":\\\"17194 Preston Rd, Dallas, TX 75248, USA\\\",\\\"addressComponents\\\":[{\\\"long_name\\\":\\\"17194\\\",\\\"short_name\\\":\\\"17194\\\",\\\"types\\\":[\\\"street_number\\\"]},{\\\"long_name\\\":\\\"Preston Road\\\",\\\"short_name\\\":\\\"Preston Rd\\\",\\\"types\\\":[\\\"route\\\"]},{\\\"long_name\\\":\\\"Far North Dallas\\\",\\\"short_name\\\":\\\"Far North Dallas\\\",\\\"types\\\":[\\\"neighborhood\\\",\\\"political\\\"]},{\\\"long_name\\\":\\\"Dallas\\\",\\\"short_name\\\":\\\"Dallas\\\",\\\"types\\\":[\\\"locality\\\",\\\"political\\\"]},{\\\"long_name\\\":\\\"Dallas County\\\",\\\"short_name\\\":\\\"Dallas County\\\",\\\"types\\\":[\\\"administrative_area_level_2\\\",\\\"political\\\"]},{\\\"long_name\\\":\\\"Texas\\\",\\\"short_name\\\":\\\"TX\\\",\\\"types\\\":[\\\"administrative_area_level_1\\\",\\\"political\\\"]},{\\\"long_name\\\":\\\"United States\\\",\\\"short_name\\\":\\\"US\\\",\\\"types\\\":[\\\"country\\\",\\\"political\\\"]},{\\\"long_name\\\":\\\"75248\\\",\\\"short_name\\\":\\\"75248\\\",\\\"types\\\":[\\\"postal_code\\\"]}],\\\"locationId\\\":\\\"1\\\",\\\"elementId\\\":\\\"25\\\",\\\"deleted\\\":false,\\\"scaledWidth\\\":null,\\\"scaledHeight\\\":null}],\\\"polygons\\\":[],\\\"polylines\\\":[{\\\"isSavedToMap\\\":true,\\\"title\\\":\\\"\\\",\\\"content\\\":\\\"\\\",\\\"points\\\":[{\\\"lat\\\":32.9839177,\\\"lng\\\":-96.8016265}],\\\"hideDetails\\\":false,\\\"strokeColor\\\":\\\"#000000\\\",\\\"strokeWeight\\\":\\\"3.00\\\",\\\"strokeOpacity\\\":\\\"0.60\\\",\\\"isNew\\\":false,\\\"elementId\\\":\\\"25\\\",\\\"deleted\\\":false,\\\"fillColor\\\":\\\"#666666\\\",\\\"fillOpacity\\\":0.6}],\\\"routes\\\":[],\\\"circles\\\":[],\\\"groundOverlays\\\":[]}\"}}},\"4\":\"\",\"3\":\"\"}}', '2016-03-24 04:53:43', '2016-03-24 04:53:43', '8bd8b88e-f658-4ce6-91eb-6f1cce923309'),
 ('21', '24', '3', '1', 'en_us', '5', '', '{\"typeId\":\"3\",\"authorId\":\"1\",\"title\":\"North Dallas\",\"slug\":\"north-dallas\",\"postDate\":1458012000,\"expiryDate\":null,\"enabled\":1,\"parentId\":\"7\",\"fields\":{\"5\":{\"25\":{\"type\":\"secondaryHero\",\"enabled\":\"1\",\"fields\":{\"heading\":\"North Dallas\",\"body\":\"<p>Globally syndicate market positioning niches with accurate platforms. Energistically coordinate exceptional e-tailers without open-source functionalities.<\\/p>\",\"contactButton\":\"1\",\"backgroundColor\":\"#000000\",\"backgroundImage\":[\"10\"],\"map\":\"<p>17194 Preston Rd<br> Dallas<br> TX 75248<br><\\/p>\"}}},\"4\":\"\",\"3\":\"\"}}', '2016-03-24 05:01:53', '2016-03-24 05:01:53', '46f43761-3484-4a4b-b0e4-4c6829266df3'),
 ('22', '24', '3', '1', 'en_us', '6', '', '{\"typeId\":\"3\",\"authorId\":\"1\",\"title\":\"North Dallas\",\"slug\":\"north-dallas\",\"postDate\":1458012000,\"expiryDate\":null,\"enabled\":1,\"parentId\":\"7\",\"fields\":{\"5\":{\"25\":{\"type\":\"secondaryHero\",\"enabled\":\"1\",\"fields\":{\"heading\":\"North Dallas\",\"body\":\"<p>Globally syndicate market positioning niches with accurate platforms. Energistically coordinate exceptional e-tailers without open-source functionalities.<\\/p>\",\"contactButton\":\"1\",\"backgroundColor\":\"#000000\",\"backgroundImage\":[\"10\"],\"map\":\"<p>17194 Preston Rd<br> Dallas<br> TX 75248<br><\\/p>\"}}},\"4\":\"\",\"3\":\"\"}}', '2016-03-24 05:02:01', '2016-03-24 05:02:01', '3dac5ba4-af71-4f81-a6ee-25fc418519d6'),
 ('23', '24', '3', '1', 'en_us', '7', '', '{\"typeId\":\"3\",\"authorId\":\"1\",\"title\":\"North Dallas\",\"slug\":\"north-dallas\",\"postDate\":1458012000,\"expiryDate\":null,\"enabled\":1,\"parentId\":\"7\",\"fields\":{\"5\":{\"25\":{\"type\":\"secondaryHero\",\"enabled\":\"1\",\"fields\":{\"heading\":\"North Dallas\",\"body\":\"<p>Globally syndicate market positioning niches with accurate platforms. Energistically coordinate exceptional e-tailers without open-source functionalities.<\\/p>\",\"contactButton\":\"1\",\"backgroundColor\":\"#000000\",\"backgroundImage\":[\"10\"],\"mapTitle\":\"Freddie Poole\\u2019s Martial Arts\",\"mapAddress\":\"<p>17194 Preston Rd<br> Dallas<br> TX 75248<br><\\/p>\",\"flexibleArea\":\"<p>This is a flexible Marketing area. Fill it wil specials, messages or anything else!<\\/p>\"}}},\"4\":\"\",\"3\":\"\"}}', '2016-03-25 01:19:54', '2016-03-25 01:19:54', 'da30d145-5fc8-44de-ad3b-c1d7e911387b'),
 ('24', '24', '3', '1', 'en_us', '8', '', '{\"typeId\":\"3\",\"authorId\":\"1\",\"title\":\"North Dallas\",\"slug\":\"north-dallas\",\"postDate\":1458012000,\"expiryDate\":null,\"enabled\":1,\"parentId\":\"7\",\"fields\":{\"5\":{\"25\":{\"type\":\"secondaryHero\",\"enabled\":\"1\",\"fields\":{\"heading\":\"North Dallas\",\"body\":\"<p>Globally syndicate market positioning niches with accurate platforms. Energistically coordinate exceptional e-tailers without open-source functionalities.<\\/p>\",\"contactButton\":\"1\",\"backgroundColor\":\"#000000\",\"backgroundImage\":[\"10\"],\"mapTitle\":\"FPMA\",\"mapAddress\":\"<p>17194 Preston Rd<br> Dallas<br> TX 75248<br><\\/p>\",\"flexibleArea\":\"<p>This is a flexible Marketing area. Fill it wil specials, messages or anything else!<\\/p>\"}}},\"4\":\"\",\"3\":\"\"}}', '2016-03-25 01:43:31', '2016-03-25 01:43:31', '83f258ca-2ada-4a14-b778-7ab010a1d7b6'),
 ('26', '27', '3', '1', 'en_us', '1', '', '{\"typeId\":\"3\",\"authorId\":\"1\",\"title\":\"Staff\",\"slug\":\"staff\",\"postDate\":1458873964,\"expiryDate\":null,\"enabled\":1,\"parentId\":\"26\",\"fields\":{\"5\":{\"new2\":{\"type\":\"secondaryHero\",\"enabled\":\"1\",\"fields\":{\"heading\":\"Staff\",\"body\":\"<p>Globally syndicate market positioning niches with accurate platforms. Energistically coordinate exceptional e-tailers without open-source functionalities.<\\/p>\",\"contactButton\":\"1\",\"backgroundColor\":\"#000000\",\"backgroundImage\":[\"10\"],\"mapTitle\":\"\",\"mapAddress\":\"\",\"flexibleArea\":\"\"}},\"new3\":{\"type\":\"staff\",\"enabled\":\"1\",\"fields\":{\"image\":\"\",\"staffName\":\"Mike Rose\",\"staffTitle\":\"Machado Jiu Jitsu Black Belt Judo Black Belt\",\"body\":\"<p>Seamlessly target business web services for standardized schemas. Authoritatively transform ethical core competencies and excellent materials. Professionally exploit sustainable data for e-business systems. Collaboratively procrastinate standards compliant deliverables rather than value-added architectures. Rapidiously recaptiualize intuitive paradigms via collaborative testing procedures. Competently myocardinate sticky mindshare for competitive resources. Intrinsicly enable economically sound potentialities with enterprise-wide sources.&nbsp;<\\/p>\"}},\"new4\":{\"type\":\"staff\",\"enabled\":\"1\",\"fields\":{\"image\":\"\",\"staffName\":\"Westin Poole\",\"staffTitle\":\"Machado Jiu Jitsu Black Belt Judo Black Belt\",\"body\":\"<p>Seamlessly target business web services for standardized schemas. Authoritatively transform ethical core competencies and excellent materials. Professionally exploit sustainable data for e-business systems. Collaboratively procrastinate standards compliant deliverables rather than value-added architectures. Rapidiously recaptiualize intuitive paradigms via collaborative testing procedures. Competently myocardinate sticky mindshare for competitive resources. Intrinsicly enable economically sound potentialities with enterprise-wide sources.&nbsp;<\\/p>\"}},\"new5\":{\"type\":\"staff\",\"enabled\":\"1\",\"fields\":{\"image\":\"\",\"staffName\":\"Randy Stem\",\"staffTitle\":\"Machado Jiu Jitsu Black Belt Judo Black Belt\",\"body\":\"<p>Seamlessly target business web services for standardized schemas. Authoritatively transform ethical core competencies and excellent materials. Professionally exploit sustainable data for e-business systems. Collaboratively procrastinate standards compliant deliverables rather than value-added architectures. Rapidiously recaptiualize intuitive paradigms via collaborative testing procedures. Competently myocardinate sticky mindshare for competitive resources. Intrinsicly enable economically sound potentialities with enterprise-wide sources.&nbsp;<\\/p>\"}}},\"4\":\"\",\"3\":\"\"}}', '2016-03-25 02:46:04', '2016-03-25 02:46:04', 'e28fc3db-1f71-47f1-be08-cf2c789210cd'),
 ('28', '32', '3', '1', 'en_us', '1', '', '{\"typeId\":\"3\",\"authorId\":\"1\",\"title\":\"Contact Us\",\"slug\":\"contact-us\",\"postDate\":1458879715,\"expiryDate\":null,\"enabled\":1,\"parentId\":\"\",\"fields\":{\"5\":\"\",\"4\":\"\",\"3\":\"\"}}', '2016-03-25 04:21:55', '2016-03-25 04:21:55', 'db54efd7-b97b-47b2-bebf-a1bc85529e8a'),
 ('29', '33', '3', '1', 'en_us', '1', '', '{\"typeId\":\"3\",\"authorId\":\"1\",\"title\":\"Specials\",\"slug\":\"specials\",\"postDate\":1458879730,\"expiryDate\":null,\"enabled\":1,\"parentId\":\"\",\"fields\":{\"5\":\"\",\"4\":\"\",\"3\":\"\"}}', '2016-03-25 04:22:10', '2016-03-25 04:22:10', '65a9adc0-c04b-449f-aaea-c44a2c1f3771'),
 ('30', '24', '3', '1', 'en_us', '9', '', '{\"typeId\":\"3\",\"authorId\":\"1\",\"title\":\"North Dallas\",\"slug\":\"north-dallas\",\"postDate\":1458012000,\"expiryDate\":null,\"enabled\":1,\"parentId\":\"7\",\"fields\":{\"5\":{\"25\":{\"type\":\"secondaryHero\",\"enabled\":\"1\",\"fields\":{\"heading\":\"North Dallas\",\"body\":\"<p>Globally syndicate market positioning niches with accurate platforms. Energistically coordinate exceptional e-tailers without open-source functionalities.<\\/p>\",\"contactButton\":\"1\",\"backgroundColor\":\"#000000\",\"backgroundImage\":[\"10\"],\"mapTitle\":\"FPMA\",\"mapContent\":\"<p>17194 Preston Rd. #215 <\\/p><p>Dallas , TX United States 75248<\\/p><p>(972) 232-0027<\\/p>\",\"mapAddress\":\"17194 Preston Rd. #215   Dallas , TX United States 75248\",\"flexibleArea\":\"<p>This is a flexible Marketing area. Fill it wil specials, messages or anything else!<\\/p>\"}}},\"4\":\"\",\"3\":\"\"}}', '2016-03-26 22:41:22', '2016-03-26 22:41:22', '5b33338a-33ad-402a-9a6d-aa386879a1a4'),
 ('31', '34', '3', '1', 'en_us', '1', '', '{\"typeId\":\"3\",\"authorId\":\"1\",\"title\":\"Dallas\",\"slug\":\"dallas\",\"postDate\":1459032274,\"expiryDate\":null,\"enabled\":1,\"parentId\":\"\",\"fields\":{\"5\":{\"new1\":{\"type\":\"secondaryHero\",\"enabled\":\"1\",\"fields\":{\"heading\":\"Dallas\",\"body\":\"<p>Globally syndicate market positioning niches with accurate platforms. Energistically coordinate exceptional e-tailers without open-source functionalities.&nbsp;<\\/p>\",\"contactButton\":\"1\",\"backgroundColor\":\"#000000\",\"backgroundImage\":[\"8\"],\"mapTitle\":\"Freddie Poole\'s Martial Arts\\u00ae\",\"mapContent\":\"<p>5757 W. Lovers Lane #217 Dallas,&nbsp;<\\/p><p>TX United States 75209<\\/p>\",\"mapAddress\":\"5757 W. Lovers Lane #217 Dallas, TX United States 75209\",\"flexibleArea\":\"<p>This is a flexible Marketing area. Fill it wil specials, messages or anything else!<\\/p>\"}}},\"4\":\"\",\"3\":\"\"}}', '2016-03-26 22:44:34', '2016-03-26 22:44:34', '16250989-625c-4078-bfdb-43fd4f068bb4'),
 ('32', '24', '3', '1', 'en_us', '10', '', '{\"typeId\":\"3\",\"authorId\":\"1\",\"title\":\"North Dallas\",\"slug\":\"north-dallas\",\"postDate\":1458012000,\"expiryDate\":null,\"enabled\":1,\"parentId\":\"7\",\"fields\":{\"5\":{\"25\":{\"type\":\"secondaryHero\",\"enabled\":\"1\",\"fields\":{\"heading\":\"North Dallas\",\"body\":\"<p>Globally syndicate market positioning niches with accurate platforms. Energistically coordinate exceptional e-tailers without open-source functionalities.<\\/p>\",\"contactButton\":\"1\",\"backgroundColor\":\"#000000\",\"backgroundImage\":[\"10\"],\"mapTitle\":\"Freddie Poole\'s Martial Arts\\u00ae North Texas Martial Arts\",\"mapContent\":\"<p>17194 Preston Rd. #215 <\\/p>\\r\\n\\r\\n<p>Dallas , TX United States 75248<\\/p>\\r\\n\\r\\n<p>(972) 232-0027<\\/p>\",\"mapAddress\":\"17194 Preston Rd. #215   Dallas , TX United States 75248\",\"flexibleArea\":\"<p>This is a flexible Marketing area. Fill it wil specials, messages or anything else!<\\/p>\"}}},\"4\":\"\",\"3\":\"\"}}', '2016-03-26 22:45:32', '2016-03-26 22:45:32', '0bfc578b-220e-47f4-bc61-990b9f56df0b'),
 ('33', '51', '4', '1', 'en_us', '1', '', '{\"typeId\":null,\"authorId\":\"1\",\"title\":\"K2 Assent\",\"slug\":\"k2-assent\",\"postDate\":1461212220,\"expiryDate\":null,\"enabled\":1,\"parentId\":null,\"fields\":{\"60\":{\"startDate\":{\"date\":\"4\\/12\\/2016\",\"time\":\"1:00 AM\"},\"endDate\":{\"date\":\"4\\/12\\/2016\",\"time\":\"4:00 AM\"},\"repeat\":\"1\",\"rRule\":\"FREQ=WEEKLY;DSTART=20160420T000000Z;BYDAY=TU,TH;WKST=MO\",\"summary\":\"Weekly on Tuesday and Thursday\"},\"59\":\"dallas\"}}', '2016-04-21 04:17:50', '2016-04-21 04:17:50', '1cf533c5-39ee-4a04-ba30-89c2e85f8269'),
 ('34', '2', '1', '1', 'en_us', '9', '', '{\"typeId\":null,\"authorId\":null,\"title\":\"Home\",\"slug\":\"homepage\",\"postDate\":1457804906,\"expiryDate\":null,\"enabled\":1,\"parentId\":null,\"fields\":{\"5\":{\"15\":{\"type\":\"homeHero\",\"enabled\":\"1\",\"fields\":{\"heading\":\"Kick. Punch. Learn.\",\"body\":\"<p>Freddie Poole\\u2019s Martial Arts\\u00ae is a unique and modern training system that combines traditional values and principles with a modern system of combat, self-defense and fitness.&nbsp;<\\/p>\",\"backgroundColor\":\"#000000\",\"backgroundImage\":[\"8\"],\"contactButton\":\"1\"}},\"18\":{\"type\":\"homePrograms\",\"enabled\":\"1\",\"fields\":{\"heading\":\"Approach\",\"body\":\"<p>This unique approach creates a balanced and well-rounded martial artist. The key to our success is that each discipline is introduced in stages to the student, rather than front-loading a program. This methodical approach ensures students are learning and mastering techniques at the highest level, as opposed to just going through motions.&nbsp;<\\/p>\",\"programs\":[\"16\",\"17\"],\"backgroundColor\":\"#000000\",\"backgroundImage\":[\"14\"]}},\"new1\":{\"type\":\"homeLocation\",\"enabled\":\"1\",\"fields\":{\"heading\":\"Locations\",\"body\":\"<p>We currently have 2 locations to serve you.&nbsp;<\\/p>\"}},\"new3\":{\"type\":\"twoColumns\",\"enabled\":\"1\",\"fields\":{\"heading\":\"\",\"bodyLeft\":\"\",\"bodyRight\":\"<p>You too can enjoy the benefits of martial arts classes in Dallas. Come see for yourself why martial arts have been so popular for so many years. Our black belt instructors are here to help you achieve all your martial arts and fitness goals.<\\/p>\",\"columnsLeft\":\"col-3-of-5\",\"columnsRight\":\"col-2-of-5\",\"backgroundColor\":\"#000000\",\"backgroundImage\":[\"8\"]}}}}}', '2016-04-21 04:20:31', '2016-04-21 04:20:31', '4f1ea834-44a6-40b1-8ce4-5503d96e6ba9'),
 ('35', '2', '1', '1', 'en_us', '10', '', '{\"typeId\":null,\"authorId\":null,\"title\":\"Home\",\"slug\":\"homepage\",\"postDate\":1457804906,\"expiryDate\":null,\"enabled\":1,\"parentId\":null,\"fields\":{\"5\":{\"15\":{\"type\":\"homeHero\",\"enabled\":\"1\",\"fields\":{\"heading\":\"Kick. Punch. Learn.\",\"body\":\"<p>Freddie Poole\\u2019s Martial Arts\\u00ae is a unique and modern training system that combines traditional values and principles with a modern system of combat, self-defense and fitness.&nbsp;<\\/p>\",\"backgroundColor\":\"#000000\",\"backgroundImage\":[\"8\"],\"contactButton\":\"1\"}},\"18\":{\"type\":\"homePrograms\",\"enabled\":\"1\",\"fields\":{\"heading\":\"Approach\",\"body\":\"<p>This unique approach creates a balanced and well-rounded martial artist. The key to our success is that each discipline is introduced in stages to the student, rather than front-loading a program. This methodical approach ensures students are learning and mastering techniques at the highest level, as opposed to just going through motions.&nbsp;<\\/p>\",\"programs\":[\"16\",\"17\"],\"backgroundColor\":\"#000000\",\"backgroundImage\":[\"14\"]}},\"52\":{\"type\":\"homeLocations\",\"enabled\":\"1\",\"fields\":{\"heading\":\"Locations\",\"body\":\"<p>We currently have 2 locations to serve you.&nbsp;<\\/p>\",\"backgroundImage\":[\"11\"]}},\"53\":{\"type\":\"twoColumns\",\"enabled\":\"1\",\"fields\":{\"heading\":\"\",\"bodyLeft\":\"\",\"bodyRight\":\"<p>You too can enjoy the benefits of martial arts classes in Dallas. Come see for yourself why martial arts have been so popular for so many years. Our black belt instructors are here to help you achieve all your martial arts and fitness goals.<\\/p>\",\"columnsLeft\":\"col-3-of-5\",\"columnsRight\":\"col-2-of-5\",\"backgroundColor\":\"#000000\",\"backgroundImage\":[\"8\"],\"contactButton\":\"1\"}}}}}', '2016-04-21 04:22:32', '2016-04-21 04:22:32', '3176f491-4d20-425e-8e71-1bbbade8573d'),
 ('36', '2', '1', '1', 'en_us', '11', '', '{\"typeId\":null,\"authorId\":null,\"title\":\"Home\",\"slug\":\"homepage\",\"postDate\":1457804906,\"expiryDate\":null,\"enabled\":1,\"parentId\":null,\"fields\":{\"5\":{\"15\":{\"type\":\"homeHero\",\"enabled\":\"1\",\"fields\":{\"heading\":\"Kick. Punch. Learn.\",\"body\":\"<p>Freddie Poole\\u2019s Martial Arts\\u00ae is a unique and modern training system that combines traditional values and principles with a modern system of combat, self-defense and fitness.&nbsp;<\\/p>\",\"backgroundColor\":\"#000000\",\"backgroundImage\":[\"8\"],\"contactButton\":\"1\"}},\"18\":{\"type\":\"homePrograms\",\"enabled\":\"1\",\"fields\":{\"heading\":\"Approach\",\"body\":\"<p>This unique approach creates a balanced and well-rounded martial artist. The key to our success is that each discipline is introduced in stages to the student, rather than front-loading a program. This methodical approach ensures students are learning and mastering techniques at the highest level, as opposed to just going through motions.&nbsp;<\\/p>\",\"programs\":[\"16\",\"17\"],\"backgroundColor\":\"#000000\",\"backgroundImage\":[\"14\"]}},\"52\":{\"type\":\"homeLocations\",\"enabled\":\"1\",\"fields\":{\"heading\":\"Locations\",\"body\":\"<p>We currently have 2 locations to serve you.&nbsp;<\\/p>\",\"backgroundImage\":[\"11\"]}},\"53\":{\"type\":\"twoColumns\",\"enabled\":\"1\",\"fields\":{\"heading\":\"\",\"bodyLeft\":\"<p>You too can enjoy the benefits of martial arts classes in Dallas. Come see for yourself why martial arts have been so popular for so many years. Our black belt instructors are here to help you achieve all your martial arts and fitness goals.<\\/p>\",\"bodyRight\":\"\",\"columnsLeft\":\"col-3-of-5\",\"columnsRight\":\"col-2-of-5\",\"backgroundColor\":\"#000000\",\"backgroundImage\":[\"8\"],\"contactButton\":\"1\"}}}}}', '2016-04-21 04:23:28', '2016-04-21 04:23:28', '524370a2-b374-42c8-9030-196c15d8cd2b'),
 ('37', '27', '3', '1', 'en_us', '2', '', '{\"typeId\":\"3\",\"authorId\":\"1\",\"title\":\"Staff\",\"slug\":\"staff\",\"postDate\":1458873960,\"expiryDate\":null,\"enabled\":1,\"parentId\":\"5\",\"fields\":{\"5\":{\"28\":{\"type\":\"secondaryHero\",\"enabled\":\"1\",\"fields\":{\"heading\":\"Staff\",\"body\":\"<p>Globally syndicate market positioning niches with accurate platforms. Energistically coordinate exceptional e-tailers without open-source functionalities.<\\/p>\",\"contactButton\":\"1\",\"backgroundColor\":\"#000000\",\"backgroundImage\":[\"41\"],\"mapTitle\":\"\",\"mapContent\":\"\",\"mapAddress\":\"\",\"flexibleArea\":\"\"}},\"29\":{\"type\":\"staff\",\"enabled\":\"1\",\"fields\":{\"image\":[\"43\"],\"staffName\":\"Mike Rose\",\"staffTitle\":\"Machado Jiu Jitsu Black Belt Judo Black Belt\",\"body\":\"<p>Seamlessly target business web services for standardized schemas. Authoritatively transform ethical core competencies and excellent materials. Professionally exploit sustainable data for e-business systems. Collaboratively procrastinate standards compliant deliverables rather than value-added architectures. Rapidiously recaptiualize intuitive paradigms via collaborative testing procedures. Competently myocardinate sticky mindshare for competitive resources. Intrinsicly enable economically sound potentialities with enterprise-wide sources.&nbsp;<\\/p>\"}},\"30\":{\"type\":\"staff\",\"enabled\":\"1\",\"fields\":{\"image\":[\"45\"],\"staffName\":\"Westin Poole\",\"staffTitle\":\"Machado Jiu Jitsu Black Belt Judo Black Belt\",\"body\":\"<p>Seamlessly target business web services for standardized schemas. Authoritatively transform ethical core competencies and excellent materials. Professionally exploit sustainable data for e-business systems. Collaboratively procrastinate standards compliant deliverables rather than value-added architectures. Rapidiously recaptiualize intuitive paradigms via collaborative testing procedures. Competently myocardinate sticky mindshare for competitive resources. Intrinsicly enable economically sound potentialities with enterprise-wide sources.&nbsp;<\\/p>\"}},\"31\":{\"type\":\"staff\",\"enabled\":\"1\",\"fields\":{\"image\":[\"46\"],\"staffName\":\"Randy Stem\",\"staffTitle\":\"Machado Jiu Jitsu Black Belt Judo Black Belt\",\"body\":\"<p>Seamlessly target business web services for standardized schemas. Authoritatively transform ethical core competencies and excellent materials. Professionally exploit sustainable data for e-business systems. Collaboratively procrastinate standards compliant deliverables rather than value-added architectures. Rapidiously recaptiualize intuitive paradigms via collaborative testing procedures. Competently myocardinate sticky mindshare for competitive resources. Intrinsicly enable economically sound potentialities with enterprise-wide sources.&nbsp;<\\/p>\"}}},\"4\":\"\",\"3\":\"\"}}', '2016-04-21 04:24:56', '2016-04-21 04:24:56', '94ef1af0-4872-4e41-b131-27d0fca9f732'),
 ('38', '34', '3', '1', 'en_us', '2', '', '{\"typeId\":\"3\",\"authorId\":\"1\",\"title\":\"Dallas\",\"slug\":\"dallas\",\"postDate\":1459032240,\"expiryDate\":null,\"enabled\":1,\"parentId\":\"7\",\"fields\":{\"5\":{\"35\":{\"type\":\"secondaryHero\",\"enabled\":\"1\",\"fields\":{\"heading\":\"Dallas\",\"body\":\"<p>Globally syndicate market positioning niches with accurate platforms. Energistically coordinate exceptional e-tailers without open-source functionalities.&nbsp;<\\/p>\",\"contactButton\":\"1\",\"backgroundColor\":\"#000000\",\"backgroundImage\":[\"38\"],\"mapTitle\":\"Freddie Poole\'s Martial Arts\\u00ae\",\"mapContent\":\"<p>5757 W. Lovers Lane #217 Dallas,&nbsp;<\\/p>\\r\\n\\r\\n<p>TX United States 75209<\\/p>\",\"mapAddress\":\"5757 W. Lovers Lane #217 Dallas, TX United States 75209\",\"flexibleArea\":\"<p>This is a flexible Marketing area. Fill it wil specials, messages or anything else!<\\/p>\"}},\"new1\":{\"type\":\"events\",\"enabled\":\"1\",\"fields\":{\"heading\":\"Event Calendar\",\"body\":\"\",\"location\":\"dallas\"}}},\"4\":\"\",\"3\":\"\"}}', '2016-04-21 04:35:34', '2016-04-21 04:35:34', 'b389623a-49aa-4c0b-a57f-8729e1650a7a'),
 ('39', '51', '4', '1', 'en_us', '2', '', '{\"typeId\":\"5\",\"authorId\":\"1\",\"title\":\"K2 Assent\",\"slug\":\"k2-assent\",\"postDate\":1461212220,\"expiryDate\":null,\"enabled\":1,\"parentId\":null,\"fields\":{\"60\":{\"startDate\":{\"date\":\"4\\/21\\/2016\",\"time\":\"1:00 AM\"},\"endDate\":{\"date\":\"4\\/21\\/2016\",\"time\":\"4:00 AM\"},\"repeat\":\"1\",\"rRule\":\"FREQ=WEEKLY;DSTART=20160420T000000Z;BYDAY=TU,TH;WKST=MO\",\"summary\":\"Weekly on Tuesday and Thursday\"},\"59\":\"dallas\"}}', '2016-04-21 04:37:03', '2016-04-21 04:37:03', '114a0385-e18c-4aed-984e-f4d7378405a7'),
 ('40', '33', '3', '1', 'en_us', '2', '', '{\"typeId\":\"3\",\"authorId\":\"1\",\"title\":\"Specials\",\"slug\":\"specials\",\"postDate\":1458879720,\"expiryDate\":null,\"enabled\":1,\"parentId\":\"\",\"fields\":{\"5\":{\"new1\":{\"type\":\"secondaryHero\",\"enabled\":\"1\",\"fields\":{\"heading\":\"Specials\",\"body\":\"<p>Globally syndicate market positioning niches with accurate platforms. Energistically coordinate exceptional e-tailers without open-source functionalities.&nbsp;<\\/p>\",\"contactButton\":\"1\",\"backgroundColor\":\"#000000\",\"backgroundImage\":\"\",\"mapTitle\":\"\",\"mapContent\":\"\",\"mapAddress\":\"\",\"flexibleArea\":\"\"}},\"new2\":{\"type\":\"oneColumn\",\"enabled\":\"1\",\"fields\":{\"heading\":\"Parent\\u2019s Nights Out\",\"body\":\"<p>Seamlessly target business web services for standardized schemas. Authoritatively transform ethical core competencies and excellent materials. Professionally exploit sustainable data for e-business systems. Collaboratively procrastinate standards compliant deliverables rather than value-added architectures. Rapidiously recaptiualize intuitive paradigms via collaborative testing procedures. Competently myocardinate sticky mindshare for competitive resources. Intrinsicly enable economically sound potentialities with enterprise-wide sources.&nbsp;<\\/p>\",\"backgroundColor\":\"#000000\",\"backgroundImage\":\"\"}},\"new3\":{\"type\":\"oneColumn\",\"enabled\":\"1\",\"fields\":{\"heading\":\"Birthday Parties\",\"body\":\"<p>Seamlessly target business web services for standardized schemas. Authoritatively transform ethical core competencies and excellent materials. Professionally exploit sustainable data for e-business systems. Collaboratively procrastinate standards compliant deliverables rather than value-added architectures. Rapidiously recaptiualize intuitive paradigms via collaborative testing procedures. Competently myocardinate sticky mindshare for competitive resources. Intrinsicly enable economically sound potentialities with enterprise-wide sources.&nbsp;<br><\\/p>\",\"backgroundColor\":\"#dadada\",\"backgroundImage\":\"\"}},\"new4\":{\"type\":\"oneColumn\",\"enabled\":\"1\",\"fields\":{\"heading\":\"Special Events\",\"body\":\"<p>Seamlessly target business web services for standardized schemas. Authoritatively transform ethical core competencies and excellent materials. Professionally exploit sustainable data for e-business systems. Collaboratively procrastinate standards compliant deliverables rather than value-added architectures. Rapidiously recaptiualize intuitive paradigms via collaborative testing procedures. Competently myocardinate sticky mindshare for competitive resources. Intrinsicly enable economically sound potentialities with enterprise-wide sources.&nbsp;<br><\\/p>\",\"backgroundColor\":\"#000000\",\"backgroundImage\":\"\"}}},\"4\":\"\",\"3\":\"\"}}', '2016-04-21 04:39:51', '2016-04-21 04:39:51', 'beed125e-b602-461e-935e-aac888a1001a'),
 ('41', '33', '3', '1', 'en_us', '3', '', '{\"typeId\":\"3\",\"authorId\":\"1\",\"title\":\"Specials\",\"slug\":\"specials\",\"postDate\":1458879720,\"expiryDate\":null,\"enabled\":1,\"parentId\":\"\",\"fields\":{\"5\":{\"55\":{\"type\":\"secondaryHero\",\"enabled\":\"1\",\"fields\":{\"heading\":\"Specials\",\"body\":\"<p>Globally syndicate market positioning niches with accurate platforms. Energistically coordinate exceptional e-tailers without open-source functionalities.&nbsp;<\\/p>\",\"contactButton\":\"1\",\"backgroundColor\":\"#000000\",\"backgroundImage\":[\"40\"],\"mapTitle\":\"\",\"mapContent\":\"\",\"mapAddress\":\"\",\"flexibleArea\":\"\"}},\"56\":{\"type\":\"oneColumn\",\"enabled\":\"1\",\"fields\":{\"heading\":\"Parent\\u2019s Nights Out\",\"body\":\"<p>Seamlessly target business web services for standardized schemas. Authoritatively transform ethical core competencies and excellent materials. Professionally exploit sustainable data for e-business systems. Collaboratively procrastinate standards compliant deliverables rather than value-added architectures. Rapidiously recaptiualize intuitive paradigms via collaborative testing procedures. Competently myocardinate sticky mindshare for competitive resources. Intrinsicly enable economically sound potentialities with enterprise-wide sources.&nbsp;<\\/p>\",\"backgroundColor\":\"#000000\",\"backgroundImage\":\"\"}},\"57\":{\"type\":\"oneColumn\",\"enabled\":\"1\",\"fields\":{\"heading\":\"Birthday Parties\",\"body\":\"<p>Seamlessly target business web services for standardized schemas. Authoritatively transform ethical core competencies and excellent materials. Professionally exploit sustainable data for e-business systems. Collaboratively procrastinate standards compliant deliverables rather than value-added architectures. Rapidiously recaptiualize intuitive paradigms via collaborative testing procedures. Competently myocardinate sticky mindshare for competitive resources. Intrinsicly enable economically sound potentialities with enterprise-wide sources.&nbsp;<br><\\/p>\",\"backgroundColor\":\"#dadada\",\"backgroundImage\":\"\"}},\"58\":{\"type\":\"oneColumn\",\"enabled\":\"1\",\"fields\":{\"heading\":\"Special Events\",\"body\":\"<p>Seamlessly target business web services for standardized schemas. Authoritatively transform ethical core competencies and excellent materials. Professionally exploit sustainable data for e-business systems. Collaboratively procrastinate standards compliant deliverables rather than value-added architectures. Rapidiously recaptiualize intuitive paradigms via collaborative testing procedures. Competently myocardinate sticky mindshare for competitive resources. Intrinsicly enable economically sound potentialities with enterprise-wide sources.&nbsp;<br><\\/p>\",\"backgroundColor\":\"#000000\",\"backgroundImage\":\"\"}}},\"4\":\"\",\"3\":\"\"}}', '2016-04-21 04:40:43', '2016-04-21 04:40:43', '94f80465-98a3-44e8-bc2f-f7e0f7606f88'),
 ('42', '32', '3', '1', 'en_us', '2', '', '{\"typeId\":\"3\",\"authorId\":\"1\",\"title\":\"Contact Us\",\"slug\":\"contact-us\",\"postDate\":1458879660,\"expiryDate\":null,\"enabled\":1,\"parentId\":\"\",\"fields\":{\"5\":{\"new2\":{\"type\":\"secondaryHero\",\"enabled\":\"1\",\"fields\":{\"heading\":\"Contact Us\",\"body\":\"<p>Globally syndicate market positioning niches with accurate platforms. Energistically coordinate exceptional e-tailers without open-source functionalities.&nbsp;<\\/p>\",\"contactButton\":\"\",\"backgroundColor\":\"#000000\",\"backgroundImage\":\"\",\"mapTitle\":\"\",\"mapContent\":\"\",\"mapAddress\":\"\",\"flexibleArea\":\"\"}}},\"4\":\"\",\"3\":\"\"}}', '2016-04-21 04:41:43', '2016-04-21 04:41:43', '8df6360b-0756-474f-89c5-4f28659b19b4'),
 ('43', '32', '3', '1', 'en_us', '3', '', '{\"typeId\":\"3\",\"authorId\":\"1\",\"title\":\"Contact Us\",\"slug\":\"contact-us\",\"postDate\":1458879660,\"expiryDate\":null,\"enabled\":1,\"parentId\":\"\",\"fields\":{\"5\":{\"59\":{\"type\":\"secondaryHero\",\"enabled\":\"1\",\"fields\":{\"heading\":\"Contact Us\",\"body\":\"<p>Globally syndicate market positioning niches with accurate platforms. Energistically coordinate exceptional e-tailers without open-source functionalities.&nbsp;<\\/p>\",\"contactButton\":\"\",\"backgroundColor\":\"#000000\",\"backgroundImage\":\"\",\"mapTitle\":\"\",\"mapContent\":\"\",\"mapAddress\":\"\",\"flexibleArea\":\"\"}},\"new1\":{\"type\":\"contact\",\"enabled\":\"1\",\"fields\":{\"heading\":\"Contact Us\",\"body\":\"\",\"backgroundColor\":\"#f5f5f5\"}}},\"4\":\"\",\"3\":\"\"}}', '2016-04-21 04:42:25', '2016-04-21 04:42:25', '7cf7ad9d-5e8b-4f77-9868-991674c36cdd'),
 ('44', '32', '3', '1', 'en_us', '4', '', '{\"typeId\":\"3\",\"authorId\":\"1\",\"title\":\"Contact Us\",\"slug\":\"contact-us\",\"postDate\":1458879660,\"expiryDate\":null,\"enabled\":1,\"parentId\":\"\",\"fields\":{\"5\":{\"59\":{\"type\":\"secondaryHero\",\"enabled\":\"1\",\"fields\":{\"heading\":\"Contact Us\",\"body\":\"<p>Globally syndicate market positioning niches with accurate platforms. Energistically coordinate exceptional e-tailers without open-source functionalities.&nbsp;<\\/p>\",\"contactButton\":\"\",\"backgroundColor\":\"#000000\",\"backgroundImage\":[\"37\"],\"mapTitle\":\"\",\"mapContent\":\"\",\"mapAddress\":\"\",\"flexibleArea\":\"\"}},\"60\":{\"type\":\"contact\",\"enabled\":\"1\",\"fields\":{\"heading\":\"Contact Us\",\"body\":\"\",\"backgroundColor\":\"#f5f5f5\"}}},\"4\":\"\",\"3\":\"\"}}', '2016-04-21 04:42:48', '2016-04-21 04:42:48', 'c41ac04f-b974-47c2-b727-1e989d82f72d');



DROP TABLE IF EXISTS `craft_fieldgroups`;


--
-- Schema for table `craft_fieldgroups`
--
CREATE TABLE `craft_fieldgroups` (
  `id` int(11) NOT NULL AUTO_INCREMENT,
  `name` varchar(255) COLLATE utf8_unicode_ci NOT NULL,
  `dateCreated` datetime NOT NULL,
  `dateUpdated` datetime NOT NULL,
  `uid` char(36) COLLATE utf8_unicode_ci NOT NULL DEFAULT '0',
  PRIMARY KEY (`id`),
  UNIQUE KEY `craft_fieldgroups_name_unq_idx` (`name`)
) ENGINE=InnoDB AUTO_INCREMENT=9 DEFAULT CHARSET=utf8 COLLATE=utf8_unicode_ci;

--
-- Data for table `craft_fieldgroups`
--

INSERT INTO `craft_fieldgroups` (`id`, `name`, `dateCreated`, `dateUpdated`, `uid`) VALUES
 ('1', 'Default', '2016-03-12 17:48:26', '2016-03-12 17:48:26', 'e90c6858-3198-498b-92cf-723381d00a7a'),
 ('2', 'seo', '2016-03-12 18:39:12', '2016-03-12 18:39:12', '3b62ccf9-aa6e-4085-a07b-48230a2f312e'),
 ('5', 'Programs', '2016-03-16 03:28:25', '2016-03-16 03:28:25', '242a1714-79df-404b-8254-f9bf5ee3fa9c'),
 ('6', 'Site Info', '2016-03-17 02:24:45', '2016-03-17 02:24:45', '64f0de4d-925f-41ab-abd9-24f2914a1117'),
 ('7', 'Form', '2016-03-26 23:51:01', '2016-03-26 23:51:01', 'a33d6946-18de-4099-bbbe-b262dab61ebb'),
 ('8', 'Events', '2016-04-21 04:09:40', '2016-04-21 04:09:40', 'a82957ed-1faa-45ac-bda7-3c1755bf15fa');



DROP TABLE IF EXISTS `craft_fieldlayoutfields`;


--
-- Schema for table `craft_fieldlayoutfields`
--
CREATE TABLE `craft_fieldlayoutfields` (
  `id` int(11) NOT NULL AUTO_INCREMENT,
  `layoutId` int(11) NOT NULL,
  `tabId` int(11) NOT NULL,
  `fieldId` int(11) NOT NULL,
  `required` tinyint(1) unsigned NOT NULL DEFAULT '0',
  `sortOrder` smallint(6) unsigned DEFAULT NULL,
  `dateCreated` datetime NOT NULL,
  `dateUpdated` datetime NOT NULL,
  `uid` char(36) COLLATE utf8_unicode_ci NOT NULL DEFAULT '0',
  PRIMARY KEY (`id`),
  UNIQUE KEY `craft_fieldlayoutfields_layoutId_fieldId_unq_idx` (`layoutId`,`fieldId`),
  KEY `craft_fieldlayoutfields_sortOrder_idx` (`sortOrder`),
  KEY `craft_fieldlayoutfields_tabId_fk` (`tabId`),
  KEY `craft_fieldlayoutfields_fieldId_fk` (`fieldId`)
) ENGINE=InnoDB AUTO_INCREMENT=489 DEFAULT CHARSET=utf8 COLLATE=utf8_unicode_ci;

--
-- Data for table `craft_fieldlayoutfields`
--

INSERT INTO `craft_fieldlayoutfields` (`id`, `layoutId`, `tabId`, `fieldId`, `required`, `sortOrder`, `dateCreated`, `dateUpdated`, `uid`) VALUES
 ('2', '5', '2', '1', '1', '1', '2016-03-12 17:48:26', '2016-03-12 17:48:26', 'b90d4b5d-11be-438e-b0fd-a3545aebc0a6'),
 ('3', '5', '2', '2', '0', '2', '2016-03-12 17:48:26', '2016-03-12 17:48:26', 'fab07d60-a404-4dd5-989e-1ef64c735051'),
 ('5', '8', '4', '3', '0', '1', '2016-03-12 18:41:27', '2016-03-12 18:41:27', 'adeff19b-dbc9-4218-a984-f8348f920fb2'),
 ('6', '8', '4', '4', '0', '2', '2016-03-12 18:41:27', '2016-03-12 18:41:27', 'fa604aec-74e9-472b-a70d-f3338a18c590'),
 ('9', '11', '6', '5', '0', '1', '2016-03-12 19:00:02', '2016-03-12 19:00:02', 'd0bf43b3-6b0e-47be-9edc-3a05e80d5f0c'),
 ('29', '17', '11', '5', '0', '1', '2016-03-16 03:30:15', '2016-03-16 03:30:15', 'a847299c-3485-423e-bb7e-a9ecee25aa9d'),
 ('30', '17', '12', '4', '0', '1', '2016-03-16 03:30:15', '2016-03-16 03:30:15', '8295ba87-353e-4d7a-812a-b9749426087b'),
 ('31', '17', '12', '3', '0', '2', '2016-03-16 03:30:15', '2016-03-16 03:30:15', '828f5636-c1ce-402c-b984-5e973ac009fb'),
 ('32', '18', '13', '22', '0', '1', '2016-03-16 03:30:47', '2016-03-16 03:30:47', '6e776c58-300d-47ed-bd92-e2c98968a813'),
 ('33', '18', '13', '5', '0', '2', '2016-03-16 03:30:47', '2016-03-16 03:30:47', '9ccccb66-b781-4109-a7bf-3492c7db8ee4'),
 ('34', '18', '14', '4', '0', '1', '2016-03-16 03:30:47', '2016-03-16 03:30:47', '7b4561be-e037-4a20-bc82-beaa97173bc7'),
 ('35', '18', '14', '3', '0', '2', '2016-03-16 03:30:47', '2016-03-16 03:30:47', '7c4c6807-2aaf-4e05-8016-e28be80d1bcb'),
 ('388', '92', '85', '31', '0', '1', '2016-04-21 03:59:56', '2016-04-21 03:59:56', '2e047cfb-b2d8-4588-b844-7320c2c5c6dd'),
 ('389', '92', '85', '48', '0', '2', '2016-04-21 03:59:56', '2016-04-21 03:59:56', '6beed083-5552-4444-864a-eafc3a77ae1b'),
 ('390', '92', '85', '49', '0', '3', '2016-04-21 03:59:56', '2016-04-21 03:59:56', '7d556a39-d1b8-4073-a5a0-56f56a6b2ce4'),
 ('391', '92', '85', '50', '0', '4', '2016-04-21 03:59:56', '2016-04-21 03:59:56', '3bc6c4c7-13ca-49b3-8a8c-ee180c949328'),
 ('434', '103', '95', '59', '0', '1', '2016-04-21 04:12:59', '2016-04-21 04:12:59', 'a07c1d65-62a0-4794-932f-dced2f381cb4'),
 ('435', '103', '95', '60', '0', '2', '2016-04-21 04:12:59', '2016-04-21 04:12:59', '8a6c695b-0513-4f9c-9c0b-b9ea196c0eef'),
 ('436', '104', '96', '10', '0', '1', '2016-04-21 04:22:07', '2016-04-21 04:22:07', '459322fc-a23b-41d9-bdf0-77eb30354c8b'),
 ('437', '104', '96', '11', '0', '2', '2016-04-21 04:22:07', '2016-04-21 04:22:07', 'bc55acc2-284c-4e5d-902f-eb23213f935f'),
 ('438', '104', '96', '12', '0', '3', '2016-04-21 04:22:07', '2016-04-21 04:22:07', '80fcd557-241a-47ef-b992-326377773b4a'),
 ('439', '104', '96', '13', '0', '4', '2016-04-21 04:22:07', '2016-04-21 04:22:07', '13619fdd-abca-47a4-aa41-c8a7080b5c7f'),
 ('440', '104', '96', '32', '0', '5', '2016-04-21 04:22:07', '2016-04-21 04:22:07', '3d11103e-306c-45ad-a562-333bdd0079a6'),
 ('441', '105', '97', '33', '0', '1', '2016-04-21 04:22:07', '2016-04-21 04:22:07', 'c206e1d1-489f-40a5-9eda-a4e442ae5c22'),
 ('442', '105', '97', '34', '0', '2', '2016-04-21 04:22:07', '2016-04-21 04:22:07', 'ba908ff6-fbb0-40a1-affd-7f45a7cefa0c'),
 ('443', '105', '97', '35', '0', '3', '2016-04-21 04:22:07', '2016-04-21 04:22:07', 'a059c989-1413-41e1-903a-b551486d4abc'),
 ('444', '105', '97', '36', '0', '4', '2016-04-21 04:22:07', '2016-04-21 04:22:07', '76b6f4de-6918-4031-bb6e-5b03767453ec'),
 ('445', '105', '97', '37', '0', '5', '2016-04-21 04:22:07', '2016-04-21 04:22:07', '40672738-1869-401c-93b1-bdd3c68cd210'),
 ('446', '105', '97', '39', '0', '6', '2016-04-21 04:22:07', '2016-04-21 04:22:07', 'ab12fac6-b041-4ac0-b354-64b1f6c6c956'),
 ('447', '105', '97', '45', '0', '7', '2016-04-21 04:22:07', '2016-04-21 04:22:07', 'f85d35ee-42a6-4075-add8-87f5961f0618'),
 ('448', '105', '97', '38', '0', '8', '2016-04-21 04:22:07', '2016-04-21 04:22:07', '35b5acfe-6bd4-46fb-a8b2-bd288812cb17'),
 ('449', '105', '97', '40', '0', '9', '2016-04-21 04:22:07', '2016-04-21 04:22:07', '6e2bfc77-4853-4126-bb85-c66278dd6cb2'),
 ('450', '106', '98', '6', '0', '1', '2016-04-21 04:22:07', '2016-04-21 04:22:07', '9c0a80fa-033c-41b5-ac48-9e40f8daccf4'),
 ('451', '106', '98', '7', '0', '2', '2016-04-21 04:22:07', '2016-04-21 04:22:07', '5c096698-17ea-4a7f-ad10-ac3fb0898553'),
 ('452', '106', '98', '8', '0', '3', '2016-04-21 04:22:07', '2016-04-21 04:22:07', 'dbbcad59-ab63-4441-b68f-8057e987b940'),
 ('453', '106', '98', '9', '0', '4', '2016-04-21 04:22:07', '2016-04-21 04:22:07', '47580eed-f4e5-4db3-92d0-987abbb20915'),
 ('454', '107', '99', '14', '0', '1', '2016-04-21 04:22:07', '2016-04-21 04:22:07', 'b63d13a0-5297-4285-aea7-197ecb8f3da1'),
 ('455', '107', '99', '15', '0', '2', '2016-04-21 04:22:07', '2016-04-21 04:22:07', 'c2080dc1-20dd-48c9-97a6-662945ddc6b3'),
 ('456', '107', '99', '16', '0', '3', '2016-04-21 04:22:07', '2016-04-21 04:22:07', 'd8cb7233-bd34-4a0c-a98e-f7ba0cc623d9'),
 ('457', '107', '99', '17', '0', '4', '2016-04-21 04:22:07', '2016-04-21 04:22:07', '0269e0e1-40d2-42c7-bfeb-11f4c6e4d17f'),
 ('458', '107', '99', '18', '0', '5', '2016-04-21 04:22:07', '2016-04-21 04:22:07', '1518791d-0906-4fee-9098-4545d7565893'),
 ('459', '107', '99', '19', '0', '6', '2016-04-21 04:22:07', '2016-04-21 04:22:07', '270b4cc0-e511-4c2e-8583-831738f52c3f'),
 ('460', '107', '99', '20', '0', '7', '2016-04-21 04:22:07', '2016-04-21 04:22:07', 'a6a5fb02-b2f6-4c3e-ba71-c676d6ec302c'),
 ('461', '107', '99', '61', '0', '8', '2016-04-21 04:22:07', '2016-04-21 04:22:07', '9458e159-fa33-47c0-8dbd-7d5ebd2a174b'),
 ('462', '108', '100', '26', '0', '1', '2016-04-21 04:22:07', '2016-04-21 04:22:07', '7f353e2d-d825-4b7c-867a-eb2030ab380f'),
 ('463', '108', '100', '27', '0', '2', '2016-04-21 04:22:07', '2016-04-21 04:22:07', 'dce9a4aa-012a-405b-82bf-1e23d0447bde'),
 ('464', '108', '100', '28', '0', '3', '2016-04-21 04:22:07', '2016-04-21 04:22:07', 'fe98ef64-3dd8-429f-8e56-12754485944d'),
 ('465', '108', '100', '29', '0', '4', '2016-04-21 04:22:07', '2016-04-21 04:22:07', 'd58edd0a-6641-49d6-a041-a09e33549195'),
 ('466', '108', '100', '30', '0', '5', '2016-04-21 04:22:07', '2016-04-21 04:22:07', '837e4351-ed25-444b-8e07-aa37256507d9'),
 ('467', '109', '101', '51', '0', '1', '2016-04-21 04:22:07', '2016-04-21 04:22:07', 'a5d8b530-3f75-4bf8-8ff3-af1018b2c860'),
 ('468', '109', '101', '52', '0', '2', '2016-04-21 04:22:07', '2016-04-21 04:22:07', '4637fb76-05c7-4a50-967b-eef939e52391'),
 ('469', '109', '101', '62', '0', '3', '2016-04-21 04:22:07', '2016-04-21 04:22:07', '212bba17-3202-4406-8ef5-12d2d93333c0'),
 ('470', '110', '102', '41', '0', '1', '2016-04-21 04:22:07', '2016-04-21 04:22:07', '1f35ca55-b4f9-4e1f-9974-265d306f0672'),
 ('471', '110', '102', '42', '0', '2', '2016-04-21 04:22:07', '2016-04-21 04:22:07', 'adc42319-68ff-4bdf-bc25-6b0129b6cfc5'),
 ('472', '110', '102', '43', '0', '3', '2016-04-21 04:22:07', '2016-04-21 04:22:07', '7610ad01-08a5-4ddf-8b5f-23f1883ca3f8'),
 ('473', '110', '102', '44', '0', '4', '2016-04-21 04:22:07', '2016-04-21 04:22:07', '75209aa4-b527-42d6-b6bf-d58846e3ab9c'),
 ('474', '111', '103', '53', '0', '1', '2016-04-21 04:22:07', '2016-04-21 04:22:07', 'beba3abf-f178-4ebf-8269-a5f8b9815537'),
 ('475', '111', '103', '54', '0', '2', '2016-04-21 04:22:07', '2016-04-21 04:22:07', '027acaf1-187b-4219-8b32-6f1b7ffc9957'),
 ('476', '111', '103', '55', '0', '3', '2016-04-21 04:22:07', '2016-04-21 04:22:07', '9b5d4248-6868-40a8-bf1a-1a1eac4ce4d1'),
 ('477', '112', '104', '56', '0', '1', '2016-04-21 04:22:07', '2016-04-21 04:22:07', '2a136e63-1b39-48f1-b211-2debb65bc460'),
 ('478', '112', '104', '57', '0', '2', '2016-04-21 04:22:07', '2016-04-21 04:22:07', '3cc0f657-7d9e-45cc-8c8b-db3064c6c1ca'),
 ('479', '112', '104', '58', '0', '3', '2016-04-21 04:22:07', '2016-04-21 04:22:07', '818fa422-c66f-4df8-942c-79163841a56e'),
 ('484', '114', '106', '46', '1', '1', '2016-04-21 04:34:09', '2016-04-21 04:34:09', 'd638bc63-1bcd-44ed-9d11-28be52ccd2b6'),
 ('485', '114', '106', '63', '1', '2', '2016-04-21 04:34:09', '2016-04-21 04:34:09', '241b4b41-a748-41d5-bd48-f449f24df7e2'),
 ('486', '114', '106', '64', '1', '3', '2016-04-21 04:34:09', '2016-04-21 04:34:09', 'd0c1c8e8-68d5-4add-9123-7de1982381d1'),
 ('487', '114', '106', '47', '1', '4', '2016-04-21 04:34:09', '2016-04-21 04:34:09', '2e1b73e1-0e84-4b62-a305-6e8a26b66882'),
 ('488', '114', '106', '65', '0', '5', '2016-04-21 04:34:09', '2016-04-21 04:34:09', '1d25acf4-b181-42df-9db6-088133fd4a33');



DROP TABLE IF EXISTS `craft_fieldlayouts`;


--
-- Schema for table `craft_fieldlayouts`
--
CREATE TABLE `craft_fieldlayouts` (
  `id` int(11) NOT NULL AUTO_INCREMENT,
  `type` varchar(150) COLLATE utf8_unicode_ci NOT NULL,
  `dateCreated` datetime NOT NULL,
  `dateUpdated` datetime NOT NULL,
  `uid` char(36) COLLATE utf8_unicode_ci NOT NULL DEFAULT '0',
  PRIMARY KEY (`id`),
  KEY `craft_fieldlayouts_type_idx` (`type`)
) ENGINE=InnoDB AUTO_INCREMENT=115 DEFAULT CHARSET=utf8 COLLATE=utf8_unicode_ci;

--
-- Data for table `craft_fieldlayouts`
--

INSERT INTO `craft_fieldlayouts` (`id`, `type`, `dateCreated`, `dateUpdated`, `uid`) VALUES
 ('1', 'Tag', '2016-03-12 17:48:26', '2016-03-12 17:48:26', '39ecdb8f-690a-4a80-bb51-044b7406d8a7'),
 ('5', 'Entry', '2016-03-12 17:48:26', '2016-03-12 17:48:26', 'c2251bf2-687a-4055-8962-4c73daa84979'),
 ('8', 'GlobalSet', '2016-03-12 18:41:27', '2016-03-12 18:41:27', '4587b21f-67ee-4fc1-a4b9-71d254218e3f'),
 ('11', 'Entry', '2016-03-12 19:00:02', '2016-03-12 19:00:02', '0c2093fc-81d8-47ff-8526-0a8a43c263d6'),
 ('13', 'Asset', '2016-03-16 02:11:23', '2016-03-16 02:11:23', '15b8d15f-8768-4503-811a-6b35ffffbb55'),
 ('17', 'Entry', '2016-03-16 03:30:15', '2016-03-16 03:30:15', 'b6c63324-de0a-425e-b3cc-2ada712c7bf8'),
 ('18', 'Entry', '2016-03-16 03:30:47', '2016-03-16 03:30:47', 'e00d1c48-082a-4cc8-84b1-12245db6132e'),
 ('70', 'Asset', '2016-03-25 02:38:02', '2016-03-25 02:38:02', '14a172e0-a714-415e-9056-6e54d5ecff39'),
 ('92', 'GlobalSet', '2016-04-21 03:59:56', '2016-04-21 03:59:56', 'a577f8aa-edc2-4301-8a71-23d9eef6beaa'),
 ('103', 'Entry', '2016-04-21 04:12:59', '2016-04-21 04:12:59', '096b0c40-55e6-4547-b7cd-f536300d79c7'),
 ('104', 'MatrixBlock', '2016-04-21 04:22:07', '2016-04-21 04:22:07', '28afd875-163d-4d72-8225-0eebfd71c945'),
 ('105', 'MatrixBlock', '2016-04-21 04:22:07', '2016-04-21 04:22:07', '13381e81-26f2-4381-9c56-2617508eef58'),
 ('106', 'MatrixBlock', '2016-04-21 04:22:07', '2016-04-21 04:22:07', '45ade17c-8957-4a10-b6ec-5c25e121b140'),
 ('107', 'MatrixBlock', '2016-04-21 04:22:07', '2016-04-21 04:22:07', 'b96c98b3-9884-4791-bdd3-e7211e27cf1b'),
 ('108', 'MatrixBlock', '2016-04-21 04:22:07', '2016-04-21 04:22:07', '08a5b53b-c397-4c51-890f-5f907244c582'),
 ('109', 'MatrixBlock', '2016-04-21 04:22:07', '2016-04-21 04:22:07', 'd2c7203f-319e-45b3-99ff-29ec0476c1fa'),
 ('110', 'MatrixBlock', '2016-04-21 04:22:07', '2016-04-21 04:22:07', '1f6c6620-8fad-4b66-8414-f767460c11d5'),
 ('111', 'MatrixBlock', '2016-04-21 04:22:07', '2016-04-21 04:22:07', '5369b495-3c2f-44df-bde9-f204f23ee922'),
 ('112', 'MatrixBlock', '2016-04-21 04:22:07', '2016-04-21 04:22:07', 'a0ae9565-1f56-44e6-a2f2-f822af6ad007'),
 ('114', 'Asset', '2016-04-21 04:34:09', '2016-04-21 04:34:09', '3dc8c29f-a8e8-465f-b09f-630e30393ca5');



DROP TABLE IF EXISTS `craft_fieldlayouttabs`;


--
-- Schema for table `craft_fieldlayouttabs`
--
CREATE TABLE `craft_fieldlayouttabs` (
  `id` int(11) NOT NULL AUTO_INCREMENT,
  `layoutId` int(11) NOT NULL,
  `name` varchar(255) COLLATE utf8_unicode_ci NOT NULL,
  `sortOrder` smallint(6) unsigned DEFAULT NULL,
  `dateCreated` datetime NOT NULL,
  `dateUpdated` datetime NOT NULL,
  `uid` char(36) COLLATE utf8_unicode_ci NOT NULL DEFAULT '0',
  PRIMARY KEY (`id`),
  KEY `craft_fieldlayouttabs_sortOrder_idx` (`sortOrder`),
  KEY `craft_fieldlayouttabs_layoutId_fk` (`layoutId`)
) ENGINE=InnoDB AUTO_INCREMENT=107 DEFAULT CHARSET=utf8 COLLATE=utf8_unicode_ci;

--
-- Data for table `craft_fieldlayouttabs`
--

INSERT INTO `craft_fieldlayouttabs` (`id`, `layoutId`, `name`, `sortOrder`, `dateCreated`, `dateUpdated`, `uid`) VALUES
 ('2', '5', 'Content', '1', '2016-03-12 17:48:26', '2016-03-12 17:48:26', '740375d5-82ff-47d3-9b6e-ff5dc0e7d4f4'),
 ('4', '8', 'Content', '1', '2016-03-12 18:41:27', '2016-03-12 18:41:27', 'f7c37392-3ce2-4502-9fd3-2f86416a3eeb'),
 ('6', '11', 'Content', '1', '2016-03-12 19:00:02', '2016-03-12 19:00:02', 'e57b3294-c116-4034-b0a2-16fac82e5293'),
 ('11', '17', 'Tab 1', '1', '2016-03-16 03:30:15', '2016-03-16 03:30:15', '56f950a8-b39e-42d6-9fd4-a1583264fe90'),
 ('12', '17', 'seo', '2', '2016-03-16 03:30:15', '2016-03-16 03:30:15', 'e8ab504a-e111-479e-aa4e-9286f4bb17ed'),
 ('13', '18', 'Tab 1', '1', '2016-03-16 03:30:47', '2016-03-16 03:30:47', 'f888960e-c165-48d2-9d60-adb112725175'),
 ('14', '18', 'seo', '2', '2016-03-16 03:30:47', '2016-03-16 03:30:47', 'c26ef7b4-b237-4fb4-8f4b-403e0c765d9a'),
 ('85', '92', 'Content', '1', '2016-04-21 03:59:56', '2016-04-21 03:59:56', 'e8321668-d635-4420-a76f-ec4570cdedde'),
 ('95', '103', 'Events', '1', '2016-04-21 04:12:59', '2016-04-21 04:12:59', '3636249a-6379-4882-ae29-84a90847fc29'),
 ('96', '104', 'Content', '1', '2016-04-21 04:22:07', '2016-04-21 04:22:07', 'ecc96685-0265-4026-82d9-b952c0bc7ea8'),
 ('97', '105', 'Content', '1', '2016-04-21 04:22:07', '2016-04-21 04:22:07', '4e9aeefe-6929-443d-92a6-63e1aa501c45'),
 ('98', '106', 'Content', '1', '2016-04-21 04:22:07', '2016-04-21 04:22:07', '7bdcb985-786d-4cf5-9b63-af931e5d7bca'),
 ('99', '107', 'Content', '1', '2016-04-21 04:22:07', '2016-04-21 04:22:07', 'cafdf5c7-23e4-41a0-9abd-8971d58adf6f'),
 ('100', '108', 'Content', '1', '2016-04-21 04:22:07', '2016-04-21 04:22:07', '3e5d5bb2-853e-448c-806a-e8acb2085b16'),
 ('101', '109', 'Content', '1', '2016-04-21 04:22:07', '2016-04-21 04:22:07', 'fad1d8cc-a006-4f87-ad45-29b14f1fd7ca'),
 ('102', '110', 'Content', '1', '2016-04-21 04:22:07', '2016-04-21 04:22:07', 'ee9b8f58-b26c-49fd-b232-8adf0a9b300d'),
 ('103', '111', 'Content', '1', '2016-04-21 04:22:07', '2016-04-21 04:22:07', '0729f830-c92c-40ed-b671-d04c708d6855'),
 ('104', '112', 'Content', '1', '2016-04-21 04:22:07', '2016-04-21 04:22:07', '717536b1-55f5-4642-90fc-c6c5f5b782cd'),
 ('106', '114', 'Form', '1', '2016-04-21 04:34:09', '2016-04-21 04:34:09', '5442c36c-c9ab-4f3d-a8e3-be84c20d83ec');



DROP TABLE IF EXISTS `craft_fields`;


--
-- Schema for table `craft_fields`
--
CREATE TABLE `craft_fields` (
  `id` int(11) NOT NULL AUTO_INCREMENT,
  `groupId` int(11) DEFAULT NULL,
  `name` varchar(255) COLLATE utf8_unicode_ci NOT NULL,
  `handle` varchar(58) COLLATE utf8_unicode_ci NOT NULL,
  `context` varchar(255) COLLATE utf8_unicode_ci NOT NULL DEFAULT 'global',
  `instructions` text COLLATE utf8_unicode_ci,
  `translatable` tinyint(1) unsigned NOT NULL DEFAULT '0',
  `type` varchar(150) COLLATE utf8_unicode_ci NOT NULL,
  `settings` text COLLATE utf8_unicode_ci,
  `dateCreated` datetime NOT NULL,
  `dateUpdated` datetime NOT NULL,
  `uid` char(36) COLLATE utf8_unicode_ci NOT NULL DEFAULT '0',
  PRIMARY KEY (`id`),
  UNIQUE KEY `craft_fields_handle_context_unq_idx` (`handle`,`context`),
  KEY `craft_fields_context_idx` (`context`),
  KEY `craft_fields_groupId_fk` (`groupId`)
) ENGINE=InnoDB AUTO_INCREMENT=66 DEFAULT CHARSET=utf8 COLLATE=utf8_unicode_ci;

--
-- Data for table `craft_fields`
--

INSERT INTO `craft_fields` (`id`, `groupId`, `name`, `handle`, `context`, `instructions`, `translatable`, `type`, `settings`, `dateCreated`, `dateUpdated`, `uid`) VALUES
 ('1', '1', 'Body', 'body', 'global', NULL, '1', 'RichText', '{\"configFile\":\"Standard.json\",\"columnType\":\"text\"}', '2016-03-12 17:48:26', '2016-03-12 17:48:26', 'feb1d338-18b4-4bd1-8759-f262e3467717'),
 ('2', '1', 'Tags', 'tags', 'global', NULL, '0', 'Tags', '{\"source\":\"taggroup:1\"}', '2016-03-12 17:48:26', '2016-03-12 17:48:26', 'f6aa0b30-8476-481c-bf32-bbebcc5f2cb7'),
 ('3', '2', 'Meta Title', 'metaTitle', 'global', '', '0', 'PlainText', '{\"placeholder\":\"\",\"maxLength\":\"\",\"multiline\":\"\",\"initialRows\":\"4\"}', '2016-03-12 18:40:07', '2016-03-12 18:40:07', '163bc1b5-c144-4694-88a7-9bcb5303c848'),
 ('4', '2', 'Meta Description', 'metaDescription', 'global', '', '0', 'PlainText', '{\"placeholder\":\"\",\"maxLength\":\"\",\"multiline\":\"\",\"initialRows\":\"4\"}', '2016-03-12 18:41:09', '2016-03-12 18:41:09', '5a83276a-0714-4c4c-9144-27ac7ef8fb33'),
 ('5', '1', 'Blocks', 'blocks', 'global', '', '0', 'Matrix', '{\"maxBlocks\":null}', '2016-03-12 18:58:50', '2016-04-21 04:22:07', '803930e7-7e46-46dd-aaa3-33ac49e7b20f'),
 ('6', NULL, 'Heading', 'heading', 'matrixBlockType:1', '', '0', 'PlainText', '{\"placeholder\":\"\",\"maxLength\":\"\",\"multiline\":\"\",\"initialRows\":\"4\"}', '2016-03-12 18:58:50', '2016-04-21 04:22:07', 'efeeb880-e6df-475a-b24b-a47ed4e7430f'),
 ('7', NULL, 'Body', 'body', 'matrixBlockType:1', '', '0', 'RichText', '{\"configFile\":\"\",\"availableAssetSources\":\"*\",\"availableTransforms\":\"*\",\"cleanupHtml\":\"1\",\"purifyHtml\":\"\",\"columnType\":\"text\"}', '2016-03-12 18:58:50', '2016-04-21 04:22:07', '0947374f-4f26-45eb-80e7-dcf211d818ff'),
 ('8', NULL, 'Background Color', 'backgroundColor', 'matrixBlockType:1', '', '0', 'Color', NULL, '2016-03-16 01:45:17', '2016-04-21 04:22:07', 'ed0823ec-3848-4639-8981-3c982e364139'),
 ('9', NULL, 'Background Image', 'backgroundImage', 'matrixBlockType:1', '', '0', 'Assets', '{\"useSingleFolder\":\"\",\"sources\":[\"folder:1\"],\"defaultUploadLocationSource\":\"1\",\"defaultUploadLocationSubpath\":\"\",\"singleUploadLocationSource\":\"1\",\"singleUploadLocationSubpath\":\"\",\"restrictFiles\":\"\",\"limit\":\"\",\"viewMode\":\"list\",\"selectionLabel\":\"\"}', '2016-03-16 01:45:17', '2016-04-21 04:22:07', 'fc86e18e-94dc-4959-9fa6-cb2848733cd6'),
 ('10', NULL, 'Heading', 'heading', 'matrixBlockType:2', '', '0', 'PlainText', '{\"placeholder\":\"\",\"maxLength\":\"\",\"multiline\":\"\",\"initialRows\":\"4\"}', '2016-03-16 02:43:10', '2016-04-21 04:22:07', '3a58b2f0-a968-4163-a4dc-a0f02f799f18'),
 ('11', NULL, 'Body', 'body', 'matrixBlockType:2', '', '0', 'RichText', '{\"configFile\":\"\",\"availableAssetSources\":\"*\",\"availableTransforms\":\"*\",\"cleanupHtml\":\"1\",\"purifyHtml\":\"\",\"columnType\":\"text\"}', '2016-03-16 02:43:10', '2016-04-21 04:22:07', '1318b8a4-7f88-4da0-9d21-84993f7b9b47'),
 ('12', NULL, 'Background Color', 'backgroundColor', 'matrixBlockType:2', '', '0', 'Color', NULL, '2016-03-16 02:43:10', '2016-04-21 04:22:07', '0e7314fe-9e6b-438e-8819-9e626ca6c46e'),
 ('13', NULL, 'Background Image', 'backgroundImage', 'matrixBlockType:2', '', '0', 'Assets', '{\"useSingleFolder\":\"\",\"sources\":[\"folder:1\"],\"defaultUploadLocationSource\":\"1\",\"defaultUploadLocationSubpath\":\"\",\"singleUploadLocationSource\":\"1\",\"singleUploadLocationSubpath\":\"\",\"restrictFiles\":\"\",\"limit\":\"\",\"viewMode\":\"list\",\"selectionLabel\":\"\"}', '2016-03-16 02:43:10', '2016-04-21 04:22:07', '7d79a5bb-1c13-4dd2-9ba7-ad767f37246f'),
 ('14', NULL, 'Heading', 'heading', 'matrixBlockType:3', '', '0', 'PlainText', '{\"placeholder\":\"\",\"maxLength\":\"\",\"multiline\":\"\",\"initialRows\":\"4\"}', '2016-03-16 02:43:10', '2016-04-21 04:22:07', '7afbe2f4-9a6b-4808-b1ca-90e794ea99e8'),
 ('15', NULL, 'Body Left', 'bodyLeft', 'matrixBlockType:3', '', '0', 'RichText', '{\"configFile\":\"\",\"availableAssetSources\":\"*\",\"availableTransforms\":\"*\",\"cleanupHtml\":\"1\",\"purifyHtml\":\"\",\"columnType\":\"text\"}', '2016-03-16 02:43:10', '2016-04-21 04:22:07', 'd76c76f4-2c8f-4070-876e-e9a93464991a'),
 ('16', NULL, 'Body Right', 'bodyRight', 'matrixBlockType:3', '', '0', 'RichText', '{\"configFile\":\"\",\"availableAssetSources\":\"*\",\"availableTransforms\":\"*\",\"cleanupHtml\":\"1\",\"purifyHtml\":\"\",\"columnType\":\"text\"}', '2016-03-16 02:43:10', '2016-04-21 04:22:07', '6d0d7c41-cde8-4404-932f-38891ca16ad2'),
 ('17', NULL, 'Columns Left', 'columnsLeft', 'matrixBlockType:3', '', '0', 'RadioButtons', '{\"options\":[{\"label\":\"col-2-of-5\",\"value\":\"col-2-of-5\",\"default\":\"\"},{\"label\":\"col-1-of-2\",\"value\":\"col-1-of-2\",\"default\":\"1\"},{\"label\":\"col-3-of-5\",\"value\":\"col-3-of-5\",\"default\":\"\"}]}', '2016-03-16 02:43:10', '2016-04-21 04:22:07', 'ad44ec77-bc3d-43b7-bb67-c95025c7e872'),
 ('18', NULL, 'Columns Right', 'columnsRight', 'matrixBlockType:3', '', '0', 'RadioButtons', '{\"options\":[{\"label\":\"col-2-of-5\",\"value\":\"col-2-of-5\",\"default\":\"\"},{\"label\":\"col-1-of-2\",\"value\":\"col-1-of-2\",\"default\":\"\"},{\"label\":\"col-3-of-5\",\"value\":\"col-3-of-5\",\"default\":\"\"}]}', '2016-03-16 02:43:10', '2016-04-21 04:22:07', '994f8c86-d14d-4c66-b20a-67c2cb298bca'),
 ('19', NULL, 'Background Color', 'backgroundColor', 'matrixBlockType:3', '', '0', 'Color', NULL, '2016-03-16 02:43:10', '2016-04-21 04:22:07', 'fe838d18-6f6b-4359-a72d-3793d808fa38'),
 ('20', NULL, 'Background Image', 'backgroundImage', 'matrixBlockType:3', '', '0', 'Assets', '{\"useSingleFolder\":\"\",\"sources\":[\"folder:1\"],\"defaultUploadLocationSource\":\"1\",\"defaultUploadLocationSubpath\":\"\",\"singleUploadLocationSource\":\"1\",\"singleUploadLocationSubpath\":\"\",\"restrictFiles\":\"\",\"limit\":\"\",\"viewMode\":\"list\",\"selectionLabel\":\"\"}', '2016-03-16 02:43:10', '2016-04-21 04:22:07', 'c4e9151f-b418-4a72-b6e6-507ad7c38130'),
 ('22', '5', 'Link Header', 'linkHeader', 'global', '', '0', 'PlainText', '{\"placeholder\":\"\",\"maxLength\":\"\",\"multiline\":\"\",\"initialRows\":\"4\"}', '2016-03-16 03:28:50', '2016-03-16 03:28:50', '3a73859f-f478-428f-a2f7-6721ccc6ce35'),
 ('26', NULL, 'Heading', 'heading', 'matrixBlockType:5', '', '0', 'PlainText', '{\"placeholder\":\"\",\"maxLength\":\"\",\"multiline\":\"\",\"initialRows\":\"4\"}', '2016-03-16 03:39:06', '2016-04-21 04:22:07', 'ee07815a-39d4-45c8-ae76-c78f093ec64b'),
 ('27', NULL, 'Body', 'body', 'matrixBlockType:5', '', '0', 'RichText', '{\"configFile\":\"\",\"availableAssetSources\":\"*\",\"availableTransforms\":\"*\",\"cleanupHtml\":\"1\",\"purifyHtml\":\"\",\"columnType\":\"text\"}', '2016-03-16 03:39:06', '2016-04-21 04:22:07', '27ac20b9-fa8c-4be3-8e1c-77678d97d1d5'),
 ('28', NULL, 'Programs', 'programs', 'matrixBlockType:5', '', '0', 'Entries', '{\"sources\":[\"section:3\"],\"limit\":\"\",\"selectionLabel\":\"\"}', '2016-03-16 03:39:06', '2016-04-21 04:22:07', 'a5763836-c947-4627-b3b4-01c2eb72772d'),
 ('29', NULL, 'Background Color', 'backgroundColor', 'matrixBlockType:5', '', '0', 'Color', NULL, '2016-03-16 04:22:10', '2016-04-21 04:22:07', '27e5d3ce-ca6e-4ac1-873c-b3c327b68014'),
 ('30', NULL, 'Background Image', 'backgroundImage', 'matrixBlockType:5', '', '0', 'Assets', '{\"useSingleFolder\":\"\",\"sources\":[\"folder:1\"],\"defaultUploadLocationSource\":\"1\",\"defaultUploadLocationSubpath\":\"\",\"singleUploadLocationSource\":\"1\",\"singleUploadLocationSubpath\":\"\",\"restrictFiles\":\"\",\"limit\":\"\",\"viewMode\":\"list\",\"selectionLabel\":\"\"}', '2016-03-16 04:22:10', '2016-04-21 04:22:07', 'a6d5ebf4-b58c-45fa-bfdd-4bf57fa24118'),
 ('31', '6', 'Logo', 'logo', 'global', '', '0', 'Assets', '{\"useSingleFolder\":\"\",\"sources\":[\"folder:1\"],\"defaultUploadLocationSource\":\"1\",\"defaultUploadLocationSubpath\":\"\",\"singleUploadLocationSource\":\"1\",\"singleUploadLocationSubpath\":\"\",\"restrictFiles\":\"\",\"limit\":\"\",\"viewMode\":\"list\",\"selectionLabel\":\"\"}', '2016-03-17 02:25:00', '2016-03-17 02:25:00', '37841c2f-185d-4775-b921-76f2d7a3f3e0'),
 ('32', NULL, 'Contact Button', 'contactButton', 'matrixBlockType:2', '', '0', 'Lightswitch', '{\"default\":\"1\"}', '2016-03-24 02:02:42', '2016-04-21 04:22:07', '688ccea0-d7a5-4d4c-88b4-ed651d355813'),
 ('33', NULL, 'Heading', 'heading', 'matrixBlockType:6', '', '0', 'PlainText', '{\"placeholder\":\"\",\"maxLength\":\"\",\"multiline\":\"\",\"initialRows\":\"4\"}', '2016-03-24 02:02:42', '2016-04-21 04:22:07', '61c5e027-72f5-4883-a198-490bc1d8985f'),
 ('34', NULL, 'Body', 'body', 'matrixBlockType:6', '', '0', 'RichText', '{\"configFile\":\"\",\"availableAssetSources\":\"*\",\"availableTransforms\":\"*\",\"cleanupHtml\":\"1\",\"purifyHtml\":\"\",\"columnType\":\"text\"}', '2016-03-24 02:02:42', '2016-04-21 04:22:07', '78b2d422-b760-4409-9ba2-cef48200b472'),
 ('35', NULL, 'Contact Button', 'contactButton', 'matrixBlockType:6', '', '0', 'Lightswitch', '{\"default\":\"1\"}', '2016-03-24 02:02:42', '2016-04-21 04:22:07', '85f220c0-8c15-4685-8d3c-6b3cc64dfcdc'),
 ('36', NULL, 'Background Color', 'backgroundColor', 'matrixBlockType:6', '', '0', 'Color', NULL, '2016-03-24 02:05:30', '2016-04-21 04:22:07', '93c35168-02d1-4234-9465-9fda9ff57152'),
 ('37', NULL, 'Background Image', 'backgroundImage', 'matrixBlockType:6', '', '0', 'Assets', '{\"useSingleFolder\":\"\",\"sources\":[\"folder:1\"],\"defaultUploadLocationSource\":\"1\",\"defaultUploadLocationSubpath\":\"\",\"singleUploadLocationSource\":\"1\",\"singleUploadLocationSubpath\":\"\",\"restrictFiles\":\"\",\"limit\":\"\",\"viewMode\":\"list\",\"selectionLabel\":\"\"}', '2016-03-24 02:05:30', '2016-04-21 04:22:07', '619e3544-7525-4ebd-bea1-8189a37c40c2'),
 ('38', NULL, 'Map Address', 'mapAddress', 'matrixBlockType:6', 'Only for location pages', '0', 'PlainText', '{\"placeholder\":\"\",\"maxLength\":\"\",\"multiline\":\"\",\"initialRows\":\"4\"}', '2016-03-24 04:19:18', '2016-04-21 04:22:07', 'c04adf59-7859-455c-865b-68082a136d4b'),
 ('39', NULL, 'Map Title', 'mapTitle', 'matrixBlockType:6', 'Only for location pages', '0', 'PlainText', '{\"placeholder\":\"\",\"maxLength\":\"\",\"multiline\":\"\",\"initialRows\":\"4\"}', '2016-03-25 01:18:17', '2016-04-21 04:22:07', '270cb2e1-d272-4b25-95db-81e660b98b30'),
 ('40', NULL, 'Flexible Area', 'flexibleArea', 'matrixBlockType:6', '', '0', 'RichText', '{\"configFile\":\"\",\"availableAssetSources\":\"*\",\"availableTransforms\":\"*\",\"cleanupHtml\":\"1\",\"purifyHtml\":\"\",\"columnType\":\"text\"}', '2016-03-25 01:18:17', '2016-04-21 04:22:07', '1e649027-3827-4c5c-a857-86ebc982b28c'),
 ('41', NULL, 'Image', 'image', 'matrixBlockType:7', '', '0', 'Assets', '{\"useSingleFolder\":\"\",\"sources\":[\"folder:2\"],\"defaultUploadLocationSource\":\"1\",\"defaultUploadLocationSubpath\":\"\",\"singleUploadLocationSource\":\"1\",\"singleUploadLocationSubpath\":\"\",\"restrictFiles\":\"\",\"limit\":\"\",\"viewMode\":\"list\",\"selectionLabel\":\"\"}', '2016-03-25 02:37:01', '2016-04-21 04:22:07', '2179b8b2-b8f4-4fdc-a463-bfb2a1aac6d9'),
 ('42', NULL, 'Staff Name', 'staffName', 'matrixBlockType:7', '', '0', 'PlainText', '{\"placeholder\":\"\",\"maxLength\":\"\",\"multiline\":\"\",\"initialRows\":\"4\"}', '2016-03-25 02:37:01', '2016-04-21 04:22:07', '8c56d5a0-07eb-413a-ac14-f08a3d1e97ca'),
 ('43', NULL, 'Staff Title', 'staffTitle', 'matrixBlockType:7', '', '0', 'PlainText', '{\"placeholder\":\"\",\"maxLength\":\"\",\"multiline\":\"\",\"initialRows\":\"4\"}', '2016-03-25 02:37:01', '2016-04-21 04:22:07', '5279b3d5-5bb6-4bab-bd30-7d07319805a5'),
 ('44', NULL, 'Body', 'body', 'matrixBlockType:7', '', '0', 'RichText', '{\"configFile\":\"\",\"availableAssetSources\":\"*\",\"availableTransforms\":\"*\",\"cleanupHtml\":\"1\",\"purifyHtml\":\"\",\"columnType\":\"text\"}', '2016-03-25 02:37:01', '2016-04-21 04:22:07', '1b5d438e-3cf2-4a9c-a716-d675323dda6b'),
 ('45', NULL, 'Map Content', 'mapContent', 'matrixBlockType:6', 'Only for location pages', '0', 'RichText', '{\"configFile\":\"\",\"availableAssetSources\":\"*\",\"availableTransforms\":\"*\",\"cleanupHtml\":\"1\",\"purifyHtml\":\"\",\"columnType\":\"text\"}', '2016-03-26 22:38:23', '2016-04-21 04:22:07', '5b79a11d-f97f-4f1f-91fe-83f43a48d06e'),
 ('46', '7', 'First Name', 'firstName', 'global', '', '0', 'PlainText', '{\"placeholder\":\"First Name\",\"maxLength\":\"\",\"multiline\":\"\",\"initialRows\":\"4\"}', '2016-03-26 23:57:33', '2016-03-26 23:57:33', '4681a1bb-dc18-471d-9b9a-59dd98bd3c4d'),
 ('47', '7', 'Location', 'location', 'global', '', '0', 'Dropdown', '{\"options\":[{\"label\":\"Dallas\",\"value\":\"dallas\",\"default\":\"\"},{\"label\":\"North Dallas\",\"value\":\"northDallas\",\"default\":\"\"}]}', '2016-03-27 18:34:07', '2016-03-27 18:34:07', '725f6c14-018b-4f6c-bcc1-94d6f225db6d'),
 ('48', '6', 'Facebook', 'facebook', 'global', '', '0', 'PlainText', '{\"placeholder\":\"\",\"maxLength\":\"\",\"multiline\":\"\",\"initialRows\":\"4\"}', '2016-04-21 03:57:58', '2016-04-21 03:57:58', 'a38b68dd-4f7d-4204-beb3-3e9efa8460e0'),
 ('49', '6', 'Instgram', 'instagram', 'global', '', '0', 'PlainText', '{\"placeholder\":\"\",\"maxLength\":\"\",\"multiline\":\"\",\"initialRows\":\"4\"}', '2016-04-21 03:59:14', '2016-04-21 03:59:14', '3ccde4ac-fe36-4331-8f35-4076830e6adf'),
 ('50', '6', 'Youtube', 'youtube', 'global', '', '0', 'PlainText', '{\"placeholder\":\"\",\"maxLength\":\"\",\"multiline\":\"\",\"initialRows\":\"4\"}', '2016-04-21 03:59:23', '2016-04-21 03:59:23', '4d7f3d07-a5e7-4e24-92b3-b9c2bc9fa633'),
 ('51', NULL, 'Heading', 'heading', 'matrixBlockType:8', '', '0', 'PlainText', '{\"placeholder\":\"\",\"maxLength\":\"\",\"multiline\":\"\",\"initialRows\":\"4\"}', '2016-04-21 04:09:14', '2016-04-21 04:22:07', '82d44dd9-117f-40a7-960e-23b7f9b916a8'),
 ('52', NULL, 'Body', 'body', 'matrixBlockType:8', '', '0', 'RichText', '{\"configFile\":\"\",\"availableAssetSources\":\"*\",\"availableTransforms\":\"*\",\"cleanupHtml\":\"1\",\"purifyHtml\":\"\",\"columnType\":\"text\"}', '2016-04-21 04:09:14', '2016-04-21 04:22:07', '37a2a35c-2b94-4bf6-9eaf-eaa6ee7b3f59'),
 ('53', NULL, 'Heading', 'heading', 'matrixBlockType:9', '', '0', 'PlainText', '{\"placeholder\":\"\",\"maxLength\":\"\",\"multiline\":\"\",\"initialRows\":\"4\"}', '2016-04-21 04:09:14', '2016-04-21 04:22:07', 'db8dd2f9-a6b2-426a-a63c-ebf1811d1b9f'),
 ('54', NULL, 'Body', 'body', 'matrixBlockType:9', '', '0', 'RichText', '{\"configFile\":\"\",\"availableAssetSources\":\"*\",\"availableTransforms\":\"*\",\"cleanupHtml\":\"1\",\"purifyHtml\":\"\",\"columnType\":\"text\"}', '2016-04-21 04:09:14', '2016-04-21 04:22:07', '5fce7a4d-8aa9-4d95-a740-13bcf30db294'),
 ('55', NULL, 'Background Color', 'backgroundColor', 'matrixBlockType:9', '', '0', 'Color', NULL, '2016-04-21 04:09:14', '2016-04-21 04:22:07', 'e561b55f-94a7-430d-a5c1-05edf4a12a62'),
 ('56', NULL, 'Heading', 'heading', 'matrixBlockType:10', '', '0', 'PlainText', '{\"placeholder\":\"\",\"maxLength\":\"\",\"multiline\":\"\",\"initialRows\":\"4\"}', '2016-04-21 04:09:14', '2016-04-21 04:22:07', 'd83c06ea-321d-4051-ac7c-75e58339ccd0'),
 ('57', NULL, 'Body', 'body', 'matrixBlockType:10', '', '0', 'RichText', '{\"configFile\":\"\",\"availableAssetSources\":\"*\",\"availableTransforms\":\"*\",\"cleanupHtml\":\"1\",\"purifyHtml\":\"\",\"columnType\":\"text\"}', '2016-04-21 04:09:14', '2016-04-21 04:22:07', 'f55c2f5f-8274-43f5-8fdb-82840dc29061'),
 ('58', NULL, 'Location', 'location', 'matrixBlockType:10', '', '0', 'RadioButtons', '{\"options\":[{\"label\":\"Dallas\",\"value\":\"dallas\",\"default\":\"\"},{\"label\":\"North Dallas\",\"value\":\"northDallas\",\"default\":\"\"}]}', '2016-04-21 04:09:14', '2016-04-21 04:22:07', '96db18e5-34e2-4d88-b91c-2802a21cd48a'),
 ('59', '8', 'Event Location', 'eventLocation', 'global', '', '0', 'RadioButtons', '{\"options\":[{\"label\":\"Dallas\",\"value\":\"dallas\",\"default\":\"\"},{\"label\":\"North Dallas\",\"value\":\"northDallas\",\"default\":\"\"}]}', '2016-04-21 04:11:25', '2016-04-21 04:11:25', '7c14c956-aaba-44f2-ab27-1f3dbcb12016'),
 ('60', '8', 'Event Detail', 'eventDetail', 'global', '', '0', 'Venti_Event', NULL, '2016-04-21 04:11:50', '2016-04-21 04:11:50', '670dc0bf-a01b-4773-a9e2-a8b3d1104256'),
 ('61', NULL, 'Contact Button', 'contactButton', 'matrixBlockType:3', '', '0', 'Lightswitch', '{\"default\":\"\"}', '2016-04-21 04:22:07', '2016-04-21 04:22:07', '4431f698-c22c-4341-a8db-cb73c50ad456'),
 ('62', NULL, 'Background Image', 'backgroundImage', 'matrixBlockType:8', '', '0', 'Assets', '{\"useSingleFolder\":\"\",\"sources\":[\"folder:1\"],\"defaultUploadLocationSource\":\"1\",\"defaultUploadLocationSubpath\":\"\",\"singleUploadLocationSource\":\"1\",\"singleUploadLocationSubpath\":\"\",\"restrictFiles\":\"\",\"limit\":\"\",\"viewMode\":\"list\",\"selectionLabel\":\"\"}', '2016-04-21 04:22:07', '2016-04-21 04:22:07', '78148428-8b35-4602-89a9-401329620cbc'),
 ('63', '7', 'Last Name', 'lastName', 'global', '', '0', 'PlainText', '{\"placeholder\":\"Last Name\",\"maxLength\":\"\",\"multiline\":\"\",\"initialRows\":\"4\"}', '2016-04-21 04:28:00', '2016-04-21 04:29:37', '54297ba6-2e81-4b31-a151-fad9c842e7f6'),
 ('64', '7', 'Email', 'email', 'global', '', '0', 'PlainText', '{\"placeholder\":\"Email\",\"maxLength\":\"\",\"multiline\":\"\",\"initialRows\":\"4\"}', '2016-04-21 04:28:07', '2016-04-21 04:29:47', '22bb23ec-e1bb-4c4e-b67e-688ed9deb5de'),
 ('65', '7', 'Subject Line', 'subjectLine', 'global', '', '0', 'PlainText', '{\"placeholder\":\"New Contact\",\"maxLength\":\"\",\"multiline\":\"\",\"initialRows\":\"4\"}', '2016-04-21 04:33:22', '2016-04-21 04:33:22', 'f596d320-cc04-4bb9-beb7-ee77f7d8a7c9');



DROP TABLE IF EXISTS `craft_formbuilder2_entries`;


--
-- Schema for table `craft_formbuilder2_entries`
--
CREATE TABLE `craft_formbuilder2_entries` (
  `id` int(11) NOT NULL,
  `formId` int(10) DEFAULT NULL,
  `title` varchar(255) COLLATE utf8_unicode_ci DEFAULT NULL,
  `files` text COLLATE utf8_unicode_ci,
  `submission` text COLLATE utf8_unicode_ci,
  `dateCreated` datetime NOT NULL,
  `dateUpdated` datetime NOT NULL,
  `uid` char(36) COLLATE utf8_unicode_ci NOT NULL DEFAULT '0',
  PRIMARY KEY (`id`),
  KEY `craft_formbuilder2_entries_formId_fk` (`formId`)
) ENGINE=InnoDB DEFAULT CHARSET=utf8 COLLATE=utf8_unicode_ci;

DROP TABLE IF EXISTS `craft_formbuilder2_forms`;


--
-- Schema for table `craft_formbuilder2_forms`
--
CREATE TABLE `craft_formbuilder2_forms` (
  `id` int(11) NOT NULL AUTO_INCREMENT,
  `name` varchar(255) COLLATE utf8_unicode_ci NOT NULL,
  `handle` varchar(255) COLLATE utf8_unicode_ci NOT NULL,
  `fieldLayoutId` int(10) DEFAULT NULL,
  `formSettings` text COLLATE utf8_unicode_ci,
  `spamProtectionSettings` text COLLATE utf8_unicode_ci,
  `messageSettings` text COLLATE utf8_unicode_ci,
  `notificationSettings` text COLLATE utf8_unicode_ci,
  `dateCreated` datetime NOT NULL,
  `dateUpdated` datetime NOT NULL,
  `uid` char(36) COLLATE utf8_unicode_ci NOT NULL DEFAULT '0',
  PRIMARY KEY (`id`),
  UNIQUE KEY `craft_formbuilder2_forms_id_unq_idx` (`id`),
  UNIQUE KEY `craft_formbuilder2_forms_name_unq_idx` (`name`),
  UNIQUE KEY `craft_formbuilder2_forms_handle_unq_idx` (`handle`),
  KEY `craft_formbuilder2_forms_fieldLayoutId_fk` (`fieldLayoutId`)
) ENGINE=InnoDB AUTO_INCREMENT=2 DEFAULT CHARSET=utf8 COLLATE=utf8_unicode_ci;

--
-- Data for table `craft_formbuilder2_forms`
--

INSERT INTO `craft_formbuilder2_forms` (`id`, `name`, `handle`, `fieldLayoutId`, `formSettings`, `spamProtectionSettings`, `messageSettings`, `notificationSettings`, `dateCreated`, `dateUpdated`, `uid`) VALUES
 ('1', 'Contact', 'contact', '114', '{\"formRedirect\":{\"customRedirect\":\"\",\"customRedirectUrl\":\"\"},\"hasFileUploads\":\"\",\"ajaxSubmit\":\"1\"}', '{\"spamTimeMethod\":\"\",\"spamTimeMethodTime\":\"\",\"spamHoneypotMethod\":\"1\",\"spamHoneypotMethodMessage\":\"Don\'t put message here\"}', '{\"successMessage\":\"The form has been submitted\",\"errorMessage\":\"Error, please check again\"}', '{\"notifySubmission\":\"1\",\"emailSettings\":{\"notifyEmail\":\"daituzhang@gmail.com\",\"emailSubject\":\"New contact\",\"sendSubmissionData\":\"1\"},\"templateSettings\":{\"emailTemplateStyle\":\"text\",\"emailCustomLogo\":\"\",\"emailBackgroundColor\":\"#f5f5f5\",\"emailContainerWidth\":\"500\",\"emailBodyCopy\":\"\",\"emailAdditionalFooterCopy\":\"\"},\"notifySubmitter\":\"1\",\"submitterEmail\":\"subjectLine\",\"submitterEmailSubject\":\"hellp\",\"customSubject\":\"1\",\"customSubjectLine\":\"subjectLine\"}', '2016-03-25 01:53:33', '2016-04-21 04:34:09', 'ffd0af01-bc77-4fb4-bfef-4f8f97634422');



DROP TABLE IF EXISTS `craft_globalsets`;


--
-- Schema for table `craft_globalsets`
--
CREATE TABLE `craft_globalsets` (
  `id` int(11) NOT NULL,
  `name` varchar(255) COLLATE utf8_unicode_ci NOT NULL,
  `handle` varchar(255) COLLATE utf8_unicode_ci NOT NULL,
  `fieldLayoutId` int(10) DEFAULT NULL,
  `dateCreated` datetime NOT NULL,
  `dateUpdated` datetime NOT NULL,
  `uid` char(36) COLLATE utf8_unicode_ci NOT NULL DEFAULT '0',
  PRIMARY KEY (`id`),
  UNIQUE KEY `craft_globalsets_name_unq_idx` (`name`),
  UNIQUE KEY `craft_globalsets_handle_unq_idx` (`handle`),
  KEY `craft_globalsets_fieldLayoutId_fk` (`fieldLayoutId`)
) ENGINE=InnoDB DEFAULT CHARSET=utf8 COLLATE=utf8_unicode_ci;

--
-- Data for table `craft_globalsets`
--

INSERT INTO `craft_globalsets` (`id`, `name`, `handle`, `fieldLayoutId`, `dateCreated`, `dateUpdated`, `uid`) VALUES
 ('4', 'seo', 'seo', '8', '2016-03-12 18:38:45', '2016-03-12 18:41:27', '6446c2a9-20a1-4d86-84ce-5ca554f0341e'),
 ('20', 'Site Info', 'siteInfo', '92', '2016-03-17 02:25:29', '2016-04-21 03:59:56', '95367707-fb2c-4815-a348-cbd48273b925');



DROP TABLE IF EXISTS `craft_info`;


--
-- Schema for table `craft_info`
--
CREATE TABLE `craft_info` (
  `id` int(11) NOT NULL AUTO_INCREMENT,
  `version` varchar(15) COLLATE utf8_unicode_ci NOT NULL,
  `build` int(11) unsigned NOT NULL,
  `schemaVersion` varchar(15) COLLATE utf8_unicode_ci NOT NULL,
  `releaseDate` datetime NOT NULL,
  `edition` tinyint(1) unsigned NOT NULL DEFAULT '0',
  `siteName` varchar(100) COLLATE utf8_unicode_ci NOT NULL,
  `siteUrl` varchar(255) COLLATE utf8_unicode_ci NOT NULL,
  `timezone` varchar(30) COLLATE utf8_unicode_ci DEFAULT NULL,
  `on` tinyint(1) unsigned NOT NULL DEFAULT '0',
  `maintenance` tinyint(1) unsigned NOT NULL DEFAULT '0',
  `track` varchar(40) COLLATE utf8_unicode_ci NOT NULL,
  `dateCreated` datetime NOT NULL,
  `dateUpdated` datetime NOT NULL,
  `uid` char(36) COLLATE utf8_unicode_ci NOT NULL DEFAULT '0',
  PRIMARY KEY (`id`)
) ENGINE=InnoDB AUTO_INCREMENT=2 DEFAULT CHARSET=utf8 COLLATE=utf8_unicode_ci;

--
-- Data for table `craft_info`
--

INSERT INTO `craft_info` (`id`, `version`, `build`, `schemaVersion`, `releaseDate`, `edition`, `siteName`, `siteUrl`, `timezone`, `on`, `maintenance`, `track`, `dateCreated`, `dateUpdated`, `uid`) VALUES
 ('1', '2.6', '2776', '2.6.2', '2016-03-10 21:53:24', '2', 'fpma', '/', 'UTC', '1', '0', 'stable', '2016-03-12 17:48:24', '2016-03-26 23:47:21', '780add66-6f6c-4767-a586-22045e3a912b');



DROP TABLE IF EXISTS `craft_locales`;


--
-- Schema for table `craft_locales`
--
CREATE TABLE `craft_locales` (
  `locale` char(12) COLLATE utf8_unicode_ci NOT NULL,
  `sortOrder` smallint(6) unsigned DEFAULT NULL,
  `dateCreated` datetime NOT NULL,
  `dateUpdated` datetime NOT NULL,
  `uid` char(36) COLLATE utf8_unicode_ci NOT NULL DEFAULT '0',
  PRIMARY KEY (`locale`),
  KEY `craft_locales_sortOrder_idx` (`sortOrder`)
) ENGINE=InnoDB DEFAULT CHARSET=utf8 COLLATE=utf8_unicode_ci;

--
-- Data for table `craft_locales`
--

INSERT INTO `craft_locales` (`locale`, `sortOrder`, `dateCreated`, `dateUpdated`, `uid`) VALUES
 ('en_us', '1', '2016-03-12 17:48:25', '2016-03-12 17:48:25', 'cad7d339-8bed-4065-ac8f-5a2c3a72d740');



DROP TABLE IF EXISTS `craft_matrixblocks`;


--
-- Schema for table `craft_matrixblocks`
--
CREATE TABLE `craft_matrixblocks` (
  `id` int(11) NOT NULL,
  `ownerId` int(11) NOT NULL,
  `fieldId` int(11) NOT NULL,
  `typeId` int(11) DEFAULT NULL,
  `sortOrder` smallint(6) unsigned DEFAULT NULL,
  `ownerLocale` char(12) COLLATE utf8_unicode_ci DEFAULT NULL,
  `dateCreated` datetime NOT NULL,
  `dateUpdated` datetime NOT NULL,
  `uid` char(36) COLLATE utf8_unicode_ci NOT NULL DEFAULT '0',
  PRIMARY KEY (`id`),
  KEY `craft_matrixblocks_ownerId_idx` (`ownerId`),
  KEY `craft_matrixblocks_fieldId_idx` (`fieldId`),
  KEY `craft_matrixblocks_typeId_idx` (`typeId`),
  KEY `craft_matrixblocks_sortOrder_idx` (`sortOrder`),
  KEY `craft_matrixblocks_ownerLocale_fk` (`ownerLocale`)
) ENGINE=InnoDB DEFAULT CHARSET=utf8 COLLATE=utf8_unicode_ci;

--
-- Data for table `craft_matrixblocks`
--

INSERT INTO `craft_matrixblocks` (`id`, `ownerId`, `fieldId`, `typeId`, `sortOrder`, `ownerLocale`, `dateCreated`, `dateUpdated`, `uid`) VALUES
 ('15', '2', '5', '2', '1', NULL, '2016-03-16 02:47:49', '2016-04-21 04:23:27', '7147be51-bb8a-413d-8c0f-01009425be24'),
 ('18', '2', '5', '5', '2', NULL, '2016-03-16 04:17:39', '2016-04-21 04:23:27', 'e40397a1-0628-4a80-a647-f6fbf5e763d1'),
 ('21', '16', '5', '6', '1', NULL, '2016-03-24 02:37:17', '2016-03-24 03:49:46', '12a3756c-4d68-418c-a122-c2809f6e1bea'),
 ('22', '16', '5', '1', '2', NULL, '2016-03-24 02:37:17', '2016-03-24 03:49:46', 'd9c4ca72-660b-4212-9897-d9aade64e9ef'),
 ('23', '16', '5', '1', '3', NULL, '2016-03-24 02:37:17', '2016-03-24 03:49:46', '9b36272c-a313-44ce-9a31-b4df2a4dd143'),
 ('25', '24', '5', '6', '1', NULL, '2016-03-24 04:22:43', '2016-03-26 22:45:32', '1161dc2f-c74f-4be4-b59f-f503d5e5a5b4'),
 ('28', '27', '5', '6', '1', NULL, '2016-03-25 02:46:04', '2016-04-21 04:24:56', '8688346b-1121-4376-9412-bcfe886c5191'),
 ('29', '27', '5', '7', '2', NULL, '2016-03-25 02:46:04', '2016-04-21 04:24:56', '9aaa7567-c94d-4267-964b-bcd246afeb29'),
 ('30', '27', '5', '7', '3', NULL, '2016-03-25 02:46:04', '2016-04-21 04:24:56', '92ff2dfd-8aea-45b5-9e27-76cc3169b432'),
 ('31', '27', '5', '7', '4', NULL, '2016-03-25 02:46:04', '2016-04-21 04:24:56', '59134154-949f-424d-b7b5-9a954d6b5f94'),
 ('35', '34', '5', '6', '1', NULL, '2016-03-26 22:44:34', '2016-04-21 04:35:34', '6f8052b5-b38b-4451-8189-83e7f0344b45'),
 ('52', '2', '5', '8', '3', NULL, '2016-04-21 04:20:31', '2016-04-21 04:23:27', '4426dfc4-05e1-45de-adf7-aeec92509771'),
 ('53', '2', '5', '3', '4', NULL, '2016-04-21 04:20:31', '2016-04-21 04:23:27', 'ae4740b0-d0cd-4a9f-8243-80d115c74015'),
 ('54', '34', '5', '10', '2', NULL, '2016-04-21 04:35:34', '2016-04-21 04:35:34', 'ddd1cfd7-a8b2-4593-99bd-00a6b3322355'),
 ('55', '33', '5', '6', '1', NULL, '2016-04-21 04:39:51', '2016-04-21 04:40:43', '2089d7ca-0720-4e2f-a471-ed8d370fb91b'),
 ('56', '33', '5', '1', '2', NULL, '2016-04-21 04:39:51', '2016-04-21 04:40:43', '04baae74-e784-4f30-9cad-d01ddc8e998d'),
 ('57', '33', '5', '1', '3', NULL, '2016-04-21 04:39:51', '2016-04-21 04:40:43', 'de00b9f7-d7fc-4dfd-8742-dc6d528d804e'),
 ('58', '33', '5', '1', '4', NULL, '2016-04-21 04:39:51', '2016-04-21 04:40:43', '9fd6a084-f9f1-4961-a0ba-228cee697804'),
 ('59', '32', '5', '6', '1', NULL, '2016-04-21 04:41:43', '2016-04-21 04:42:48', '4f7a9e81-3516-451f-b933-68b608469fa6'),
 ('60', '32', '5', '9', '2', NULL, '2016-04-21 04:42:25', '2016-04-21 04:42:48', 'd7c0a76e-c236-4bd5-b653-dcfd54099692');



DROP TABLE IF EXISTS `craft_matrixblocktypes`;


--
-- Schema for table `craft_matrixblocktypes`
--
CREATE TABLE `craft_matrixblocktypes` (
  `id` int(11) NOT NULL AUTO_INCREMENT,
  `fieldId` int(11) NOT NULL,
  `fieldLayoutId` int(11) DEFAULT NULL,
  `name` varchar(255) COLLATE utf8_unicode_ci NOT NULL,
  `handle` varchar(255) COLLATE utf8_unicode_ci NOT NULL,
  `sortOrder` smallint(6) unsigned DEFAULT NULL,
  `dateCreated` datetime NOT NULL,
  `dateUpdated` datetime NOT NULL,
  `uid` char(36) COLLATE utf8_unicode_ci NOT NULL DEFAULT '0',
  PRIMARY KEY (`id`),
  UNIQUE KEY `craft_matrixblocktypes_name_fieldId_unq_idx` (`name`,`fieldId`),
  UNIQUE KEY `craft_matrixblocktypes_handle_fieldId_unq_idx` (`handle`,`fieldId`),
  KEY `craft_matrixblocktypes_fieldId_fk` (`fieldId`),
  KEY `craft_matrixblocktypes_fieldLayoutId_fk` (`fieldLayoutId`)
) ENGINE=InnoDB AUTO_INCREMENT=11 DEFAULT CHARSET=utf8 COLLATE=utf8_unicode_ci;

--
-- Data for table `craft_matrixblocktypes`
--

INSERT INTO `craft_matrixblocktypes` (`id`, `fieldId`, `fieldLayoutId`, `name`, `handle`, `sortOrder`, `dateCreated`, `dateUpdated`, `uid`) VALUES
 ('1', '5', '106', 'One Column', 'oneColumn', '3', '2016-03-12 18:58:50', '2016-04-21 04:22:07', '26774c3b-a22e-4af9-9ed2-04d5aadf59dc'),
 ('2', '5', '104', 'Home Hero', 'homeHero', '1', '2016-03-16 02:43:10', '2016-04-21 04:22:07', '6a91bbb8-684f-4f9e-a00b-c1ade0f8fd7c'),
 ('3', '5', '107', 'Two Columns', 'twoColumns', '4', '2016-03-16 02:43:10', '2016-04-21 04:22:07', '4f3bfbec-f8b5-4677-82b7-ff9ccdfdd151'),
 ('5', '5', '108', 'Home Programs', 'homePrograms', '5', '2016-03-16 03:39:06', '2016-04-21 04:22:07', '3c3394fd-c70f-4c9d-81d5-d3e406041186'),
 ('6', '5', '105', 'Secondary Hero', 'secondaryHero', '2', '2016-03-24 02:02:42', '2016-04-21 04:22:07', 'a3cab6e7-1952-445e-9d8d-62c526d48237'),
 ('7', '5', '110', 'Staff', 'staff', '7', '2016-03-25 02:37:01', '2016-04-21 04:22:07', '5decf4d3-0d13-4aba-a3b5-936c516f2f96'),
 ('8', '5', '109', 'Home Locations', 'homeLocations', '6', '2016-04-21 04:09:14', '2016-04-21 04:22:07', '8cf84c1c-21e6-4041-99a2-7354bcaaadec'),
 ('9', '5', '111', 'Contact', 'contact', '8', '2016-04-21 04:09:14', '2016-04-21 04:22:07', '2c4bb203-7b0f-4ec0-bb96-9bf31ee66576'),
 ('10', '5', '112', 'Events', 'events', '9', '2016-04-21 04:09:14', '2016-04-21 04:22:07', '254489c9-e7a9-479d-9f76-ccbf95ba83c5');



DROP TABLE IF EXISTS `craft_matrixcontent_blocks`;


--
-- Schema for table `craft_matrixcontent_blocks`
--
CREATE TABLE `craft_matrixcontent_blocks` (
  `id` int(11) NOT NULL AUTO_INCREMENT,
  `elementId` int(11) NOT NULL,
  `locale` char(12) COLLATE utf8_unicode_ci NOT NULL,
  `field_oneColumn_heading` text COLLATE utf8_unicode_ci,
  `field_oneColumn_body` text COLLATE utf8_unicode_ci,
  `field_oneColumn_backgroundColor` char(7) COLLATE utf8_unicode_ci DEFAULT NULL,
  `field_homeHero_heading` text COLLATE utf8_unicode_ci,
  `field_homeHero_body` text COLLATE utf8_unicode_ci,
  `field_homeHero_backgroundColor` char(7) COLLATE utf8_unicode_ci DEFAULT NULL,
  `field_twoColumns_heading` text COLLATE utf8_unicode_ci,
  `field_twoColumns_bodyLeft` text COLLATE utf8_unicode_ci,
  `field_twoColumns_bodyRight` text COLLATE utf8_unicode_ci,
  `field_twoColumns_columnsLeft` varchar(255) COLLATE utf8_unicode_ci DEFAULT 'col-1-of-2',
  `field_twoColumns_columnsRight` varchar(255) COLLATE utf8_unicode_ci DEFAULT NULL,
  `field_twoColumns_backgroundColor` char(7) COLLATE utf8_unicode_ci DEFAULT NULL,
  `field_homePrograms_heading` text COLLATE utf8_unicode_ci,
  `field_homePrograms_body` text COLLATE utf8_unicode_ci,
  `field_homePrograms_backgroundColor` char(7) COLLATE utf8_unicode_ci DEFAULT NULL,
  `field_homeHero_contactButton` tinyint(1) unsigned NOT NULL DEFAULT '0',
  `field_secondaryHero_heading` text COLLATE utf8_unicode_ci,
  `field_secondaryHero_body` text COLLATE utf8_unicode_ci,
  `field_secondaryHero_contactButton` tinyint(1) unsigned NOT NULL DEFAULT '0',
  `field_secondaryHero_backgroundColor` char(7) COLLATE utf8_unicode_ci DEFAULT NULL,
  `field_secondaryHero_mapAddress` text COLLATE utf8_unicode_ci,
  `field_secondaryHero_mapTitle` text COLLATE utf8_unicode_ci,
  `field_secondaryHero_flexibleArea` text COLLATE utf8_unicode_ci,
  `field_staff_staffName` text COLLATE utf8_unicode_ci,
  `field_staff_staffTitle` text COLLATE utf8_unicode_ci,
  `field_staff_body` text COLLATE utf8_unicode_ci,
  `field_secondaryHero_mapContent` text COLLATE utf8_unicode_ci,
  `field_homeLocations_heading` text COLLATE utf8_unicode_ci,
  `field_homeLocations_body` text COLLATE utf8_unicode_ci,
  `field_contact_heading` text COLLATE utf8_unicode_ci,
  `field_contact_body` text COLLATE utf8_unicode_ci,
  `field_contact_backgroundColor` char(7) COLLATE utf8_unicode_ci DEFAULT NULL,
  `field_events_heading` text COLLATE utf8_unicode_ci,
  `field_events_body` text COLLATE utf8_unicode_ci,
  `field_events_location` varchar(255) COLLATE utf8_unicode_ci DEFAULT NULL,
  `field_twoColumns_contactButton` tinyint(1) unsigned NOT NULL DEFAULT '0',
  `dateCreated` datetime NOT NULL,
  `dateUpdated` datetime NOT NULL,
  `uid` char(36) COLLATE utf8_unicode_ci NOT NULL DEFAULT '0',
  PRIMARY KEY (`id`),
  UNIQUE KEY `craft_matrixcontent_blocks_elementId_locale_unq_idx` (`elementId`,`locale`),
  KEY `craft_matrixcontent_blocks_locale_fk` (`locale`)
) ENGINE=InnoDB AUTO_INCREMENT=21 DEFAULT CHARSET=utf8 COLLATE=utf8_unicode_ci;

--
-- Data for table `craft_matrixcontent_blocks`
--

INSERT INTO `craft_matrixcontent_blocks` (`id`, `elementId`, `locale`, `field_oneColumn_heading`, `field_oneColumn_body`, `field_oneColumn_backgroundColor`, `field_homeHero_heading`, `field_homeHero_body`, `field_homeHero_backgroundColor`, `field_twoColumns_heading`, `field_twoColumns_bodyLeft`, `field_twoColumns_bodyRight`, `field_twoColumns_columnsLeft`, `field_twoColumns_columnsRight`, `field_twoColumns_backgroundColor`, `field_homePrograms_heading`, `field_homePrograms_body`, `field_homePrograms_backgroundColor`, `field_homeHero_contactButton`, `field_secondaryHero_heading`, `field_secondaryHero_body`, `field_secondaryHero_contactButton`, `field_secondaryHero_backgroundColor`, `field_secondaryHero_mapAddress`, `field_secondaryHero_mapTitle`, `field_secondaryHero_flexibleArea`, `field_staff_staffName`, `field_staff_staffTitle`, `field_staff_body`, `field_secondaryHero_mapContent`, `field_homeLocations_heading`, `field_homeLocations_body`, `field_contact_heading`, `field_contact_body`, `field_contact_backgroundColor`, `field_events_heading`, `field_events_body`, `field_events_location`, `field_twoColumns_contactButton`, `dateCreated`, `dateUpdated`, `uid`) VALUES
 ('1', '15', 'en_us', NULL, NULL, NULL, 'Kick. Punch. Learn.', '<p>Freddie Poole’s Martial Arts® is a unique and modern training system that combines traditional values and principles with a modern system of combat, self-defense and fitness.&nbsp;</p>', '#000000', NULL, NULL, NULL, NULL, NULL, NULL, NULL, NULL, NULL, '1', NULL, NULL, '0', NULL, NULL, NULL, NULL, NULL, NULL, NULL, NULL, NULL, NULL, NULL, NULL, NULL, NULL, NULL, NULL, '0', '2016-03-16 02:47:49', '2016-04-21 04:23:27', 'f2d76f37-eb8f-4832-ad82-f0c1890bec23'),
 ('2', '18', 'en_us', NULL, NULL, NULL, NULL, NULL, NULL, NULL, NULL, NULL, NULL, NULL, NULL, 'Approach', '<p>This unique approach creates a balanced and well-rounded martial artist. The key to our success is that each discipline is introduced in stages to the student, rather than front-loading a program. This methodical approach ensures students are learning and mastering techniques at the highest level, as opposed to just going through motions.&nbsp;</p>', '#000000', '0', NULL, NULL, '0', NULL, NULL, NULL, NULL, NULL, NULL, NULL, NULL, NULL, NULL, NULL, NULL, NULL, NULL, NULL, NULL, '0', '2016-03-16 04:17:39', '2016-04-21 04:23:27', 'c1857473-ee8a-4f42-888d-7ef19a36f487'),
 ('3', '21', 'en_us', NULL, NULL, NULL, NULL, NULL, NULL, NULL, NULL, NULL, NULL, NULL, NULL, NULL, NULL, NULL, '0', 'Brazilian Jiu Jitsu', '<p>Brazilian Jiu-jitsu classes in Dallas (BJJ) is primarily a ground fighting art, a grappling style of Martial Arts that has roots and evolved from Japanese Judo and Classical jujutsu. Brazilian Jiu-jitsu specializes in ground techniques such as positional control and the use of leverage for reversals and submissions holds (joint lock and chokes) to overcome the size and strength of opponents. BJJ provides a clear path and strategy for victory in a self-defense scenario or competition. As a sport it is a safe and entertaining art that can be practiced for a lifetime of fitness and well-being.</p>', '1', '#000000', NULL, NULL, NULL, NULL, NULL, NULL, NULL, NULL, NULL, NULL, NULL, NULL, NULL, NULL, NULL, '0', '2016-03-24 02:37:17', '2016-03-24 03:49:46', '728f794f-be3e-4a00-8dba-a4629229b816'),
 ('4', '22', 'en_us', 'History', '<p>Most people involved in Martial Arts are familiar with the basic history of BJJ. How a Japanese Jiu-jitsu expert, Maeda, came to Brazil as part of a diplomatic mission to found and establish a Japanese colony. He befriended Gastao Gracie, a man of Scottish decent who had influence in local political circles.</p>\r\n\r\n<p>Maeda offered to teach Gracie’s sons Jiu-jitsu.<br>The Gracie boys became very proficient in jiu-jitsu. Being a large family they never lacked training partners and new ideas for practicing and training daily within the family and nephews the Machados. This went on for generations. Later opening their own schools and developing their own additions and modifications to the techniques they had being taught, as a test of their skill, the Gracies fought many matches against other styles with great success.</p>\r\n\r\n\r\n\r\n<p>In this manner they came to understand which techniques worked and which did not. They based their developing martial arts on their combat experiences over generations. With great success in MMA competitions, Brazilian jiu-jitsu has establish itself as an extremely effective martial arts and one of the most sought out.</p>', '#000000', NULL, NULL, NULL, NULL, NULL, NULL, NULL, NULL, NULL, NULL, NULL, NULL, '0', NULL, NULL, '0', NULL, NULL, NULL, NULL, NULL, NULL, NULL, NULL, NULL, NULL, NULL, NULL, NULL, NULL, NULL, NULL, '0', '2016-03-24 02:37:17', '2016-03-24 03:49:46', 'ab12eaea-f6f0-4a14-86c0-83ab94274993'),
 ('5', '23', 'en_us', 'The BJJ strategy and the Japanese legacy', '<p>eda taught the Gracie’s the art of “Randori” or live training (rolling) where safe but effective techniques can be applied with full resistance to opponents, as long as they agree to “tap-out” or submit (surrender) when a technique is successfully applied. This way, two opponents can face each other and fight close to full power which makes training much more realistic to a real fight, therefore more effective.</p>\r\n\r\n<p>The genius of the Gracie’s lay in the strategy they implemented to win fights, which can be seen in sport point systems, they implemented in competition. The Gracie’s realized that fighting a bigger stronger opponent and trading blows was not a good idea, so they developed a strategy where they would take a standing opponent or fighter out of their comfort zone (stand up skill) put them on the ground and expose them to their great ground skills, positional control, leverage and submissions.<br>The Gracie’s realized that certain positions were better to attack and defend so they strategized ways from any position on the ground to a position where they can reverse, control and submit their opponent.</p>', '#f5f5f5', NULL, NULL, NULL, NULL, NULL, NULL, NULL, NULL, NULL, NULL, NULL, NULL, '0', NULL, NULL, '0', NULL, NULL, NULL, NULL, NULL, NULL, NULL, NULL, NULL, NULL, NULL, NULL, NULL, NULL, NULL, NULL, '0', '2016-03-24 02:37:17', '2016-03-24 03:49:46', '3334a10f-a7cd-4c7f-b3e5-967b696d8b3f'),
 ('6', '25', 'en_us', NULL, NULL, NULL, NULL, NULL, NULL, NULL, NULL, NULL, NULL, NULL, NULL, NULL, NULL, NULL, '0', 'North Dallas', '<p>Globally syndicate market positioning niches with accurate platforms. Energistically coordinate exceptional e-tailers without open-source functionalities.</p>', '1', '#000000', '17194 Preston Rd. #215   Dallas , TX United States 75248', 'Freddie Poole\'s Martial Arts® North Texas Martial Arts', '<p>This is a flexible Marketing area. Fill it wil specials, messages or anything else!</p>', NULL, NULL, NULL, '<p>17194 Preston Rd. #215 </p>\r\n\r\n<p>Dallas , TX United States 75248</p>\r\n\r\n<p>(972) 232-0027</p>', NULL, NULL, NULL, NULL, NULL, NULL, NULL, NULL, '0', '2016-03-24 04:22:43', '2016-03-26 22:45:32', '9c86a7f4-3bb5-4019-a21e-fdd9ea9c5935'),
 ('7', '28', 'en_us', NULL, NULL, NULL, NULL, NULL, NULL, NULL, NULL, NULL, NULL, NULL, NULL, NULL, NULL, NULL, '0', 'Staff', '<p>Globally syndicate market positioning niches with accurate platforms. Energistically coordinate exceptional e-tailers without open-source functionalities.</p>', '1', '#000000', '', '', '', NULL, NULL, NULL, '', NULL, NULL, NULL, NULL, NULL, NULL, NULL, NULL, '0', '2016-03-25 02:46:04', '2016-04-21 04:24:56', '18868743-9283-401f-8b46-e1c8dd8d8d6e'),
 ('8', '29', 'en_us', NULL, NULL, NULL, NULL, NULL, NULL, NULL, NULL, NULL, NULL, NULL, NULL, NULL, NULL, NULL, '0', NULL, NULL, '0', NULL, NULL, NULL, NULL, 'Mike Rose', 'Machado Jiu Jitsu Black Belt Judo Black Belt', '<p>Seamlessly target business web services for standardized schemas. Authoritatively transform ethical core competencies and excellent materials. Professionally exploit sustainable data for e-business systems. Collaboratively procrastinate standards compliant deliverables rather than value-added architectures. Rapidiously recaptiualize intuitive paradigms via collaborative testing procedures. Competently myocardinate sticky mindshare for competitive resources. Intrinsicly enable economically sound potentialities with enterprise-wide sources.&nbsp;</p>', NULL, NULL, NULL, NULL, NULL, NULL, NULL, NULL, NULL, '0', '2016-03-25 02:46:04', '2016-04-21 04:24:56', '7b3ca566-113b-46bb-b63c-81cbcbbe413d'),
 ('9', '30', 'en_us', NULL, NULL, NULL, NULL, NULL, NULL, NULL, NULL, NULL, NULL, NULL, NULL, NULL, NULL, NULL, '0', NULL, NULL, '0', NULL, NULL, NULL, NULL, 'Westin Poole', 'Machado Jiu Jitsu Black Belt Judo Black Belt', '<p>Seamlessly target business web services for standardized schemas. Authoritatively transform ethical core competencies and excellent materials. Professionally exploit sustainable data for e-business systems. Collaboratively procrastinate standards compliant deliverables rather than value-added architectures. Rapidiously recaptiualize intuitive paradigms via collaborative testing procedures. Competently myocardinate sticky mindshare for competitive resources. Intrinsicly enable economically sound potentialities with enterprise-wide sources.&nbsp;</p>', NULL, NULL, NULL, NULL, NULL, NULL, NULL, NULL, NULL, '0', '2016-03-25 02:46:04', '2016-04-21 04:24:56', 'a611b8da-107a-4bf5-b572-6da8081217ac'),
 ('10', '31', 'en_us', NULL, NULL, NULL, NULL, NULL, NULL, NULL, NULL, NULL, NULL, NULL, NULL, NULL, NULL, NULL, '0', NULL, NULL, '0', NULL, NULL, NULL, NULL, 'Randy Stem', 'Machado Jiu Jitsu Black Belt Judo Black Belt', '<p>Seamlessly target business web services for standardized schemas. Authoritatively transform ethical core competencies and excellent materials. Professionally exploit sustainable data for e-business systems. Collaboratively procrastinate standards compliant deliverables rather than value-added architectures. Rapidiously recaptiualize intuitive paradigms via collaborative testing procedures. Competently myocardinate sticky mindshare for competitive resources. Intrinsicly enable economically sound potentialities with enterprise-wide sources.&nbsp;</p>', NULL, NULL, NULL, NULL, NULL, NULL, NULL, NULL, NULL, '0', '2016-03-25 02:46:04', '2016-04-21 04:24:56', '19a705af-1b19-4dea-9c5f-6a5d91f52f4d'),
 ('11', '35', 'en_us', NULL, NULL, NULL, NULL, NULL, NULL, NULL, NULL, NULL, NULL, NULL, NULL, NULL, NULL, NULL, '0', 'Dallas', '<p>Globally syndicate market positioning niches with accurate platforms. Energistically coordinate exceptional e-tailers without open-source functionalities.&nbsp;</p>', '1', '#000000', '5757 W. Lovers Lane #217 Dallas, TX United States 75209', 'Freddie Poole\'s Martial Arts®', '<p>This is a flexible Marketing area. Fill it wil specials, messages or anything else!</p>', NULL, NULL, NULL, '<p>5757 W. Lovers Lane #217 Dallas,&nbsp;</p>\r\n\r\n<p>TX United States 75209</p>', NULL, NULL, NULL, NULL, NULL, NULL, NULL, NULL, '0', '2016-03-26 22:44:34', '2016-04-21 04:35:34', 'a726a04e-fe3a-4fa5-97c1-df5370879208'),
 ('12', '52', 'en_us', NULL, NULL, NULL, NULL, NULL, NULL, NULL, NULL, NULL, NULL, NULL, NULL, NULL, NULL, NULL, '0', NULL, NULL, '0', NULL, NULL, NULL, NULL, NULL, NULL, NULL, NULL, 'Locations', '<p>We currently have 2 locations to serve you.&nbsp;</p>', NULL, NULL, NULL, NULL, NULL, NULL, '0', '2016-04-21 04:20:31', '2016-04-21 04:23:27', 'ef05437f-c94a-445b-a453-fd71578d8c42'),
 ('13', '53', 'en_us', NULL, NULL, NULL, NULL, NULL, NULL, '', '<p>You too can enjoy the benefits of martial arts classes in Dallas. Come see for yourself why martial arts have been so popular for so many years. Our black belt instructors are here to help you achieve all your martial arts and fitness goals.</p>', '', 'col-3-of-5', 'col-2-of-5', '#000000', NULL, NULL, NULL, '0', NULL, NULL, '0', NULL, NULL, NULL, NULL, NULL, NULL, NULL, NULL, NULL, NULL, NULL, NULL, NULL, NULL, NULL, NULL, '1', '2016-04-21 04:20:31', '2016-04-21 04:23:27', 'a8d4f829-a79c-42c6-9c4c-b2252076f435'),
 ('14', '54', 'en_us', NULL, NULL, NULL, NULL, NULL, NULL, NULL, NULL, NULL, NULL, NULL, NULL, NULL, NULL, NULL, '0', NULL, NULL, '0', NULL, NULL, NULL, NULL, NULL, NULL, NULL, NULL, NULL, NULL, NULL, NULL, NULL, 'Event Calendar', '', 'dallas', '0', '2016-04-21 04:35:34', '2016-04-21 04:35:34', '8f0483e0-0b93-4bf7-bd57-6449b475cf00'),
 ('15', '55', 'en_us', NULL, NULL, NULL, NULL, NULL, NULL, NULL, NULL, NULL, NULL, NULL, NULL, NULL, NULL, NULL, '0', 'Specials', '<p>Globally syndicate market positioning niches with accurate platforms. Energistically coordinate exceptional e-tailers without open-source functionalities.&nbsp;</p>', '1', '#000000', '', '', '', NULL, NULL, NULL, '', NULL, NULL, NULL, NULL, NULL, NULL, NULL, NULL, '0', '2016-04-21 04:39:51', '2016-04-21 04:40:43', '0f3090f4-477e-4e9f-a79a-888e85755edb'),
 ('16', '56', 'en_us', 'Parent’s Nights Out', '<p>Seamlessly target business web services for standardized schemas. Authoritatively transform ethical core competencies and excellent materials. Professionally exploit sustainable data for e-business systems. Collaboratively procrastinate standards compliant deliverables rather than value-added architectures. Rapidiously recaptiualize intuitive paradigms via collaborative testing procedures. Competently myocardinate sticky mindshare for competitive resources. Intrinsicly enable economically sound potentialities with enterprise-wide sources.&nbsp;</p>', '#000000', NULL, NULL, NULL, NULL, NULL, NULL, NULL, NULL, NULL, NULL, NULL, NULL, '0', NULL, NULL, '0', NULL, NULL, NULL, NULL, NULL, NULL, NULL, NULL, NULL, NULL, NULL, NULL, NULL, NULL, NULL, NULL, '0', '2016-04-21 04:39:51', '2016-04-21 04:40:43', 'f9271022-e637-4574-a114-76e03a7e9837'),
 ('17', '57', 'en_us', 'Birthday Parties', '<p>Seamlessly target business web services for standardized schemas. Authoritatively transform ethical core competencies and excellent materials. Professionally exploit sustainable data for e-business systems. Collaboratively procrastinate standards compliant deliverables rather than value-added architectures. Rapidiously recaptiualize intuitive paradigms via collaborative testing procedures. Competently myocardinate sticky mindshare for competitive resources. Intrinsicly enable economically sound potentialities with enterprise-wide sources.&nbsp;<br></p>', '#dadada', NULL, NULL, NULL, NULL, NULL, NULL, NULL, NULL, NULL, NULL, NULL, NULL, '0', NULL, NULL, '0', NULL, NULL, NULL, NULL, NULL, NULL, NULL, NULL, NULL, NULL, NULL, NULL, NULL, NULL, NULL, NULL, '0', '2016-04-21 04:39:51', '2016-04-21 04:40:43', '387f9b1e-6f67-4af5-aa9c-5ba558b6810a'),
 ('18', '58', 'en_us', 'Special Events', '<p>Seamlessly target business web services for standardized schemas. Authoritatively transform ethical core competencies and excellent materials. Professionally exploit sustainable data for e-business systems. Collaboratively procrastinate standards compliant deliverables rather than value-added architectures. Rapidiously recaptiualize intuitive paradigms via collaborative testing procedures. Competently myocardinate sticky mindshare for competitive resources. Intrinsicly enable economically sound potentialities with enterprise-wide sources.&nbsp;<br></p>', '#000000', NULL, NULL, NULL, NULL, NULL, NULL, NULL, NULL, NULL, NULL, NULL, NULL, '0', NULL, NULL, '0', NULL, NULL, NULL, NULL, NULL, NULL, NULL, NULL, NULL, NULL, NULL, NULL, NULL, NULL, NULL, NULL, '0', '2016-04-21 04:39:51', '2016-04-21 04:40:43', 'a68191cd-8473-4890-a850-69a3ea0148dc'),
 ('19', '59', 'en_us', NULL, NULL, NULL, NULL, NULL, NULL, NULL, NULL, NULL, NULL, NULL, NULL, NULL, NULL, NULL, '0', 'Contact Us', '<p>Globally syndicate market positioning niches with accurate platforms. Energistically coordinate exceptional e-tailers without open-source functionalities.&nbsp;</p>', '0', '#000000', '', '', '', NULL, NULL, NULL, '', NULL, NULL, NULL, NULL, NULL, NULL, NULL, NULL, '0', '2016-04-21 04:41:43', '2016-04-21 04:42:48', 'a838bf2b-23cf-4599-b2de-1cf451e202f6'),
 ('20', '60', 'en_us', NULL, NULL, NULL, NULL, NULL, NULL, NULL, NULL, NULL, NULL, NULL, NULL, NULL, NULL, NULL, '0', NULL, NULL, '0', NULL, NULL, NULL, NULL, NULL, NULL, NULL, NULL, NULL, NULL, 'Contact Us', '', '#f5f5f5', NULL, NULL, NULL, '0', '2016-04-21 04:42:25', '2016-04-21 04:42:48', '166aa9ec-ae2b-4c92-95f2-41f15e1c0b12');



DROP TABLE IF EXISTS `craft_migrations`;


--
-- Schema for table `craft_migrations`
--
CREATE TABLE `craft_migrations` (
  `id` int(11) NOT NULL AUTO_INCREMENT,
  `pluginId` int(11) DEFAULT NULL,
  `version` varchar(255) COLLATE utf8_unicode_ci NOT NULL,
  `applyTime` datetime NOT NULL,
  `dateCreated` datetime NOT NULL,
  `dateUpdated` datetime NOT NULL,
  `uid` char(36) COLLATE utf8_unicode_ci NOT NULL DEFAULT '0',
  PRIMARY KEY (`id`),
  UNIQUE KEY `craft_migrations_version_unq_idx` (`version`),
  KEY `craft_migrations_pluginId_fk` (`pluginId`)
) ENGINE=InnoDB AUTO_INCREMENT=34 DEFAULT CHARSET=utf8 COLLATE=utf8_unicode_ci;

--
-- Data for table `craft_migrations`
--

INSERT INTO `craft_migrations` (`id`, `pluginId`, `version`, `applyTime`, `dateCreated`, `dateUpdated`, `uid`) VALUES
 ('1', NULL, 'm000000_000000_base', '2016-03-12 17:48:24', '2016-03-12 17:48:25', '2016-03-12 17:48:25', '94e319c6-bb7e-49cf-b74e-da4231b58420'),
 ('2', NULL, 'm140730_000001_add_filename_and_format_to_transformindex', '2016-03-12 17:48:25', '2016-03-12 17:48:25', '2016-03-12 17:48:25', '3321a1cd-d1ab-49ea-9d4c-4f450d92c373'),
 ('3', NULL, 'm140815_000001_add_format_to_transforms', '2016-03-12 17:48:25', '2016-03-12 17:48:25', '2016-03-12 17:48:25', 'd236a32f-ac61-45ea-98c0-3555ed83b38e'),
 ('4', NULL, 'm140822_000001_allow_more_than_128_items_per_field', '2016-03-12 17:48:25', '2016-03-12 17:48:25', '2016-03-12 17:48:25', 'b98d1739-bda0-4e6e-bbe2-0f3552138f7a'),
 ('5', NULL, 'm140829_000001_single_title_formats', '2016-03-12 17:48:25', '2016-03-12 17:48:25', '2016-03-12 17:48:25', '70dec314-f930-4d4a-8805-0cbb97d53a23'),
 ('6', NULL, 'm140831_000001_extended_cache_keys', '2016-03-12 17:48:25', '2016-03-12 17:48:25', '2016-03-12 17:48:25', 'a562be3a-0de8-4c85-bbdf-17cccadbbef5'),
 ('7', NULL, 'm140922_000001_delete_orphaned_matrix_blocks', '2016-03-12 17:48:25', '2016-03-12 17:48:25', '2016-03-12 17:48:25', '077096b1-1f4d-4f9e-88c3-1a2a885a9f18'),
 ('8', NULL, 'm141008_000001_elements_index_tune', '2016-03-12 17:48:25', '2016-03-12 17:48:25', '2016-03-12 17:48:25', '432a482c-1cac-4c21-a1ef-89b0ee54f174'),
 ('9', NULL, 'm141009_000001_assets_source_handle', '2016-03-12 17:48:25', '2016-03-12 17:48:25', '2016-03-12 17:48:25', 'd59277e5-2932-44f9-b167-440e24e46421'),
 ('10', NULL, 'm141024_000001_field_layout_tabs', '2016-03-12 17:48:25', '2016-03-12 17:48:25', '2016-03-12 17:48:25', '4c8b2ccf-3220-4f5f-a364-621a168678fb'),
 ('11', NULL, 'm141030_000000_plugin_schema_versions', '2016-03-12 17:48:25', '2016-03-12 17:48:25', '2016-03-12 17:48:25', '3bf83ab6-7618-4292-b2be-aa98d5291e85'),
 ('12', NULL, 'm141030_000001_drop_structure_move_permission', '2016-03-12 17:48:25', '2016-03-12 17:48:25', '2016-03-12 17:48:25', 'e55f78d8-cdea-4f0f-aa9e-ac25bdf0360c'),
 ('13', NULL, 'm141103_000001_tag_titles', '2016-03-12 17:48:25', '2016-03-12 17:48:25', '2016-03-12 17:48:25', '1b771c82-4774-4139-94fa-9045ca2dddf6'),
 ('14', NULL, 'm141109_000001_user_status_shuffle', '2016-03-12 17:48:25', '2016-03-12 17:48:25', '2016-03-12 17:48:25', '2db44e2c-8440-4fce-8001-0d68530766ae'),
 ('15', NULL, 'm141126_000001_user_week_start_day', '2016-03-12 17:48:25', '2016-03-12 17:48:25', '2016-03-12 17:48:25', '91608ab6-c910-48de-b057-902c5bc3652e'),
 ('16', NULL, 'm150210_000001_adjust_user_photo_size', '2016-03-12 17:48:25', '2016-03-12 17:48:25', '2016-03-12 17:48:25', '306163bc-68e2-4a88-91e1-cd3327bfbdbd'),
 ('17', NULL, 'm150724_000001_adjust_quality_settings', '2016-03-12 17:48:25', '2016-03-12 17:48:25', '2016-03-12 17:48:25', '19629daa-c2e4-496a-889e-91c878fcef72'),
 ('18', NULL, 'm150827_000000_element_index_settings', '2016-03-12 17:48:25', '2016-03-12 17:48:25', '2016-03-12 17:48:25', 'f0dc977a-4c22-478f-85d9-8e2eb5981fc2'),
 ('19', NULL, 'm150918_000001_add_colspan_to_widgets', '2016-03-12 17:48:25', '2016-03-12 17:48:25', '2016-03-12 17:48:25', '0fb1aa58-581e-45f4-9f6e-98b79822f940'),
 ('20', NULL, 'm151007_000000_clear_asset_caches', '2016-03-12 17:48:25', '2016-03-12 17:48:25', '2016-03-12 17:48:25', '5d876678-06c4-4fb1-9b50-16a42d36474a'),
 ('21', NULL, 'm151109_000000_text_url_formats', '2016-03-12 17:48:25', '2016-03-12 17:48:25', '2016-03-12 17:48:25', 'c39d7a2e-6569-4836-85b2-0df7cbebd995'),
 ('22', NULL, 'm151110_000000_move_logo', '2016-03-12 17:48:25', '2016-03-12 17:48:25', '2016-03-12 17:48:25', '50bbaeb2-2125-44d9-a0ca-c96818331b1e'),
 ('23', NULL, 'm151117_000000_adjust_image_widthheight', '2016-03-12 17:48:25', '2016-03-12 17:48:25', '2016-03-12 17:48:25', '7f074d41-e80d-48cc-bb3e-06c7c0f0d4ee'),
 ('24', NULL, 'm151127_000000_clear_license_key_status', '2016-03-12 17:48:25', '2016-03-12 17:48:25', '2016-03-12 17:48:25', '92d361d0-ca21-46e6-bbca-7b1f78f68d14'),
 ('25', NULL, 'm151127_000000_plugin_license_keys', '2016-03-12 17:48:25', '2016-03-12 17:48:25', '2016-03-12 17:48:25', '72922935-a80b-4d79-8191-b68a01cdf4b7'),
 ('26', NULL, 'm151130_000000_update_pt_widget_feeds', '2016-03-12 17:48:25', '2016-03-12 17:48:25', '2016-03-12 17:48:25', '7fb82acb-3ffb-4d87-8363-7b4bc14d8230'),
 ('27', NULL, 'm160114_000000_asset_sources_public_url_default_true', '2016-03-12 17:48:25', '2016-03-12 17:48:25', '2016-03-12 17:48:25', '786de677-5895-4c1e-8204-264c7a330d2a'),
 ('28', NULL, 'm160223_000000_sortorder_to_smallint', '2016-03-12 17:48:25', '2016-03-12 17:48:25', '2016-03-12 17:48:25', 'e4194dbe-18a8-4df9-b49f-d22ddd4279f2'),
 ('29', NULL, 'm160229_000000_set_default_entry_statuses', '2016-03-12 17:48:25', '2016-03-12 17:48:25', '2016-03-12 17:48:25', 'a20fa3c2-291d-4f93-96b4-cedc29f44d2b'),
 ('30', NULL, 'm160304_000000_client_permissions', '2016-03-12 17:48:25', '2016-03-12 17:48:25', '2016-03-12 17:48:25', 'd0de8b8d-a58b-4642-a867-955c31e610a5'),
 ('31', '4', 'm151104_040245_venti_ResaveVentiElements', '2016-04-21 03:56:59', '2016-04-21 03:56:59', '2016-04-21 03:56:59', 'f7fb89e7-ea4c-4904-83dc-ca30dfbec722'),
 ('32', '4', 'm160203_055928_venti_VentiEventLocalColumnAddition', '2016-04-21 03:56:59', '2016-04-21 03:56:59', '2016-04-21 03:56:59', 'f6fc6ab7-8c25-4142-980f-05e535df6f0b'),
 ('33', '4', 'm160204_055929_venti_VentiEventFieldColumnAdditions', '2016-04-21 03:56:59', '2016-04-21 03:56:59', '2016-04-21 03:56:59', 'cbde05ce-a053-4ed8-89aa-5ce8aeafe2b3');



DROP TABLE IF EXISTS `craft_plugins`;


--
-- Schema for table `craft_plugins`
--
CREATE TABLE `craft_plugins` (
  `id` int(11) NOT NULL AUTO_INCREMENT,
  `class` varchar(150) COLLATE utf8_unicode_ci NOT NULL,
  `version` varchar(15) COLLATE utf8_unicode_ci NOT NULL,
  `schemaVersion` varchar(15) COLLATE utf8_unicode_ci DEFAULT NULL,
  `licenseKey` char(24) COLLATE utf8_unicode_ci DEFAULT NULL,
  `licenseKeyStatus` enum('valid','invalid','mismatched','unknown') COLLATE utf8_unicode_ci NOT NULL DEFAULT 'unknown',
  `enabled` tinyint(1) unsigned NOT NULL DEFAULT '0',
  `settings` text COLLATE utf8_unicode_ci,
  `installDate` datetime NOT NULL,
  `dateCreated` datetime NOT NULL,
  `dateUpdated` datetime NOT NULL,
  `uid` char(36) COLLATE utf8_unicode_ci NOT NULL DEFAULT '0',
  PRIMARY KEY (`id`)
) ENGINE=InnoDB AUTO_INCREMENT=5 DEFAULT CHARSET=utf8 COLLATE=utf8_unicode_ci;

--
-- Data for table `craft_plugins`
--

INSERT INTO `craft_plugins` (`id`, `class`, `version`, `schemaVersion`, `licenseKey`, `licenseKeyStatus`, `enabled`, `settings`, `installDate`, `dateCreated`, `dateUpdated`, `uid`) VALUES
 ('3', 'FormBuilder2', '0.1.0', NULL, NULL, 'unknown', '1', NULL, '2016-03-24 23:58:43', '2016-03-24 23:58:43', '2016-04-21 03:52:50', 'fc3293a0-2ee2-4b6f-9b06-fad4fcd1dcd8'),
 ('4', 'Venti', '1.2.3', '1.2.3', NULL, 'unknown', '1', NULL, '2016-04-21 03:56:59', '2016-04-21 03:56:59', '2016-04-21 03:56:59', 'c0dceaa9-6892-4505-93d8-32119d3ebc0d');



DROP TABLE IF EXISTS `craft_rackspaceaccess`;


--
-- Schema for table `craft_rackspaceaccess`
--
CREATE TABLE `craft_rackspaceaccess` (
  `id` int(11) NOT NULL AUTO_INCREMENT,
  `connectionKey` varchar(255) COLLATE utf8_unicode_ci NOT NULL,
  `token` varchar(255) COLLATE utf8_unicode_ci NOT NULL,
  `storageUrl` varchar(255) COLLATE utf8_unicode_ci NOT NULL,
  `cdnUrl` varchar(255) COLLATE utf8_unicode_ci NOT NULL,
  `dateCreated` datetime NOT NULL,
  `dateUpdated` datetime NOT NULL,
  `uid` char(36) COLLATE utf8_unicode_ci NOT NULL DEFAULT '0',
  PRIMARY KEY (`id`),
  UNIQUE KEY `craft_rackspaceaccess_connectionKey_unq_idx` (`connectionKey`)
) ENGINE=InnoDB DEFAULT CHARSET=utf8 COLLATE=utf8_unicode_ci;

DROP TABLE IF EXISTS `craft_relations`;


--
-- Schema for table `craft_relations`
--
CREATE TABLE `craft_relations` (
  `id` int(11) NOT NULL AUTO_INCREMENT,
  `fieldId` int(11) NOT NULL,
  `sourceId` int(11) NOT NULL,
  `sourceLocale` char(12) COLLATE utf8_unicode_ci DEFAULT NULL,
  `targetId` int(11) NOT NULL,
  `sortOrder` smallint(6) DEFAULT NULL,
  `dateCreated` datetime NOT NULL,
  `dateUpdated` datetime NOT NULL,
  `uid` char(36) COLLATE utf8_unicode_ci NOT NULL DEFAULT '0',
  PRIMARY KEY (`id`),
  UNIQUE KEY `craft_relations_fieldId_sourceId_sourceLocale_targetId_unq_idx` (`fieldId`,`sourceId`,`sourceLocale`,`targetId`),
  KEY `craft_relations_sourceId_fk` (`sourceId`),
  KEY `craft_relations_sourceLocale_fk` (`sourceLocale`),
  KEY `craft_relations_targetId_fk` (`targetId`)
) ENGINE=InnoDB AUTO_INCREMENT=62 DEFAULT CHARSET=utf8 COLLATE=utf8_unicode_ci;

--
-- Data for table `craft_relations`
--

INSERT INTO `craft_relations` (`id`, `fieldId`, `sourceId`, `sourceLocale`, `targetId`, `sortOrder`, `dateCreated`, `dateUpdated`, `uid`) VALUES
 ('24', '37', '21', NULL, '8', '1', '2016-03-24 03:49:46', '2016-03-24 03:49:46', '3268d055-2e9a-45a3-aff5-696e384e2b25'),
 ('25', '9', '22', NULL, '12', '1', '2016-03-24 03:49:46', '2016-03-24 03:49:46', '04c987b5-8496-4f1c-9767-5a4dd42ea8b0'),
 ('36', '37', '25', NULL, '10', '1', '2016-03-26 22:45:32', '2016-03-26 22:45:32', '2c34ac57-6608-44f7-9ee8-702ddc0dd925'),
 ('48', '13', '15', NULL, '8', '1', '2016-04-21 04:23:27', '2016-04-21 04:23:27', '695be481-eda9-42a3-be0a-34236a162d0d'),
 ('49', '28', '18', NULL, '16', '1', '2016-04-21 04:23:27', '2016-04-21 04:23:27', '21491fee-fde9-4123-b0ad-530c5358c2b0'),
 ('50', '28', '18', NULL, '17', '2', '2016-04-21 04:23:27', '2016-04-21 04:23:27', '6add9f2e-27ec-4d11-ab13-fa0be190851b'),
 ('51', '30', '18', NULL, '14', '1', '2016-04-21 04:23:27', '2016-04-21 04:23:27', 'b70f790e-ab54-4e04-968f-fb65f258a6d5'),
 ('52', '62', '52', NULL, '11', '1', '2016-04-21 04:23:27', '2016-04-21 04:23:27', '82b04c55-f807-487c-8082-b9d588e90aaa'),
 ('53', '20', '53', NULL, '8', '1', '2016-04-21 04:23:27', '2016-04-21 04:23:27', '5b828aac-26df-4e84-955f-c34fd3c23c03'),
 ('54', '37', '28', NULL, '41', '1', '2016-04-21 04:24:56', '2016-04-21 04:24:56', '269a3877-946b-458b-aa69-fbf816d1a8dc'),
 ('55', '41', '29', NULL, '43', '1', '2016-04-21 04:24:56', '2016-04-21 04:24:56', 'afb73b65-a26b-4a17-b566-c5f8a30a87f7'),
 ('56', '41', '30', NULL, '45', '1', '2016-04-21 04:24:56', '2016-04-21 04:24:56', '0277a4fa-bf8e-40bc-9d88-5c646e481118'),
 ('57', '41', '31', NULL, '46', '1', '2016-04-21 04:24:56', '2016-04-21 04:24:56', '77ed5c2d-70fb-4d0e-ac40-6742625f2392'),
 ('58', '31', '20', NULL, '42', '1', '2016-04-21 04:26:31', '2016-04-21 04:26:31', '175f95ab-37ae-40f7-9368-886751113757'),
 ('59', '37', '35', NULL, '38', '1', '2016-04-21 04:35:34', '2016-04-21 04:35:34', 'e736cebd-a55b-4d60-a37f-0ce439718019'),
 ('60', '37', '55', NULL, '40', '1', '2016-04-21 04:40:43', '2016-04-21 04:40:43', 'b5939a24-1ee4-41ce-94dd-d6c4efe832ba'),
 ('61', '37', '59', NULL, '37', '1', '2016-04-21 04:42:48', '2016-04-21 04:42:48', 'cc9735fe-d309-4cd4-b200-89ea126c6d60');



DROP TABLE IF EXISTS `craft_routes`;


--
-- Schema for table `craft_routes`
--
CREATE TABLE `craft_routes` (
  `id` int(11) NOT NULL AUTO_INCREMENT,
  `locale` char(12) COLLATE utf8_unicode_ci DEFAULT NULL,
  `urlParts` varchar(255) COLLATE utf8_unicode_ci NOT NULL,
  `urlPattern` varchar(255) COLLATE utf8_unicode_ci NOT NULL,
  `template` varchar(255) COLLATE utf8_unicode_ci NOT NULL,
  `sortOrder` smallint(6) unsigned DEFAULT NULL,
  `dateCreated` datetime NOT NULL,
  `dateUpdated` datetime NOT NULL,
  `uid` char(36) COLLATE utf8_unicode_ci NOT NULL DEFAULT '0',
  PRIMARY KEY (`id`),
  UNIQUE KEY `craft_routes_urlPattern_unq_idx` (`urlPattern`),
  KEY `craft_routes_locale_idx` (`locale`)
) ENGINE=InnoDB DEFAULT CHARSET=utf8 COLLATE=utf8_unicode_ci;

DROP TABLE IF EXISTS `craft_searchindex`;


--
-- Schema for table `craft_searchindex`
--
CREATE TABLE `craft_searchindex` (
  `elementId` int(11) NOT NULL,
  `attribute` varchar(25) COLLATE utf8_unicode_ci NOT NULL,
  `fieldId` int(11) NOT NULL,
  `locale` char(12) COLLATE utf8_unicode_ci NOT NULL,
  `keywords` text COLLATE utf8_unicode_ci NOT NULL,
  PRIMARY KEY (`elementId`,`attribute`,`fieldId`,`locale`),
  FULLTEXT KEY `craft_searchindex_keywords_idx` (`keywords`)
) ENGINE=MyISAM DEFAULT CHARSET=utf8 COLLATE=utf8_unicode_ci;

--
-- Data for table `craft_searchindex`
--

INSERT INTO `craft_searchindex` (`elementId`, `attribute`, `fieldId`, `locale`, `keywords`) VALUES
 ('1', 'username', '0', 'en_us', ' admin '),
 ('1', 'firstname', '0', 'en_us', ''),
 ('1', 'lastname', '0', 'en_us', ''),
 ('1', 'fullname', '0', 'en_us', ''),
 ('1', 'email', '0', 'en_us', ' daituzhang gmail com '),
 ('1', 'slug', '0', 'en_us', ''),
 ('2', 'slug', '0', 'en_us', ' homepage '),
 ('2', 'title', '0', 'en_us', ' home '),
 ('2', 'field', '1', 'en_us', ' it s true this site doesn t have a whole lot of content yet but don t worry our web developers have just installed the cms and they re setting things up for the content editors this very moment soon localhost will be an oasis of fresh perspectives sharp analyses and astute opinions that will keep you coming back again and again '),
 ('15', 'field', '10', 'en_us', ' kick punch learn '),
 ('8', 'kind', '0', 'en_us', ' image '),
 ('8', 'slug', '0', 'en_us', ' bjj bg 2x '),
 ('8', 'title', '0', 'en_us', ' bjj bg 2x '),
 ('9', 'filename', '0', 'en_us', ' contact_bg 2x jpg '),
 ('9', 'extension', '0', 'en_us', ' jpg '),
 ('9', 'kind', '0', 'en_us', ' image '),
 ('9', 'slug', '0', 'en_us', ' contact bg 2x '),
 ('9', 'title', '0', 'en_us', ' contact bg 2x '),
 ('10', 'filename', '0', 'en_us', ' hero 2x jpg '),
 ('10', 'extension', '0', 'en_us', ' jpg '),
 ('8', 'extension', '0', 'en_us', ' jpg '),
 ('8', 'filename', '0', 'en_us', ' bjj_bg 2x jpg '),
 ('4', 'slug', '0', 'en_us', ''),
 ('4', 'field', '3', 'en_us', ''),
 ('4', 'field', '4', 'en_us', ''),
 ('5', 'slug', '0', 'en_us', ' about us '),
 ('5', 'title', '0', 'en_us', ' about us '),
 ('6', 'slug', '0', 'en_us', ' programs '),
 ('6', 'title', '0', 'en_us', ' programs '),
 ('7', 'slug', '0', 'en_us', ' locations '),
 ('7', 'title', '0', 'en_us', ' locations '),
 ('10', 'kind', '0', 'en_us', ' image '),
 ('10', 'slug', '0', 'en_us', ' hero 2x '),
 ('10', 'title', '0', 'en_us', ' hero 2x '),
 ('11', 'filename', '0', 'en_us', ' location_bg 2x png '),
 ('11', 'extension', '0', 'en_us', ' png '),
 ('11', 'kind', '0', 'en_us', ' image '),
 ('11', 'slug', '0', 'en_us', ' location bg 2x '),
 ('11', 'title', '0', 'en_us', ' location bg 2x '),
 ('12', 'filename', '0', 'en_us', ' logo_watermark png '),
 ('12', 'extension', '0', 'en_us', ' png '),
 ('12', 'kind', '0', 'en_us', ' image '),
 ('12', 'slug', '0', 'en_us', ' logo watermark '),
 ('12', 'title', '0', 'en_us', ' logo watermark '),
 ('14', 'kind', '0', 'en_us', ' image '),
 ('14', 'extension', '0', 'en_us', ' png '),
 ('14', 'filename', '0', 'en_us', ' approach_bg 2x png '),
 ('14', 'slug', '0', 'en_us', ' approach bg 2x '),
 ('14', 'title', '0', 'en_us', ' approach bg 2x '),
 ('2', 'field', '5', 'en_us', ' 000000 bjj bg 2x freddie poole s martial arts is a unique and modern training system that combines traditional values and principles with a modern system of combat self defense and fitness 1 kick punch learn 000000 approach bg 2x this unique approach creates a balanced and well rounded martial artist the key to our success is that each discipline is introduced in stages to the student rather than front loading a program this methodical approach ensures students are learning and mastering techniques at the highest level as opposed to just going through motions approach dragons juniors location bg 2x we currently have 2 locations to serve you locations 000000 bjj bg 2x you too can enjoy the benefits of martial arts classes in dallas come see for yourself why martial arts have been so popular for so many years our black belt instructors are here to help you achieve all your martial arts and fitness goals col 3 of 5 col 2 of 5 1 '),
 ('15', 'field', '11', 'en_us', ' freddie poole s martial arts is a unique and modern training system that combines traditional values and principles with a modern system of combat self defense and fitness '),
 ('15', 'field', '12', 'en_us', ' 000000 '),
 ('15', 'field', '13', 'en_us', ' bjj bg 2x '),
 ('15', 'slug', '0', 'en_us', ''),
 ('16', 'field', '22', 'en_us', ' dragons 4 6 yo '),
 ('16', 'field', '5', 'en_us', ' 000000 bjj bg 2x brazilian jiu jitsu classes in dallas bjj is primarily a ground fighting art a grappling style of martial arts that has roots and evolved from japanese judo and classical jujutsu brazilian jiu jitsu specializes in ground techniques such as positional control and the use of leverage for reversals and submissions holds joint lock and chokes to overcome the size and strength of opponents bjj provides a clear path and strategy for victory in a self defense scenario or competition as a sport it is a safe and entertaining art that can be practiced for a lifetime of fitness and well being 1 brazilian jiu jitsu 000000 logo watermark most people involved in martial arts are familiar with the basic history of bjj how a japanese jiu jitsu expert maeda came to brazil as part of a diplomatic mission to found and establish a japanese colony he befriended gastao gracie a man of scottish decent who had influence in local political circles maeda offered to teach gracie s sons jiu jitsu the gracie boys became very proficient in jiu jitsu being a large family they never lacked training partners and new ideas for practicing and training daily within the family and nephews the machados this went on for generations later opening their own schools and developing their own additions and modifications to the techniques they had being taught as a test of their skill the gracies fought many matches against other styles with great success in this manner they came to understand which techniques worked and which did not they based their developing martial arts on their combat experiences over generations with great success in mma competitions brazilian jiu jitsu has establish itself as an extremely effective martial arts and one of the most sought out history f5f5f5 eda taught the gracie s the art of randori or live training rolling where safe but effective techniques can be applied with full resistance to opponents as long as they agree to tap out or submit surrender when a technique is successfully applied this way two opponents can face each other and fight close to full power which makes training much more realistic to a real fight therefore more effective the genius of the gracie s lay in the strategy they implemented to win fights which can be seen in sport point systems they implemented in competition the gracie s realized that fighting a bigger stronger opponent and trading blows was not a good idea so they developed a strategy where they would take a standing opponent or fighter out of their comfort zone stand up skill put them on the ground and expose them to their great ground skills positional control leverage and submissions the gracie s realized that certain positions were better to attack and defend so they strategized ways from any position on the ground to a position where they can reverse control and submit their opponent the bjj strategy and the japanese legacy '),
 ('16', 'field', '4', 'en_us', ''),
 ('16', 'field', '3', 'en_us', ''),
 ('16', 'slug', '0', 'en_us', ' dragons '),
 ('16', 'title', '0', 'en_us', ' dragons '),
 ('17', 'field', '22', 'en_us', ' juniors 7 12 yo '),
 ('17', 'field', '5', 'en_us', ''),
 ('17', 'field', '4', 'en_us', ''),
 ('17', 'field', '3', 'en_us', ''),
 ('17', 'slug', '0', 'en_us', ' juniors '),
 ('17', 'title', '0', 'en_us', ' juniors '),
 ('18', 'field', '26', 'en_us', ' approach '),
 ('18', 'field', '27', 'en_us', ' this unique approach creates a balanced and well rounded martial artist the key to our success is that each discipline is introduced in stages to the student rather than front loading a program this methodical approach ensures students are learning and mastering techniques at the highest level as opposed to just going through motions '),
 ('18', 'field', '28', 'en_us', ' dragons juniors '),
 ('18', 'slug', '0', 'en_us', ''),
 ('18', 'field', '29', 'en_us', ' 000000 '),
 ('18', 'field', '30', 'en_us', ' approach bg 2x '),
 ('19', 'filename', '0', 'en_us', ' approach_bg 2x test png '),
 ('19', 'extension', '0', 'en_us', ' png '),
 ('19', 'kind', '0', 'en_us', ' image '),
 ('19', 'slug', '0', 'en_us', ' approach bg 2x test '),
 ('19', 'title', '0', 'en_us', ' approach bg 2x test '),
 ('20', 'field', '31', 'en_us', ' logo fpma '),
 ('20', 'slug', '0', 'en_us', ''),
 ('21', 'field', '33', 'en_us', ' brazilian jiu jitsu '),
 ('21', 'field', '34', 'en_us', ' brazilian jiu jitsu classes in dallas bjj is primarily a ground fighting art a grappling style of martial arts that has roots and evolved from japanese judo and classical jujutsu brazilian jiu jitsu specializes in ground techniques such as positional control and the use of leverage for reversals and submissions holds joint lock and chokes to overcome the size and strength of opponents bjj provides a clear path and strategy for victory in a self defense scenario or competition as a sport it is a safe and entertaining art that can be practiced for a lifetime of fitness and well being '),
 ('21', 'field', '35', 'en_us', ' 1 '),
 ('21', 'field', '36', 'en_us', ' 000000 '),
 ('21', 'field', '37', 'en_us', ' bjj bg 2x '),
 ('21', 'slug', '0', 'en_us', ''),
 ('22', 'field', '6', 'en_us', ' history '),
 ('22', 'field', '7', 'en_us', ' most people involved in martial arts are familiar with the basic history of bjj how a japanese jiu jitsu expert maeda came to brazil as part of a diplomatic mission to found and establish a japanese colony he befriended gastao gracie a man of scottish decent who had influence in local political circles maeda offered to teach gracie s sons jiu jitsu the gracie boys became very proficient in jiu jitsu being a large family they never lacked training partners and new ideas for practicing and training daily within the family and nephews the machados this went on for generations later opening their own schools and developing their own additions and modifications to the techniques they had being taught as a test of their skill the gracies fought many matches against other styles with great success in this manner they came to understand which techniques worked and which did not they based their developing martial arts on their combat experiences over generations with great success in mma competitions brazilian jiu jitsu has establish itself as an extremely effective martial arts and one of the most sought out '),
 ('22', 'field', '8', 'en_us', ' 000000 '),
 ('22', 'field', '9', 'en_us', ' logo watermark '),
 ('22', 'slug', '0', 'en_us', ''),
 ('23', 'field', '6', 'en_us', ' the bjj strategy and the japanese legacy '),
 ('23', 'field', '7', 'en_us', ' eda taught the gracie s the art of randori or live training rolling where safe but effective techniques can be applied with full resistance to opponents as long as they agree to tap out or submit surrender when a technique is successfully applied this way two opponents can face each other and fight close to full power which makes training much more realistic to a real fight therefore more effective the genius of the gracie s lay in the strategy they implemented to win fights which can be seen in sport point systems they implemented in competition the gracie s realized that fighting a bigger stronger opponent and trading blows was not a good idea so they developed a strategy where they would take a standing opponent or fighter out of their comfort zone stand up skill put them on the ground and expose them to their great ground skills positional control leverage and submissions the gracie s realized that certain positions were better to attack and defend so they strategized ways from any position on the ground to a position where they can reverse control and submit their opponent '),
 ('23', 'field', '8', 'en_us', ' f5f5f5 '),
 ('23', 'field', '9', 'en_us', ''),
 ('23', 'slug', '0', 'en_us', ''),
 ('15', 'field', '32', 'en_us', ' 1 '),
 ('24', 'field', '5', 'en_us', ' 000000 hero 2x globally syndicate market positioning niches with accurate platforms energistically coordinate exceptional e tailers without open source functionalities 1 this is a flexible marketing area fill it wil specials messages or anything else north dallas 17194 preston rd 215 dallas tx united states 75248 17194 preston rd 215 dallas tx united states 75248 972 232 0027 freddie poole s martial arts north texas martial arts '),
 ('24', 'field', '4', 'en_us', ''),
 ('24', 'field', '3', 'en_us', ''),
 ('24', 'slug', '0', 'en_us', ' north dallas ');
INSERT INTO `craft_searchindex` (`elementId`, `attribute`, `fieldId`, `locale`, `keywords`) VALUES
 ('24', 'title', '0', 'en_us', ' north dallas '),
 ('25', 'field', '33', 'en_us', ' north dallas '),
 ('25', 'field', '34', 'en_us', ' globally syndicate market positioning niches with accurate platforms energistically coordinate exceptional e tailers without open source functionalities '),
 ('25', 'field', '35', 'en_us', ' 1 '),
 ('25', 'field', '36', 'en_us', ' 000000 '),
 ('25', 'field', '37', 'en_us', ' hero 2x '),
 ('25', 'field', '38', 'en_us', ' 17194 preston rd 215 dallas tx united states 75248 '),
 ('25', 'slug', '0', 'en_us', ''),
 ('25', 'field', '39', 'en_us', ' freddie poole s martial arts north texas martial arts '),
 ('25', 'field', '40', 'en_us', ' this is a flexible marketing area fill it wil specials messages or anything else '),
 ('32', 'field', '3', 'en_us', ''),
 ('32', 'slug', '0', 'en_us', ' contact us '),
 ('32', 'field', '4', 'en_us', ''),
 ('32', 'field', '5', 'en_us', ' 000000 image hero contact 2x globally syndicate market positioning niches with accurate platforms energistically coordinate exceptional e tailers without open source functionalities 0 contact us f5f5f5 contact us '),
 ('27', 'field', '5', 'en_us', ' 000000 image hero staff 2x globally syndicate market positioning niches with accurate platforms energistically coordinate exceptional e tailers without open source functionalities 1 staff seamlessly target business web services for standardized schemas authoritatively transform ethical core competencies and excellent materials professionally exploit sustainable data for e business systems collaboratively procrastinate standards compliant deliverables rather than value added architectures rapidiously recaptiualize intuitive paradigms via collaborative testing procedures competently myocardinate sticky mindshare for competitive resources intrinsicly enable economically sound potentialities with enterprise wide sources staff 1 2x mike rose machado jiu jitsu black belt judo black belt seamlessly target business web services for standardized schemas authoritatively transform ethical core competencies and excellent materials professionally exploit sustainable data for e business systems collaboratively procrastinate standards compliant deliverables rather than value added architectures rapidiously recaptiualize intuitive paradigms via collaborative testing procedures competently myocardinate sticky mindshare for competitive resources intrinsicly enable economically sound potentialities with enterprise wide sources staff 2 2x westin poole machado jiu jitsu black belt judo black belt seamlessly target business web services for standardized schemas authoritatively transform ethical core competencies and excellent materials professionally exploit sustainable data for e business systems collaboratively procrastinate standards compliant deliverables rather than value added architectures rapidiously recaptiualize intuitive paradigms via collaborative testing procedures competently myocardinate sticky mindshare for competitive resources intrinsicly enable economically sound potentialities with enterprise wide sources staff 3 2x randy stem machado jiu jitsu black belt judo black belt '),
 ('27', 'field', '4', 'en_us', ''),
 ('27', 'field', '3', 'en_us', ''),
 ('27', 'slug', '0', 'en_us', ' staff '),
 ('27', 'title', '0', 'en_us', ' staff '),
 ('28', 'field', '33', 'en_us', ' staff '),
 ('28', 'field', '34', 'en_us', ' globally syndicate market positioning niches with accurate platforms energistically coordinate exceptional e tailers without open source functionalities '),
 ('28', 'field', '35', 'en_us', ' 1 '),
 ('28', 'field', '36', 'en_us', ' 000000 '),
 ('28', 'field', '37', 'en_us', ' image hero staff 2x '),
 ('28', 'field', '39', 'en_us', ''),
 ('28', 'field', '38', 'en_us', ''),
 ('28', 'field', '40', 'en_us', ''),
 ('28', 'slug', '0', 'en_us', ''),
 ('29', 'field', '41', 'en_us', ' staff 1 2x '),
 ('29', 'field', '42', 'en_us', ' mike rose '),
 ('29', 'field', '43', 'en_us', ' machado jiu jitsu black belt judo black belt '),
 ('29', 'field', '44', 'en_us', ' seamlessly target business web services for standardized schemas authoritatively transform ethical core competencies and excellent materials professionally exploit sustainable data for e business systems collaboratively procrastinate standards compliant deliverables rather than value added architectures rapidiously recaptiualize intuitive paradigms via collaborative testing procedures competently myocardinate sticky mindshare for competitive resources intrinsicly enable economically sound potentialities with enterprise wide sources '),
 ('29', 'slug', '0', 'en_us', ''),
 ('30', 'field', '41', 'en_us', ' staff 2 2x '),
 ('30', 'field', '42', 'en_us', ' westin poole '),
 ('30', 'field', '43', 'en_us', ' machado jiu jitsu black belt judo black belt '),
 ('30', 'field', '44', 'en_us', ' seamlessly target business web services for standardized schemas authoritatively transform ethical core competencies and excellent materials professionally exploit sustainable data for e business systems collaboratively procrastinate standards compliant deliverables rather than value added architectures rapidiously recaptiualize intuitive paradigms via collaborative testing procedures competently myocardinate sticky mindshare for competitive resources intrinsicly enable economically sound potentialities with enterprise wide sources '),
 ('30', 'slug', '0', 'en_us', ''),
 ('31', 'field', '41', 'en_us', ' staff 3 2x '),
 ('31', 'field', '42', 'en_us', ' randy stem '),
 ('31', 'field', '43', 'en_us', ' machado jiu jitsu black belt judo black belt '),
 ('31', 'field', '44', 'en_us', ' seamlessly target business web services for standardized schemas authoritatively transform ethical core competencies and excellent materials professionally exploit sustainable data for e business systems collaboratively procrastinate standards compliant deliverables rather than value added architectures rapidiously recaptiualize intuitive paradigms via collaborative testing procedures competently myocardinate sticky mindshare for competitive resources intrinsicly enable economically sound potentialities with enterprise wide sources '),
 ('31', 'slug', '0', 'en_us', ''),
 ('32', 'title', '0', 'en_us', ' contact us '),
 ('33', 'field', '5', 'en_us', ' 000000 image hero muy 2x globally syndicate market positioning niches with accurate platforms energistically coordinate exceptional e tailers without open source functionalities 1 specials 000000 seamlessly target business web services for standardized schemas authoritatively transform ethical core competencies and excellent materials professionally exploit sustainable data for e business systems collaboratively procrastinate standards compliant deliverables rather than value added architectures rapidiously recaptiualize intuitive paradigms via collaborative testing procedures competently myocardinate sticky mindshare for competitive resources intrinsicly enable economically sound potentialities with enterprise wide sources parent s nights out dadada seamlessly target business web services for standardized schemas authoritatively transform ethical core competencies and excellent materials professionally exploit sustainable data for e business systems collaboratively procrastinate standards compliant deliverables rather than value added architectures rapidiously recaptiualize intuitive paradigms via collaborative testing procedures competently myocardinate sticky mindshare for competitive resources intrinsicly enable economically sound potentialities with enterprise wide sources birthday parties 000000 seamlessly target business web services for standardized schemas authoritatively transform ethical core competencies and excellent materials professionally exploit sustainable data for e business systems collaboratively procrastinate standards compliant deliverables rather than value added architectures rapidiously recaptiualize intuitive paradigms via collaborative testing procedures competently myocardinate sticky mindshare for competitive resources intrinsicly enable economically sound potentialities with enterprise wide sources special events '),
 ('33', 'field', '4', 'en_us', ''),
 ('33', 'field', '3', 'en_us', ''),
 ('33', 'slug', '0', 'en_us', ' specials '),
 ('33', 'title', '0', 'en_us', ' specials '),
 ('25', 'field', '45', 'en_us', ' 17194 preston rd 215 dallas tx united states 75248 972 232 0027 '),
 ('34', 'field', '5', 'en_us', ' 000000 image hero location2 2x globally syndicate market positioning niches with accurate platforms energistically coordinate exceptional e tailers without open source functionalities 1 this is a flexible marketing area fill it wil specials messages or anything else dallas 5757 w lovers lane 217 dallas tx united states 75209 5757 w lovers lane 217 dallas tx united states 75209 freddie poole s martial arts event calendar dallas '),
 ('34', 'field', '4', 'en_us', ''),
 ('34', 'field', '3', 'en_us', ''),
 ('34', 'slug', '0', 'en_us', ' dallas '),
 ('34', 'title', '0', 'en_us', ' dallas '),
 ('35', 'field', '33', 'en_us', ' dallas '),
 ('35', 'field', '34', 'en_us', ' globally syndicate market positioning niches with accurate platforms energistically coordinate exceptional e tailers without open source functionalities '),
 ('35', 'field', '35', 'en_us', ' 1 '),
 ('35', 'field', '36', 'en_us', ' 000000 '),
 ('35', 'field', '37', 'en_us', ' image hero location2 2x '),
 ('35', 'field', '39', 'en_us', ' freddie poole s martial arts '),
 ('35', 'field', '45', 'en_us', ' 5757 w lovers lane 217 dallas tx united states 75209 '),
 ('35', 'field', '38', 'en_us', ' 5757 w lovers lane 217 dallas tx united states 75209 '),
 ('35', 'field', '40', 'en_us', ' this is a flexible marketing area fill it wil specials messages or anything else '),
 ('35', 'slug', '0', 'en_us', ''),
 ('20', 'field', '48', 'en_us', ''),
 ('20', 'field', '49', 'en_us', ''),
 ('20', 'field', '50', 'en_us', ''),
 ('36', 'filename', '0', 'en_us', ' image_hero_about 2x jpg '),
 ('36', 'extension', '0', 'en_us', ' jpg '),
 ('36', 'kind', '0', 'en_us', ' image '),
 ('36', 'slug', '0', 'en_us', ' image hero about 2x '),
 ('36', 'title', '0', 'en_us', ' image hero about 2x '),
 ('37', 'filename', '0', 'en_us', ' image_hero_contact 2x jpg '),
 ('37', 'extension', '0', 'en_us', ' jpg '),
 ('37', 'kind', '0', 'en_us', ' image '),
 ('37', 'slug', '0', 'en_us', ' image hero contact 2x '),
 ('37', 'title', '0', 'en_us', ' image hero contact 2x '),
 ('38', 'filename', '0', 'en_us', ' image_hero_location2 2x jpg '),
 ('38', 'extension', '0', 'en_us', ' jpg '),
 ('38', 'kind', '0', 'en_us', ' image '),
 ('38', 'slug', '0', 'en_us', ' image hero location2 2x '),
 ('38', 'title', '0', 'en_us', ' image hero location2 2x '),
 ('39', 'filename', '0', 'en_us', ' image_hero_location 2x jpg '),
 ('39', 'extension', '0', 'en_us', ' jpg '),
 ('39', 'kind', '0', 'en_us', ' image '),
 ('39', 'slug', '0', 'en_us', ' image hero location 2x '),
 ('39', 'title', '0', 'en_us', ' image hero location 2x '),
 ('40', 'filename', '0', 'en_us', ' image_hero_muy 2x jpg '),
 ('40', 'extension', '0', 'en_us', ' jpg '),
 ('40', 'kind', '0', 'en_us', ' image '),
 ('40', 'slug', '0', 'en_us', ' image hero muy 2x '),
 ('40', 'title', '0', 'en_us', ' image hero muy 2x '),
 ('41', 'filename', '0', 'en_us', ' image_hero_staff 2x jpg '),
 ('41', 'extension', '0', 'en_us', ' jpg '),
 ('41', 'kind', '0', 'en_us', ' image '),
 ('41', 'slug', '0', 'en_us', ' image hero staff 2x '),
 ('41', 'title', '0', 'en_us', ' image hero staff 2x '),
 ('42', 'filename', '0', 'en_us', ' logo_fpma svg '),
 ('42', 'extension', '0', 'en_us', ' svg ');
INSERT INTO `craft_searchindex` (`elementId`, `attribute`, `fieldId`, `locale`, `keywords`) VALUES
 ('42', 'kind', '0', 'en_us', ' image '),
 ('42', 'slug', '0', 'en_us', ' logo fpma '),
 ('42', 'title', '0', 'en_us', ' logo fpma '),
 ('43', 'filename', '0', 'en_us', ' staff_1 2x jpg '),
 ('43', 'extension', '0', 'en_us', ' jpg '),
 ('43', 'kind', '0', 'en_us', ' image '),
 ('43', 'slug', '0', 'en_us', ' staff 1 2x '),
 ('43', 'title', '0', 'en_us', ' staff 1 2x '),
 ('44', 'filename', '0', 'en_us', ' staff_4 2x jpg '),
 ('44', 'extension', '0', 'en_us', ' jpg '),
 ('44', 'kind', '0', 'en_us', ' image '),
 ('44', 'slug', '0', 'en_us', ' staff 4 2x '),
 ('44', 'title', '0', 'en_us', ' staff 4 2x '),
 ('45', 'filename', '0', 'en_us', ' staff_2 2x jpg '),
 ('45', 'extension', '0', 'en_us', ' jpg '),
 ('45', 'kind', '0', 'en_us', ' image '),
 ('45', 'slug', '0', 'en_us', ' staff 2 2x '),
 ('45', 'title', '0', 'en_us', ' staff 2 2x '),
 ('46', 'filename', '0', 'en_us', ' staff_3 2x jpg '),
 ('46', 'extension', '0', 'en_us', ' jpg '),
 ('46', 'kind', '0', 'en_us', ' image '),
 ('46', 'slug', '0', 'en_us', ' staff 3 2x '),
 ('46', 'title', '0', 'en_us', ' staff 3 2x '),
 ('47', 'filename', '0', 'en_us', ' staff_5 2x jpg '),
 ('47', 'extension', '0', 'en_us', ' jpg '),
 ('47', 'kind', '0', 'en_us', ' image '),
 ('47', 'slug', '0', 'en_us', ' staff 5 2x '),
 ('47', 'title', '0', 'en_us', ' staff 5 2x '),
 ('48', 'filename', '0', 'en_us', ' staff_6 2x jpg '),
 ('48', 'extension', '0', 'en_us', ' jpg '),
 ('48', 'kind', '0', 'en_us', ' image '),
 ('48', 'slug', '0', 'en_us', ' staff 6 2x '),
 ('48', 'title', '0', 'en_us', ' staff 6 2x '),
 ('49', 'filename', '0', 'en_us', ' staff_7 2x jpg '),
 ('49', 'extension', '0', 'en_us', ' jpg '),
 ('49', 'kind', '0', 'en_us', ' image '),
 ('49', 'slug', '0', 'en_us', ' staff 7 2x '),
 ('49', 'title', '0', 'en_us', ' staff 7 2x '),
 ('50', 'filename', '0', 'en_us', ' staff_8 2x jpg '),
 ('50', 'extension', '0', 'en_us', ' jpg '),
 ('50', 'kind', '0', 'en_us', ' image '),
 ('50', 'slug', '0', 'en_us', ' staff 8 2x '),
 ('50', 'title', '0', 'en_us', ' staff 8 2x '),
 ('51', 'field', '59', 'en_us', ' dallas '),
 ('51', 'field', '60', 'en_us', ' 2016 04 21 01 00 00 3 utc 2016 04 21 04 00 00 3 utc 1 freq=weekly dstart=20160420t000000z byday=tu th wkst=mo weekly on tuesday and thursday '),
 ('51', 'slug', '0', 'en_us', ' k2 assent '),
 ('51', 'title', '0', 'en_us', ' k2 assent '),
 ('52', 'field', '51', 'en_us', ' locations '),
 ('52', 'field', '52', 'en_us', ' we currently have 2 locations to serve you '),
 ('52', 'slug', '0', 'en_us', ''),
 ('53', 'field', '14', 'en_us', ''),
 ('53', 'field', '15', 'en_us', ' you too can enjoy the benefits of martial arts classes in dallas come see for yourself why martial arts have been so popular for so many years our black belt instructors are here to help you achieve all your martial arts and fitness goals '),
 ('53', 'field', '16', 'en_us', ''),
 ('28', 'field', '45', 'en_us', ''),
 ('53', 'field', '17', 'en_us', ' col 3 of 5 '),
 ('53', 'field', '18', 'en_us', ' col 2 of 5 '),
 ('53', 'field', '19', 'en_us', ' 000000 '),
 ('53', 'field', '20', 'en_us', ' bjj bg 2x '),
 ('53', 'slug', '0', 'en_us', ''),
 ('52', 'field', '62', 'en_us', ' location bg 2x '),
 ('53', 'field', '61', 'en_us', ' 1 '),
 ('54', 'field', '56', 'en_us', ' event calendar '),
 ('54', 'field', '57', 'en_us', ''),
 ('54', 'field', '58', 'en_us', ' dallas '),
 ('54', 'slug', '0', 'en_us', ''),
 ('55', 'field', '33', 'en_us', ' specials '),
 ('55', 'field', '34', 'en_us', ' globally syndicate market positioning niches with accurate platforms energistically coordinate exceptional e tailers without open source functionalities '),
 ('55', 'field', '35', 'en_us', ' 1 '),
 ('55', 'field', '36', 'en_us', ' 000000 '),
 ('55', 'field', '37', 'en_us', ' image hero muy 2x '),
 ('55', 'field', '39', 'en_us', ''),
 ('55', 'field', '45', 'en_us', ''),
 ('55', 'field', '38', 'en_us', ''),
 ('55', 'field', '40', 'en_us', ''),
 ('55', 'slug', '0', 'en_us', ''),
 ('56', 'field', '6', 'en_us', ' parent s nights out '),
 ('56', 'field', '7', 'en_us', ' seamlessly target business web services for standardized schemas authoritatively transform ethical core competencies and excellent materials professionally exploit sustainable data for e business systems collaboratively procrastinate standards compliant deliverables rather than value added architectures rapidiously recaptiualize intuitive paradigms via collaborative testing procedures competently myocardinate sticky mindshare for competitive resources intrinsicly enable economically sound potentialities with enterprise wide sources '),
 ('56', 'field', '8', 'en_us', ' 000000 '),
 ('56', 'field', '9', 'en_us', ''),
 ('56', 'slug', '0', 'en_us', ''),
 ('57', 'field', '6', 'en_us', ' birthday parties '),
 ('57', 'field', '7', 'en_us', ' seamlessly target business web services for standardized schemas authoritatively transform ethical core competencies and excellent materials professionally exploit sustainable data for e business systems collaboratively procrastinate standards compliant deliverables rather than value added architectures rapidiously recaptiualize intuitive paradigms via collaborative testing procedures competently myocardinate sticky mindshare for competitive resources intrinsicly enable economically sound potentialities with enterprise wide sources '),
 ('57', 'field', '8', 'en_us', ' dadada '),
 ('57', 'field', '9', 'en_us', ''),
 ('57', 'slug', '0', 'en_us', ''),
 ('58', 'field', '6', 'en_us', ' special events '),
 ('58', 'field', '7', 'en_us', ' seamlessly target business web services for standardized schemas authoritatively transform ethical core competencies and excellent materials professionally exploit sustainable data for e business systems collaboratively procrastinate standards compliant deliverables rather than value added architectures rapidiously recaptiualize intuitive paradigms via collaborative testing procedures competently myocardinate sticky mindshare for competitive resources intrinsicly enable economically sound potentialities with enterprise wide sources '),
 ('58', 'field', '8', 'en_us', ' 000000 '),
 ('58', 'field', '9', 'en_us', ''),
 ('58', 'slug', '0', 'en_us', ''),
 ('59', 'field', '33', 'en_us', ' contact us '),
 ('59', 'field', '34', 'en_us', ' globally syndicate market positioning niches with accurate platforms energistically coordinate exceptional e tailers without open source functionalities '),
 ('59', 'field', '35', 'en_us', ' 0 '),
 ('59', 'field', '36', 'en_us', ' 000000 '),
 ('59', 'field', '37', 'en_us', ' image hero contact 2x '),
 ('59', 'field', '39', 'en_us', ''),
 ('59', 'field', '45', 'en_us', ''),
 ('59', 'field', '38', 'en_us', ''),
 ('59', 'field', '40', 'en_us', ''),
 ('59', 'slug', '0', 'en_us', '');
INSERT INTO `craft_searchindex` (`elementId`, `attribute`, `fieldId`, `locale`, `keywords`) VALUES
 ('60', 'field', '53', 'en_us', ' contact us '),
 ('60', 'field', '54', 'en_us', ''),
 ('60', 'field', '55', 'en_us', ' f5f5f5 '),
 ('60', 'slug', '0', 'en_us', '');



DROP TABLE IF EXISTS `craft_sections`;


--
-- Schema for table `craft_sections`
--
CREATE TABLE `craft_sections` (
  `id` int(11) NOT NULL AUTO_INCREMENT,
  `structureId` int(11) DEFAULT NULL,
  `name` varchar(255) COLLATE utf8_unicode_ci NOT NULL,
  `handle` varchar(255) COLLATE utf8_unicode_ci NOT NULL,
  `type` enum('single','channel','structure') COLLATE utf8_unicode_ci NOT NULL DEFAULT 'channel',
  `hasUrls` tinyint(1) unsigned NOT NULL DEFAULT '1',
  `template` varchar(500) COLLATE utf8_unicode_ci DEFAULT NULL,
  `enableVersioning` tinyint(1) unsigned NOT NULL DEFAULT '0',
  `dateCreated` datetime NOT NULL,
  `dateUpdated` datetime NOT NULL,
  `uid` char(36) COLLATE utf8_unicode_ci NOT NULL DEFAULT '0',
  PRIMARY KEY (`id`),
  UNIQUE KEY `craft_sections_name_unq_idx` (`name`),
  UNIQUE KEY `craft_sections_handle_unq_idx` (`handle`),
  KEY `craft_sections_structureId_fk` (`structureId`)
) ENGINE=InnoDB AUTO_INCREMENT=5 DEFAULT CHARSET=utf8 COLLATE=utf8_unicode_ci;

--
-- Data for table `craft_sections`
--

INSERT INTO `craft_sections` (`id`, `structureId`, `name`, `handle`, `type`, `hasUrls`, `template`, `enableVersioning`, `dateCreated`, `dateUpdated`, `uid`) VALUES
 ('1', NULL, 'Homepage', 'homepage', 'single', '1', 'index', '1', '2016-03-12 17:48:26', '2016-03-12 17:48:26', '546d644e-2cba-4610-96fc-4c2c21190646'),
 ('2', NULL, 'News', 'news', 'channel', '1', 'news/_entry', '1', '2016-03-12 17:48:26', '2016-03-12 17:48:26', '3e899f10-ad3a-41a8-aab9-49da011fe2af'),
 ('3', '1', 'Pages', 'pages', 'structure', '1', 'index', '1', '2016-03-12 18:44:34', '2016-03-12 18:53:44', 'a78799dd-bc5a-419d-8e3a-c6e7452d3d2c'),
 ('4', NULL, 'Events', 'events', 'channel', '1', 'events/_entry', '1', '2016-04-21 04:12:15', '2016-04-21 04:12:15', 'dbda9dcb-d7ce-43db-ab3f-373185074cff');



DROP TABLE IF EXISTS `craft_sections_i18n`;


--
-- Schema for table `craft_sections_i18n`
--
CREATE TABLE `craft_sections_i18n` (
  `id` int(11) NOT NULL AUTO_INCREMENT,
  `sectionId` int(11) NOT NULL,
  `locale` char(12) COLLATE utf8_unicode_ci NOT NULL,
  `enabledByDefault` tinyint(1) unsigned NOT NULL DEFAULT '1',
  `urlFormat` text COLLATE utf8_unicode_ci,
  `nestedUrlFormat` text COLLATE utf8_unicode_ci,
  `dateCreated` datetime NOT NULL,
  `dateUpdated` datetime NOT NULL,
  `uid` char(36) COLLATE utf8_unicode_ci NOT NULL DEFAULT '0',
  PRIMARY KEY (`id`),
  UNIQUE KEY `craft_sections_i18n_sectionId_locale_unq_idx` (`sectionId`,`locale`),
  KEY `craft_sections_i18n_locale_fk` (`locale`)
) ENGINE=InnoDB AUTO_INCREMENT=5 DEFAULT CHARSET=utf8 COLLATE=utf8_unicode_ci;

--
-- Data for table `craft_sections_i18n`
--

INSERT INTO `craft_sections_i18n` (`id`, `sectionId`, `locale`, `enabledByDefault`, `urlFormat`, `nestedUrlFormat`, `dateCreated`, `dateUpdated`, `uid`) VALUES
 ('1', '1', 'en_us', '1', '__home__', NULL, '2016-03-12 17:48:26', '2016-03-12 17:48:26', 'b5e67858-31aa-4981-bccd-832e48f83cba'),
 ('2', '2', 'en_us', '1', 'news/{postDate.year}/{slug}', NULL, '2016-03-12 17:48:26', '2016-03-12 17:48:26', 'e06fdd0c-4a0a-4616-8330-dc275bfb2401'),
 ('3', '3', 'en_us', '1', '{slug}', '{parent.uri}/{slug}', '2016-03-12 18:44:34', '2016-03-12 18:44:34', 'aa6bfd2e-c271-416b-b008-208e4eebe5b4'),
 ('4', '4', 'en_us', '1', 'events/{slug}', NULL, '2016-04-21 04:12:15', '2016-04-21 04:12:15', '92409745-f05c-48fa-8f8a-444667137127');



DROP TABLE IF EXISTS `craft_sessions`;


--
-- Schema for table `craft_sessions`
--
CREATE TABLE `craft_sessions` (
  `id` int(11) NOT NULL AUTO_INCREMENT,
  `userId` int(11) NOT NULL,
  `token` char(100) COLLATE utf8_unicode_ci NOT NULL,
  `dateCreated` datetime NOT NULL,
  `dateUpdated` datetime NOT NULL,
  `uid` char(36) COLLATE utf8_unicode_ci NOT NULL DEFAULT '0',
  PRIMARY KEY (`id`),
  KEY `craft_sessions_uid_idx` (`uid`),
  KEY `craft_sessions_token_idx` (`token`),
  KEY `craft_sessions_dateUpdated_idx` (`dateUpdated`),
  KEY `craft_sessions_userId_fk` (`userId`)
) ENGINE=InnoDB AUTO_INCREMENT=6 DEFAULT CHARSET=utf8 COLLATE=utf8_unicode_ci;

DROP TABLE IF EXISTS `craft_shunnedmessages`;


--
-- Schema for table `craft_shunnedmessages`
--
CREATE TABLE `craft_shunnedmessages` (
  `id` int(11) NOT NULL AUTO_INCREMENT,
  `userId` int(11) NOT NULL,
  `message` varchar(255) COLLATE utf8_unicode_ci NOT NULL,
  `expiryDate` datetime DEFAULT NULL,
  `dateCreated` datetime NOT NULL,
  `dateUpdated` datetime NOT NULL,
  `uid` char(36) COLLATE utf8_unicode_ci NOT NULL DEFAULT '0',
  PRIMARY KEY (`id`),
  UNIQUE KEY `craft_shunnedmessages_userId_message_unq_idx` (`userId`,`message`)
) ENGINE=InnoDB DEFAULT CHARSET=utf8 COLLATE=utf8_unicode_ci;

DROP TABLE IF EXISTS `craft_structureelements`;


--
-- Schema for table `craft_structureelements`
--
CREATE TABLE `craft_structureelements` (
  `id` int(11) NOT NULL AUTO_INCREMENT,
  `structureId` int(11) NOT NULL,
  `elementId` int(11) DEFAULT NULL,
  `root` int(11) unsigned DEFAULT NULL,
  `lft` int(11) unsigned NOT NULL,
  `rgt` int(11) unsigned NOT NULL,
  `level` smallint(6) unsigned NOT NULL,
  `dateCreated` datetime NOT NULL,
  `dateUpdated` datetime NOT NULL,
  `uid` char(36) COLLATE utf8_unicode_ci NOT NULL DEFAULT '0',
  PRIMARY KEY (`id`),
  UNIQUE KEY `craft_structureelements_structureId_elementId_unq_idx` (`structureId`,`elementId`),
  KEY `craft_structureelements_root_idx` (`root`),
  KEY `craft_structureelements_lft_idx` (`lft`),
  KEY `craft_structureelements_rgt_idx` (`rgt`),
  KEY `craft_structureelements_level_idx` (`level`),
  KEY `craft_structureelements_elementId_fk` (`elementId`)
) ENGINE=InnoDB AUTO_INCREMENT=13 DEFAULT CHARSET=utf8 COLLATE=utf8_unicode_ci;

--
-- Data for table `craft_structureelements`
--

INSERT INTO `craft_structureelements` (`id`, `structureId`, `elementId`, `root`, `lft`, `rgt`, `level`, `dateCreated`, `dateUpdated`, `uid`) VALUES
 ('1', '1', NULL, '1', '1', '22', '0', '2016-03-15 03:20:29', '2016-03-15 03:20:29', 'ba9daec0-de48-4398-902b-1dfc6370ac9a'),
 ('2', '1', '5', '1', '2', '5', '1', '2016-03-15 03:20:29', '2016-03-15 03:20:29', '8e376130-a8e0-405a-988c-3f163ee0a0a3'),
 ('3', '1', '6', '1', '6', '11', '1', '2016-03-15 03:20:39', '2016-03-15 03:20:39', 'a8076ba3-1c26-4edd-9013-a01135cb9a37'),
 ('4', '1', '7', '1', '12', '17', '1', '2016-03-15 03:20:46', '2016-03-15 03:20:46', 'e068c99b-cbe5-411d-92d1-ea47c43fe98b'),
 ('5', '1', '16', '1', '7', '8', '2', '2016-03-16 03:46:42', '2016-03-16 03:46:42', 'b056bad6-3dd6-4154-8385-3e4524a2dd13'),
 ('6', '1', '17', '1', '9', '10', '2', '2016-03-16 03:48:00', '2016-03-16 03:48:00', 'd7ad13e4-ced5-4e62-af0e-f57bf5089251'),
 ('7', '1', '24', '1', '15', '16', '2', '2016-03-24 04:22:43', '2016-03-24 04:22:43', '99c097f3-d578-44b8-b434-d313aacb004d'),
 ('9', '1', '27', '1', '3', '4', '2', '2016-03-25 02:46:04', '2016-03-25 02:46:04', '78bc3f8d-8f65-4bfa-bbcd-9345b5554d2d'),
 ('10', '1', '32', '1', '20', '21', '1', '2016-03-25 04:21:55', '2016-03-25 04:21:55', '5038305a-c615-4a53-a21a-b02b73f80c16'),
 ('11', '1', '33', '1', '18', '19', '1', '2016-03-25 04:22:10', '2016-03-25 04:22:10', '54ed4d9b-fa31-4d9e-a563-818ca911ac4d'),
 ('12', '1', '34', '1', '13', '14', '2', '2016-03-26 22:44:34', '2016-03-26 22:44:34', '6cd3117b-5c8a-4232-b31b-f2ff901144bb');



DROP TABLE IF EXISTS `craft_structures`;


--
-- Schema for table `craft_structures`
--
CREATE TABLE `craft_structures` (
  `id` int(11) NOT NULL AUTO_INCREMENT,
  `maxLevels` smallint(6) unsigned DEFAULT NULL,
  `dateCreated` datetime NOT NULL,
  `dateUpdated` datetime NOT NULL,
  `uid` char(36) COLLATE utf8_unicode_ci NOT NULL DEFAULT '0',
  PRIMARY KEY (`id`)
) ENGINE=InnoDB AUTO_INCREMENT=2 DEFAULT CHARSET=utf8 COLLATE=utf8_unicode_ci;

--
-- Data for table `craft_structures`
--

INSERT INTO `craft_structures` (`id`, `maxLevels`, `dateCreated`, `dateUpdated`, `uid`) VALUES
 ('1', NULL, '2016-03-12 18:44:34', '2016-03-12 18:53:44', '15e3b10e-60bf-4cc4-b031-2a9ddd5cb3cb');



DROP TABLE IF EXISTS `craft_systemsettings`;


--
-- Schema for table `craft_systemsettings`
--
CREATE TABLE `craft_systemsettings` (
  `id` int(11) NOT NULL AUTO_INCREMENT,
  `category` varchar(15) COLLATE utf8_unicode_ci NOT NULL,
  `settings` text COLLATE utf8_unicode_ci,
  `dateCreated` datetime NOT NULL,
  `dateUpdated` datetime NOT NULL,
  `uid` char(36) COLLATE utf8_unicode_ci NOT NULL DEFAULT '0',
  PRIMARY KEY (`id`),
  UNIQUE KEY `craft_systemsettings_category_unq_idx` (`category`)
) ENGINE=InnoDB AUTO_INCREMENT=2 DEFAULT CHARSET=utf8 COLLATE=utf8_unicode_ci;

--
-- Data for table `craft_systemsettings`
--

INSERT INTO `craft_systemsettings` (`id`, `category`, `settings`, `dateCreated`, `dateUpdated`, `uid`) VALUES
 ('1', 'email', '{\"template\":\"\",\"protocol\":\"sendmail\",\"emailAddress\":\"daituzhang@gmail.com\",\"senderName\":\"fpma\"}', '2016-03-12 17:48:26', '2016-03-18 02:57:38', '332a057a-91e3-4792-b8a6-71d5ca58a545');



DROP TABLE IF EXISTS `craft_taggroups`;


--
-- Schema for table `craft_taggroups`
--
CREATE TABLE `craft_taggroups` (
  `id` int(11) NOT NULL AUTO_INCREMENT,
  `name` varchar(255) COLLATE utf8_unicode_ci NOT NULL,
  `handle` varchar(255) COLLATE utf8_unicode_ci NOT NULL,
  `fieldLayoutId` int(10) DEFAULT NULL,
  `dateCreated` datetime NOT NULL,
  `dateUpdated` datetime NOT NULL,
  `uid` char(36) COLLATE utf8_unicode_ci NOT NULL DEFAULT '0',
  PRIMARY KEY (`id`),
  UNIQUE KEY `craft_taggroups_name_unq_idx` (`name`),
  UNIQUE KEY `craft_taggroups_handle_unq_idx` (`handle`),
  KEY `craft_taggroups_fieldLayoutId_fk` (`fieldLayoutId`)
) ENGINE=InnoDB AUTO_INCREMENT=2 DEFAULT CHARSET=utf8 COLLATE=utf8_unicode_ci;

--
-- Data for table `craft_taggroups`
--

INSERT INTO `craft_taggroups` (`id`, `name`, `handle`, `fieldLayoutId`, `dateCreated`, `dateUpdated`, `uid`) VALUES
 ('1', 'Default', 'default', '1', '2016-03-12 17:48:26', '2016-03-12 17:48:26', 'ea1de8f6-5025-4113-8314-338e5f26c264');



DROP TABLE IF EXISTS `craft_tags`;


--
-- Schema for table `craft_tags`
--
CREATE TABLE `craft_tags` (
  `id` int(11) NOT NULL,
  `groupId` int(11) NOT NULL,
  `dateCreated` datetime NOT NULL,
  `dateUpdated` datetime NOT NULL,
  `uid` char(36) COLLATE utf8_unicode_ci NOT NULL DEFAULT '0',
  PRIMARY KEY (`id`),
  KEY `craft_tags_groupId_fk` (`groupId`)
) ENGINE=InnoDB DEFAULT CHARSET=utf8 COLLATE=utf8_unicode_ci;

DROP TABLE IF EXISTS `craft_tasks`;


--
-- Schema for table `craft_tasks`
--
CREATE TABLE `craft_tasks` (
  `id` int(11) NOT NULL AUTO_INCREMENT,
  `root` int(11) unsigned DEFAULT NULL,
  `lft` int(11) unsigned NOT NULL,
  `rgt` int(11) unsigned NOT NULL,
  `level` smallint(6) unsigned NOT NULL,
  `currentStep` int(11) unsigned DEFAULT NULL,
  `totalSteps` int(11) unsigned DEFAULT NULL,
  `status` enum('pending','error','running') COLLATE utf8_unicode_ci DEFAULT NULL,
  `type` varchar(150) COLLATE utf8_unicode_ci NOT NULL,
  `description` varchar(255) COLLATE utf8_unicode_ci DEFAULT NULL,
  `settings` text COLLATE utf8_unicode_ci,
  `dateCreated` datetime NOT NULL,
  `dateUpdated` datetime NOT NULL,
  `uid` char(36) COLLATE utf8_unicode_ci NOT NULL DEFAULT '0',
  PRIMARY KEY (`id`),
  KEY `craft_tasks_root_idx` (`root`),
  KEY `craft_tasks_lft_idx` (`lft`),
  KEY `craft_tasks_rgt_idx` (`rgt`),
  KEY `craft_tasks_level_idx` (`level`)
) ENGINE=InnoDB AUTO_INCREMENT=16 DEFAULT CHARSET=utf8 COLLATE=utf8_unicode_ci;

DROP TABLE IF EXISTS `craft_templatecachecriteria`;


--
-- Schema for table `craft_templatecachecriteria`
--
CREATE TABLE `craft_templatecachecriteria` (
  `id` int(11) NOT NULL AUTO_INCREMENT,
  `cacheId` int(11) NOT NULL,
  `type` varchar(150) COLLATE utf8_unicode_ci NOT NULL,
  `criteria` text COLLATE utf8_unicode_ci NOT NULL,
  PRIMARY KEY (`id`),
  KEY `craft_templatecachecriteria_cacheId_fk` (`cacheId`),
  KEY `craft_templatecachecriteria_type_idx` (`type`)
) ENGINE=InnoDB DEFAULT CHARSET=utf8 COLLATE=utf8_unicode_ci;

DROP TABLE IF EXISTS `craft_templatecacheelements`;


--
-- Schema for table `craft_templatecacheelements`
--
CREATE TABLE `craft_templatecacheelements` (
  `cacheId` int(11) NOT NULL,
  `elementId` int(11) NOT NULL,
  KEY `craft_templatecacheelements_cacheId_fk` (`cacheId`),
  KEY `craft_templatecacheelements_elementId_fk` (`elementId`)
) ENGINE=InnoDB DEFAULT CHARSET=utf8 COLLATE=utf8_unicode_ci;

DROP TABLE IF EXISTS `craft_templatecaches`;


--
-- Schema for table `craft_templatecaches`
--
CREATE TABLE `craft_templatecaches` (
  `id` int(11) NOT NULL AUTO_INCREMENT,
  `cacheKey` varchar(255) COLLATE utf8_unicode_ci NOT NULL,
  `locale` char(12) COLLATE utf8_unicode_ci NOT NULL,
  `path` varchar(255) COLLATE utf8_unicode_ci DEFAULT NULL,
  `expiryDate` datetime NOT NULL,
  `body` mediumtext COLLATE utf8_unicode_ci NOT NULL,
  PRIMARY KEY (`id`),
  KEY `craft_templatecaches_expiryDate_cacheKey_locale_path_idx` (`expiryDate`,`cacheKey`,`locale`,`path`),
  KEY `craft_templatecaches_locale_fk` (`locale`)
) ENGINE=InnoDB DEFAULT CHARSET=utf8 COLLATE=utf8_unicode_ci;

DROP TABLE IF EXISTS `craft_tokens`;


--
-- Schema for table `craft_tokens`
--
CREATE TABLE `craft_tokens` (
  `id` int(11) NOT NULL AUTO_INCREMENT,
  `token` char(32) COLLATE utf8_unicode_ci NOT NULL,
  `route` text COLLATE utf8_unicode_ci,
  `usageLimit` tinyint(3) unsigned DEFAULT NULL,
  `usageCount` tinyint(3) unsigned DEFAULT NULL,
  `expiryDate` datetime NOT NULL,
  `dateCreated` datetime NOT NULL,
  `dateUpdated` datetime NOT NULL,
  `uid` char(36) COLLATE utf8_unicode_ci NOT NULL DEFAULT '0',
  PRIMARY KEY (`id`),
  UNIQUE KEY `craft_tokens_token_unq_idx` (`token`),
  KEY `craft_tokens_expiryDate_idx` (`expiryDate`)
) ENGINE=InnoDB DEFAULT CHARSET=utf8 COLLATE=utf8_unicode_ci;

DROP TABLE IF EXISTS `craft_usergroups`;


--
-- Schema for table `craft_usergroups`
--
CREATE TABLE `craft_usergroups` (
  `id` int(11) NOT NULL AUTO_INCREMENT,
  `name` varchar(255) COLLATE utf8_unicode_ci NOT NULL,
  `handle` varchar(255) COLLATE utf8_unicode_ci NOT NULL,
  `dateCreated` datetime NOT NULL,
  `dateUpdated` datetime NOT NULL,
  `uid` char(36) COLLATE utf8_unicode_ci NOT NULL DEFAULT '0',
  PRIMARY KEY (`id`)
) ENGINE=InnoDB DEFAULT CHARSET=utf8 COLLATE=utf8_unicode_ci;

DROP TABLE IF EXISTS `craft_usergroups_users`;


--
-- Schema for table `craft_usergroups_users`
--
CREATE TABLE `craft_usergroups_users` (
  `id` int(11) NOT NULL AUTO_INCREMENT,
  `groupId` int(11) NOT NULL,
  `userId` int(11) NOT NULL,
  `dateCreated` datetime NOT NULL,
  `dateUpdated` datetime NOT NULL,
  `uid` char(36) COLLATE utf8_unicode_ci NOT NULL DEFAULT '0',
  PRIMARY KEY (`id`),
  UNIQUE KEY `craft_usergroups_users_groupId_userId_unq_idx` (`groupId`,`userId`),
  KEY `craft_usergroups_users_userId_fk` (`userId`)
) ENGINE=InnoDB DEFAULT CHARSET=utf8 COLLATE=utf8_unicode_ci;

DROP TABLE IF EXISTS `craft_userpermissions`;


--
-- Schema for table `craft_userpermissions`
--
CREATE TABLE `craft_userpermissions` (
  `id` int(11) NOT NULL AUTO_INCREMENT,
  `name` varchar(255) COLLATE utf8_unicode_ci NOT NULL,
  `dateCreated` datetime NOT NULL,
  `dateUpdated` datetime NOT NULL,
  `uid` char(36) COLLATE utf8_unicode_ci NOT NULL DEFAULT '0',
  PRIMARY KEY (`id`),
  UNIQUE KEY `craft_userpermissions_name_unq_idx` (`name`)
) ENGINE=InnoDB DEFAULT CHARSET=utf8 COLLATE=utf8_unicode_ci;

DROP TABLE IF EXISTS `craft_userpermissions_usergroups`;


--
-- Schema for table `craft_userpermissions_usergroups`
--
CREATE TABLE `craft_userpermissions_usergroups` (
  `id` int(11) NOT NULL AUTO_INCREMENT,
  `permissionId` int(11) NOT NULL,
  `groupId` int(11) NOT NULL,
  `dateCreated` datetime NOT NULL,
  `dateUpdated` datetime NOT NULL,
  `uid` char(36) COLLATE utf8_unicode_ci NOT NULL DEFAULT '0',
  PRIMARY KEY (`id`),
  UNIQUE KEY `craft_userpermissions_usergroups_permissionId_groupId_unq_idx` (`permissionId`,`groupId`),
  KEY `craft_userpermissions_usergroups_groupId_fk` (`groupId`)
) ENGINE=InnoDB DEFAULT CHARSET=utf8 COLLATE=utf8_unicode_ci;

DROP TABLE IF EXISTS `craft_userpermissions_users`;


--
-- Schema for table `craft_userpermissions_users`
--
CREATE TABLE `craft_userpermissions_users` (
  `id` int(11) NOT NULL AUTO_INCREMENT,
  `permissionId` int(11) NOT NULL,
  `userId` int(11) NOT NULL,
  `dateCreated` datetime NOT NULL,
  `dateUpdated` datetime NOT NULL,
  `uid` char(36) COLLATE utf8_unicode_ci NOT NULL DEFAULT '0',
  PRIMARY KEY (`id`),
  UNIQUE KEY `craft_userpermissions_users_permissionId_userId_unq_idx` (`permissionId`,`userId`),
  KEY `craft_userpermissions_users_userId_fk` (`userId`)
) ENGINE=InnoDB DEFAULT CHARSET=utf8 COLLATE=utf8_unicode_ci;

DROP TABLE IF EXISTS `craft_users`;


--
-- Schema for table `craft_users`
--
CREATE TABLE `craft_users` (
  `id` int(11) NOT NULL,
  `username` varchar(100) COLLATE utf8_unicode_ci NOT NULL,
  `photo` varchar(100) COLLATE utf8_unicode_ci DEFAULT NULL,
  `firstName` varchar(100) COLLATE utf8_unicode_ci DEFAULT NULL,
  `lastName` varchar(100) COLLATE utf8_unicode_ci DEFAULT NULL,
  `email` varchar(255) COLLATE utf8_unicode_ci NOT NULL,
  `password` char(255) COLLATE utf8_unicode_ci DEFAULT NULL,
  `preferredLocale` char(12) COLLATE utf8_unicode_ci DEFAULT NULL,
  `weekStartDay` tinyint(1) unsigned NOT NULL DEFAULT '0',
  `admin` tinyint(1) unsigned NOT NULL DEFAULT '0',
  `client` tinyint(1) unsigned NOT NULL DEFAULT '0',
  `locked` tinyint(1) unsigned NOT NULL DEFAULT '0',
  `suspended` tinyint(1) unsigned NOT NULL DEFAULT '0',
  `pending` tinyint(1) unsigned NOT NULL DEFAULT '0',
  `archived` tinyint(1) unsigned NOT NULL DEFAULT '0',
  `lastLoginDate` datetime DEFAULT NULL,
  `lastLoginAttemptIPAddress` varchar(45) COLLATE utf8_unicode_ci DEFAULT NULL,
  `invalidLoginWindowStart` datetime DEFAULT NULL,
  `invalidLoginCount` tinyint(4) unsigned DEFAULT NULL,
  `lastInvalidLoginDate` datetime DEFAULT NULL,
  `lockoutDate` datetime DEFAULT NULL,
  `verificationCode` char(100) COLLATE utf8_unicode_ci DEFAULT NULL,
  `verificationCodeIssuedDate` datetime DEFAULT NULL,
  `unverifiedEmail` varchar(255) COLLATE utf8_unicode_ci DEFAULT NULL,
  `passwordResetRequired` tinyint(1) unsigned NOT NULL DEFAULT '0',
  `lastPasswordChangeDate` datetime DEFAULT NULL,
  `dateCreated` datetime NOT NULL,
  `dateUpdated` datetime NOT NULL,
  `uid` char(36) COLLATE utf8_unicode_ci NOT NULL DEFAULT '0',
  PRIMARY KEY (`id`),
  UNIQUE KEY `craft_users_username_unq_idx` (`username`),
  UNIQUE KEY `craft_users_email_unq_idx` (`email`),
  KEY `craft_users_verificationCode_idx` (`verificationCode`),
  KEY `craft_users_uid_idx` (`uid`),
  KEY `craft_users_preferredLocale_fk` (`preferredLocale`)
) ENGINE=InnoDB DEFAULT CHARSET=utf8 COLLATE=utf8_unicode_ci;

--
-- Data for table `craft_users`
--

INSERT INTO `craft_users` (`id`, `username`, `photo`, `firstName`, `lastName`, `email`, `password`, `preferredLocale`, `weekStartDay`, `admin`, `client`, `locked`, `suspended`, `pending`, `archived`, `lastLoginDate`, `lastLoginAttemptIPAddress`, `invalidLoginWindowStart`, `invalidLoginCount`, `lastInvalidLoginDate`, `lockoutDate`, `verificationCode`, `verificationCodeIssuedDate`, `unverifiedEmail`, `passwordResetRequired`, `lastPasswordChangeDate`, `dateCreated`, `dateUpdated`, `uid`) VALUES
 ('1', 'admin', NULL, NULL, NULL, 'daituzhang@gmail.com', '$2y$13$Cu2YJ2./I1FVvjXBMhvB2.W9Tj3oF51Key6E9S4TaDE0aGx9d8V9C', NULL, '0', '1', '0', '0', '0', '0', '0', '2016-04-21 03:52:48', '10.0.2.2', NULL, NULL, '2016-04-21 03:52:42', NULL, NULL, NULL, NULL, '0', '2016-04-21 03:52:36', '2016-03-12 17:48:25', '2016-04-21 03:52:48', '282186b8-7311-413f-a0f2-47706c956b2c');



DROP TABLE IF EXISTS `craft_venti_events`;


--
-- Schema for table `craft_venti_events`
--
CREATE TABLE `craft_venti_events` (
  `eid` int(11) NOT NULL AUTO_INCREMENT,
  `eventid` int(10) DEFAULT NULL,
  `startDate` datetime DEFAULT NULL,
  `endDate` datetime DEFAULT NULL,
  `allDay` int(10) DEFAULT NULL,
  `repeat` int(10) DEFAULT NULL,
  `rRule` varchar(255) COLLATE utf8_unicode_ci DEFAULT NULL,
  `summary` varchar(255) COLLATE utf8_unicode_ci DEFAULT NULL,
  `isrepeat` int(10) DEFAULT NULL,
  `locale` varchar(255) COLLATE utf8_unicode_ci DEFAULT NULL,
  `dateCreated` datetime NOT NULL,
  `dateUpdated` datetime NOT NULL,
  `uid` char(36) COLLATE utf8_unicode_ci NOT NULL DEFAULT '0',
  PRIMARY KEY (`eid`),
  UNIQUE KEY `craft_venti_events_eid_unq_idx` (`eid`),
  KEY `craft_venti_events_eventid_fk` (`eventid`)
) ENGINE=InnoDB AUTO_INCREMENT=1459 DEFAULT CHARSET=utf8 COLLATE=utf8_unicode_ci;

--
-- Data for table `craft_venti_events`
--

INSERT INTO `craft_venti_events` (`eid`, `eventid`, `startDate`, `endDate`, `allDay`, `repeat`, `rRule`, `summary`, `isrepeat`, `locale`, `dateCreated`, `dateUpdated`, `uid`) VALUES
 ('1', '51', '2016-04-21 01:00:00', '2016-04-21 04:00:00', NULL, '1', 'FREQ=WEEKLY;DSTART=20160420T000000Z;BYDAY=TU,TH;WKST=MO', 'Weekly on Tuesday and Thursday', NULL, 'en_us', '2016-04-21 04:17:47', '2016-04-21 04:37:00', '98cde1cb-cfdd-4252-b20b-eb8b5bede7fc'),
 ('729', '51', '2016-04-28 01:00:00', '2016-04-28 04:00:00', NULL, '1', 'FREQ=WEEKLY;DSTART=20160420T000000Z;BYDAY=TU,TH;WKST=MO', 'Weekly on Tuesday and Thursday', '1', 'en_us', '2016-04-21 04:37:00', '2016-04-21 04:37:00', '37ed5a9e-3d5a-47ec-980f-9d5daf36ec3c'),
 ('730', '51', '2016-05-03 01:00:00', '2016-05-03 04:00:00', NULL, '1', 'FREQ=WEEKLY;DSTART=20160420T000000Z;BYDAY=TU,TH;WKST=MO', 'Weekly on Tuesday and Thursday', '1', 'en_us', '2016-04-21 04:37:00', '2016-04-21 04:37:00', '019bda81-049a-4334-8160-2c81eb4bb0d0'),
 ('731', '51', '2016-05-05 01:00:00', '2016-05-05 04:00:00', NULL, '1', 'FREQ=WEEKLY;DSTART=20160420T000000Z;BYDAY=TU,TH;WKST=MO', 'Weekly on Tuesday and Thursday', '1', 'en_us', '2016-04-21 04:37:00', '2016-04-21 04:37:00', 'dea8c7bf-5cd1-43c1-838f-1ede3bb65457'),
 ('732', '51', '2016-05-10 01:00:00', '2016-05-10 04:00:00', NULL, '1', 'FREQ=WEEKLY;DSTART=20160420T000000Z;BYDAY=TU,TH;WKST=MO', 'Weekly on Tuesday and Thursday', '1', 'en_us', '2016-04-21 04:37:00', '2016-04-21 04:37:00', 'd5b8e3ef-80b2-4a5a-9b64-37a5284bc985'),
 ('733', '51', '2016-05-12 01:00:00', '2016-05-12 04:00:00', NULL, '1', 'FREQ=WEEKLY;DSTART=20160420T000000Z;BYDAY=TU,TH;WKST=MO', 'Weekly on Tuesday and Thursday', '1', 'en_us', '2016-04-21 04:37:00', '2016-04-21 04:37:00', '8baa242c-652c-46f1-935e-2c3d97925da6'),
 ('734', '51', '2016-05-17 01:00:00', '2016-05-17 04:00:00', NULL, '1', 'FREQ=WEEKLY;DSTART=20160420T000000Z;BYDAY=TU,TH;WKST=MO', 'Weekly on Tuesday and Thursday', '1', 'en_us', '2016-04-21 04:37:00', '2016-04-21 04:37:00', 'ebbd0a2c-0365-4f81-a2f0-97bcf620f047'),
 ('735', '51', '2016-05-19 01:00:00', '2016-05-19 04:00:00', NULL, '1', 'FREQ=WEEKLY;DSTART=20160420T000000Z;BYDAY=TU,TH;WKST=MO', 'Weekly on Tuesday and Thursday', '1', 'en_us', '2016-04-21 04:37:00', '2016-04-21 04:37:00', '169c597f-9660-453c-bf68-e547a780b599'),
 ('736', '51', '2016-05-24 01:00:00', '2016-05-24 04:00:00', NULL, '1', 'FREQ=WEEKLY;DSTART=20160420T000000Z;BYDAY=TU,TH;WKST=MO', 'Weekly on Tuesday and Thursday', '1', 'en_us', '2016-04-21 04:37:00', '2016-04-21 04:37:00', '08d0a787-11d5-4848-9c01-c2649d62be9d'),
 ('737', '51', '2016-05-26 01:00:00', '2016-05-26 04:00:00', NULL, '1', 'FREQ=WEEKLY;DSTART=20160420T000000Z;BYDAY=TU,TH;WKST=MO', 'Weekly on Tuesday and Thursday', '1', 'en_us', '2016-04-21 04:37:00', '2016-04-21 04:37:00', 'cace6c3f-ce3a-463f-a170-a37d732144e4'),
 ('738', '51', '2016-05-31 01:00:00', '2016-05-31 04:00:00', NULL, '1', 'FREQ=WEEKLY;DSTART=20160420T000000Z;BYDAY=TU,TH;WKST=MO', 'Weekly on Tuesday and Thursday', '1', 'en_us', '2016-04-21 04:37:00', '2016-04-21 04:37:00', 'ce95546f-bc5c-418a-96dd-3b2a95b114bd'),
 ('739', '51', '2016-06-02 01:00:00', '2016-06-02 04:00:00', NULL, '1', 'FREQ=WEEKLY;DSTART=20160420T000000Z;BYDAY=TU,TH;WKST=MO', 'Weekly on Tuesday and Thursday', '1', 'en_us', '2016-04-21 04:37:00', '2016-04-21 04:37:00', 'ffe2aa80-7dcf-4c96-9ba1-587dc67658fa'),
 ('740', '51', '2016-06-07 01:00:00', '2016-06-07 04:00:00', NULL, '1', 'FREQ=WEEKLY;DSTART=20160420T000000Z;BYDAY=TU,TH;WKST=MO', 'Weekly on Tuesday and Thursday', '1', 'en_us', '2016-04-21 04:37:00', '2016-04-21 04:37:00', 'dc3b2c49-bd59-4624-9c74-0a8cad5d5dd4'),
 ('741', '51', '2016-06-09 01:00:00', '2016-06-09 04:00:00', NULL, '1', 'FREQ=WEEKLY;DSTART=20160420T000000Z;BYDAY=TU,TH;WKST=MO', 'Weekly on Tuesday and Thursday', '1', 'en_us', '2016-04-21 04:37:00', '2016-04-21 04:37:00', '80dccbc7-9767-4782-9f43-9abc8b840834'),
 ('742', '51', '2016-06-14 01:00:00', '2016-06-14 04:00:00', NULL, '1', 'FREQ=WEEKLY;DSTART=20160420T000000Z;BYDAY=TU,TH;WKST=MO', 'Weekly on Tuesday and Thursday', '1', 'en_us', '2016-04-21 04:37:00', '2016-04-21 04:37:00', '9c8e5426-328d-4a9b-814a-d16e6ae68935'),
 ('743', '51', '2016-06-16 01:00:00', '2016-06-16 04:00:00', NULL, '1', 'FREQ=WEEKLY;DSTART=20160420T000000Z;BYDAY=TU,TH;WKST=MO', 'Weekly on Tuesday and Thursday', '1', 'en_us', '2016-04-21 04:37:00', '2016-04-21 04:37:00', '96ed46d4-43c3-4ec6-8fab-8c526759ffdf'),
 ('744', '51', '2016-06-21 01:00:00', '2016-06-21 04:00:00', NULL, '1', 'FREQ=WEEKLY;DSTART=20160420T000000Z;BYDAY=TU,TH;WKST=MO', 'Weekly on Tuesday and Thursday', '1', 'en_us', '2016-04-21 04:37:00', '2016-04-21 04:37:00', '59565782-c766-4db5-bc25-56cbde1aafe9'),
 ('745', '51', '2016-06-23 01:00:00', '2016-06-23 04:00:00', NULL, '1', 'FREQ=WEEKLY;DSTART=20160420T000000Z;BYDAY=TU,TH;WKST=MO', 'Weekly on Tuesday and Thursday', '1', 'en_us', '2016-04-21 04:37:00', '2016-04-21 04:37:00', 'f7aac783-065f-4224-9b4f-a3b06ead9d82'),
 ('746', '51', '2016-06-28 01:00:00', '2016-06-28 04:00:00', NULL, '1', 'FREQ=WEEKLY;DSTART=20160420T000000Z;BYDAY=TU,TH;WKST=MO', 'Weekly on Tuesday and Thursday', '1', 'en_us', '2016-04-21 04:37:00', '2016-04-21 04:37:00', 'a7621921-b9db-4909-b5f3-10efebaf4a96'),
 ('747', '51', '2016-06-30 01:00:00', '2016-06-30 04:00:00', NULL, '1', 'FREQ=WEEKLY;DSTART=20160420T000000Z;BYDAY=TU,TH;WKST=MO', 'Weekly on Tuesday and Thursday', '1', 'en_us', '2016-04-21 04:37:00', '2016-04-21 04:37:00', '33cb52fd-d653-4c8d-9a6f-d19771d271ba'),
 ('748', '51', '2016-07-05 01:00:00', '2016-07-05 04:00:00', NULL, '1', 'FREQ=WEEKLY;DSTART=20160420T000000Z;BYDAY=TU,TH;WKST=MO', 'Weekly on Tuesday and Thursday', '1', 'en_us', '2016-04-21 04:37:00', '2016-04-21 04:37:00', 'ec7ee2f4-4725-4593-89da-f2e0bc68548c'),
 ('749', '51', '2016-07-07 01:00:00', '2016-07-07 04:00:00', NULL, '1', 'FREQ=WEEKLY;DSTART=20160420T000000Z;BYDAY=TU,TH;WKST=MO', 'Weekly on Tuesday and Thursday', '1', 'en_us', '2016-04-21 04:37:00', '2016-04-21 04:37:00', '87fa7736-d8bb-4eaf-afb1-aaeaddb600d1'),
 ('750', '51', '2016-07-12 01:00:00', '2016-07-12 04:00:00', NULL, '1', 'FREQ=WEEKLY;DSTART=20160420T000000Z;BYDAY=TU,TH;WKST=MO', 'Weekly on Tuesday and Thursday', '1', 'en_us', '2016-04-21 04:37:00', '2016-04-21 04:37:00', '083884ec-660a-40cf-88e2-f4592028f1b4'),
 ('751', '51', '2016-07-14 01:00:00', '2016-07-14 04:00:00', NULL, '1', 'FREQ=WEEKLY;DSTART=20160420T000000Z;BYDAY=TU,TH;WKST=MO', 'Weekly on Tuesday and Thursday', '1', 'en_us', '2016-04-21 04:37:00', '2016-04-21 04:37:00', '1d973b14-88a7-4a0f-b93a-83f8753b4aab'),
 ('752', '51', '2016-07-19 01:00:00', '2016-07-19 04:00:00', NULL, '1', 'FREQ=WEEKLY;DSTART=20160420T000000Z;BYDAY=TU,TH;WKST=MO', 'Weekly on Tuesday and Thursday', '1', 'en_us', '2016-04-21 04:37:00', '2016-04-21 04:37:00', '761cac80-68e7-4af5-b5bd-4e98d0e51787'),
 ('753', '51', '2016-07-21 01:00:00', '2016-07-21 04:00:00', NULL, '1', 'FREQ=WEEKLY;DSTART=20160420T000000Z;BYDAY=TU,TH;WKST=MO', 'Weekly on Tuesday and Thursday', '1', 'en_us', '2016-04-21 04:37:00', '2016-04-21 04:37:00', '109dffea-1b8b-4fac-97df-b2f462d8a28b'),
 ('754', '51', '2016-07-26 01:00:00', '2016-07-26 04:00:00', NULL, '1', 'FREQ=WEEKLY;DSTART=20160420T000000Z;BYDAY=TU,TH;WKST=MO', 'Weekly on Tuesday and Thursday', '1', 'en_us', '2016-04-21 04:37:00', '2016-04-21 04:37:00', '90b7a931-ece8-4503-aa9b-4bc76dab6818'),
 ('755', '51', '2016-07-28 01:00:00', '2016-07-28 04:00:00', NULL, '1', 'FREQ=WEEKLY;DSTART=20160420T000000Z;BYDAY=TU,TH;WKST=MO', 'Weekly on Tuesday and Thursday', '1', 'en_us', '2016-04-21 04:37:00', '2016-04-21 04:37:00', 'f86d8e57-eeb9-4c09-91e7-a1d3e9e60c79'),
 ('756', '51', '2016-08-02 01:00:00', '2016-08-02 04:00:00', NULL, '1', 'FREQ=WEEKLY;DSTART=20160420T000000Z;BYDAY=TU,TH;WKST=MO', 'Weekly on Tuesday and Thursday', '1', 'en_us', '2016-04-21 04:37:00', '2016-04-21 04:37:00', 'd661917a-9314-496f-a67f-46a42afa0771'),
 ('757', '51', '2016-08-04 01:00:00', '2016-08-04 04:00:00', NULL, '1', 'FREQ=WEEKLY;DSTART=20160420T000000Z;BYDAY=TU,TH;WKST=MO', 'Weekly on Tuesday and Thursday', '1', 'en_us', '2016-04-21 04:37:00', '2016-04-21 04:37:00', 'e1661fd8-bb1f-491a-97b7-0e4935da7675'),
 ('758', '51', '2016-08-09 01:00:00', '2016-08-09 04:00:00', NULL, '1', 'FREQ=WEEKLY;DSTART=20160420T000000Z;BYDAY=TU,TH;WKST=MO', 'Weekly on Tuesday and Thursday', '1', 'en_us', '2016-04-21 04:37:00', '2016-04-21 04:37:00', '22aecbd9-d881-429d-ad0e-62fede7f510e'),
 ('759', '51', '2016-08-11 01:00:00', '2016-08-11 04:00:00', NULL, '1', 'FREQ=WEEKLY;DSTART=20160420T000000Z;BYDAY=TU,TH;WKST=MO', 'Weekly on Tuesday and Thursday', '1', 'en_us', '2016-04-21 04:37:00', '2016-04-21 04:37:00', '8b92acff-9593-44cc-a8be-6c568cbdcc17'),
 ('760', '51', '2016-08-16 01:00:00', '2016-08-16 04:00:00', NULL, '1', 'FREQ=WEEKLY;DSTART=20160420T000000Z;BYDAY=TU,TH;WKST=MO', 'Weekly on Tuesday and Thursday', '1', 'en_us', '2016-04-21 04:37:00', '2016-04-21 04:37:00', '61ad8ba9-1276-416e-8494-903d8e4d6a2c'),
 ('761', '51', '2016-08-18 01:00:00', '2016-08-18 04:00:00', NULL, '1', 'FREQ=WEEKLY;DSTART=20160420T000000Z;BYDAY=TU,TH;WKST=MO', 'Weekly on Tuesday and Thursday', '1', 'en_us', '2016-04-21 04:37:00', '2016-04-21 04:37:00', '1e72af01-e7e7-4528-b710-35d13109c0f7'),
 ('762', '51', '2016-08-23 01:00:00', '2016-08-23 04:00:00', NULL, '1', 'FREQ=WEEKLY;DSTART=20160420T000000Z;BYDAY=TU,TH;WKST=MO', 'Weekly on Tuesday and Thursday', '1', 'en_us', '2016-04-21 04:37:00', '2016-04-21 04:37:00', 'dc1f433c-df61-4624-bad7-5edd1de0906e'),
 ('763', '51', '2016-08-25 01:00:00', '2016-08-25 04:00:00', NULL, '1', 'FREQ=WEEKLY;DSTART=20160420T000000Z;BYDAY=TU,TH;WKST=MO', 'Weekly on Tuesday and Thursday', '1', 'en_us', '2016-04-21 04:37:00', '2016-04-21 04:37:00', '8860e7fd-e5df-4f9d-b4ef-37797971c7e5'),
 ('764', '51', '2016-08-30 01:00:00', '2016-08-30 04:00:00', NULL, '1', 'FREQ=WEEKLY;DSTART=20160420T000000Z;BYDAY=TU,TH;WKST=MO', 'Weekly on Tuesday and Thursday', '1', 'en_us', '2016-04-21 04:37:00', '2016-04-21 04:37:00', '7f6c38ac-5cd9-4311-85d0-dbe6511f104d'),
 ('765', '51', '2016-09-01 01:00:00', '2016-09-01 04:00:00', NULL, '1', 'FREQ=WEEKLY;DSTART=20160420T000000Z;BYDAY=TU,TH;WKST=MO', 'Weekly on Tuesday and Thursday', '1', 'en_us', '2016-04-21 04:37:00', '2016-04-21 04:37:00', '80193d60-f164-4dbc-b45e-947821ff60c7'),
 ('766', '51', '2016-09-06 01:00:00', '2016-09-06 04:00:00', NULL, '1', 'FREQ=WEEKLY;DSTART=20160420T000000Z;BYDAY=TU,TH;WKST=MO', 'Weekly on Tuesday and Thursday', '1', 'en_us', '2016-04-21 04:37:00', '2016-04-21 04:37:00', '62ceb05b-c56b-47c3-a308-269785000fd7'),
 ('767', '51', '2016-09-08 01:00:00', '2016-09-08 04:00:00', NULL, '1', 'FREQ=WEEKLY;DSTART=20160420T000000Z;BYDAY=TU,TH;WKST=MO', 'Weekly on Tuesday and Thursday', '1', 'en_us', '2016-04-21 04:37:00', '2016-04-21 04:37:00', '66e56d97-d088-4186-9098-b5cb796edfa9'),
 ('768', '51', '2016-09-13 01:00:00', '2016-09-13 04:00:00', NULL, '1', 'FREQ=WEEKLY;DSTART=20160420T000000Z;BYDAY=TU,TH;WKST=MO', 'Weekly on Tuesday and Thursday', '1', 'en_us', '2016-04-21 04:37:00', '2016-04-21 04:37:00', '94cc3eda-6ac7-43e6-aa44-c5390d3ec91f'),
 ('769', '51', '2016-09-15 01:00:00', '2016-09-15 04:00:00', NULL, '1', 'FREQ=WEEKLY;DSTART=20160420T000000Z;BYDAY=TU,TH;WKST=MO', 'Weekly on Tuesday and Thursday', '1', 'en_us', '2016-04-21 04:37:00', '2016-04-21 04:37:00', 'd057a306-19ed-4495-b172-166baeb2aa53'),
 ('770', '51', '2016-09-20 01:00:00', '2016-09-20 04:00:00', NULL, '1', 'FREQ=WEEKLY;DSTART=20160420T000000Z;BYDAY=TU,TH;WKST=MO', 'Weekly on Tuesday and Thursday', '1', 'en_us', '2016-04-21 04:37:00', '2016-04-21 04:37:00', '2aae8d9d-6b6c-4f49-8460-36e3b4142925'),
 ('771', '51', '2016-09-22 01:00:00', '2016-09-22 04:00:00', NULL, '1', 'FREQ=WEEKLY;DSTART=20160420T000000Z;BYDAY=TU,TH;WKST=MO', 'Weekly on Tuesday and Thursday', '1', 'en_us', '2016-04-21 04:37:00', '2016-04-21 04:37:00', '2596b58c-42a2-41f9-bef0-dee37b87b070'),
 ('772', '51', '2016-09-27 01:00:00', '2016-09-27 04:00:00', NULL, '1', 'FREQ=WEEKLY;DSTART=20160420T000000Z;BYDAY=TU,TH;WKST=MO', 'Weekly on Tuesday and Thursday', '1', 'en_us', '2016-04-21 04:37:00', '2016-04-21 04:37:00', 'd22a5676-4ae5-4c40-a493-5af509e22b71'),
 ('773', '51', '2016-09-29 01:00:00', '2016-09-29 04:00:00', NULL, '1', 'FREQ=WEEKLY;DSTART=20160420T000000Z;BYDAY=TU,TH;WKST=MO', 'Weekly on Tuesday and Thursday', '1', 'en_us', '2016-04-21 04:37:00', '2016-04-21 04:37:00', '86052fd9-c147-41d3-808f-ea7d334ecc80'),
 ('774', '51', '2016-10-04 01:00:00', '2016-10-04 04:00:00', NULL, '1', 'FREQ=WEEKLY;DSTART=20160420T000000Z;BYDAY=TU,TH;WKST=MO', 'Weekly on Tuesday and Thursday', '1', 'en_us', '2016-04-21 04:37:00', '2016-04-21 04:37:00', '1fe19fe8-60b0-462e-bcc3-cbf8258573a8'),
 ('775', '51', '2016-10-06 01:00:00', '2016-10-06 04:00:00', NULL, '1', 'FREQ=WEEKLY;DSTART=20160420T000000Z;BYDAY=TU,TH;WKST=MO', 'Weekly on Tuesday and Thursday', '1', 'en_us', '2016-04-21 04:37:00', '2016-04-21 04:37:00', '1a8e818f-37be-41c0-9a47-3f25fc1cb9b0'),
 ('776', '51', '2016-10-11 01:00:00', '2016-10-11 04:00:00', NULL, '1', 'FREQ=WEEKLY;DSTART=20160420T000000Z;BYDAY=TU,TH;WKST=MO', 'Weekly on Tuesday and Thursday', '1', 'en_us', '2016-04-21 04:37:00', '2016-04-21 04:37:00', 'd70dcb01-0e39-4824-96d8-44436752a4f3'),
 ('777', '51', '2016-10-13 01:00:00', '2016-10-13 04:00:00', NULL, '1', 'FREQ=WEEKLY;DSTART=20160420T000000Z;BYDAY=TU,TH;WKST=MO', 'Weekly on Tuesday and Thursday', '1', 'en_us', '2016-04-21 04:37:00', '2016-04-21 04:37:00', 'f67e3cf9-85dc-4565-b427-b307a2ac3d13'),
 ('778', '51', '2016-10-18 01:00:00', '2016-10-18 04:00:00', NULL, '1', 'FREQ=WEEKLY;DSTART=20160420T000000Z;BYDAY=TU,TH;WKST=MO', 'Weekly on Tuesday and Thursday', '1', 'en_us', '2016-04-21 04:37:00', '2016-04-21 04:37:00', '98287d37-9ad1-4b4c-9c8a-e05370e2ef3c'),
 ('779', '51', '2016-10-20 01:00:00', '2016-10-20 04:00:00', NULL, '1', 'FREQ=WEEKLY;DSTART=20160420T000000Z;BYDAY=TU,TH;WKST=MO', 'Weekly on Tuesday and Thursday', '1', 'en_us', '2016-04-21 04:37:00', '2016-04-21 04:37:00', '1f3e2d88-ca81-4430-9c38-c78d95949734'),
 ('780', '51', '2016-10-25 01:00:00', '2016-10-25 04:00:00', NULL, '1', 'FREQ=WEEKLY;DSTART=20160420T000000Z;BYDAY=TU,TH;WKST=MO', 'Weekly on Tuesday and Thursday', '1', 'en_us', '2016-04-21 04:37:00', '2016-04-21 04:37:00', 'fefef08e-7ed9-474a-988f-d9808fcf4c55'),
 ('781', '51', '2016-10-27 01:00:00', '2016-10-27 04:00:00', NULL, '1', 'FREQ=WEEKLY;DSTART=20160420T000000Z;BYDAY=TU,TH;WKST=MO', 'Weekly on Tuesday and Thursday', '1', 'en_us', '2016-04-21 04:37:00', '2016-04-21 04:37:00', '4bfaa8c3-eada-44e1-a137-4afb9a296124'),
 ('782', '51', '2016-11-01 01:00:00', '2016-11-01 04:00:00', NULL, '1', 'FREQ=WEEKLY;DSTART=20160420T000000Z;BYDAY=TU,TH;WKST=MO', 'Weekly on Tuesday and Thursday', '1', 'en_us', '2016-04-21 04:37:00', '2016-04-21 04:37:00', '869b8703-fe6e-485e-8888-301f03212a4b'),
 ('783', '51', '2016-11-03 01:00:00', '2016-11-03 04:00:00', NULL, '1', 'FREQ=WEEKLY;DSTART=20160420T000000Z;BYDAY=TU,TH;WKST=MO', 'Weekly on Tuesday and Thursday', '1', 'en_us', '2016-04-21 04:37:00', '2016-04-21 04:37:00', '16874ebb-4c87-43db-9c95-f6701898d784'),
 ('784', '51', '2016-11-08 01:00:00', '2016-11-08 04:00:00', NULL, '1', 'FREQ=WEEKLY;DSTART=20160420T000000Z;BYDAY=TU,TH;WKST=MO', 'Weekly on Tuesday and Thursday', '1', 'en_us', '2016-04-21 04:37:00', '2016-04-21 04:37:00', '5e0cd4ab-71a4-41d6-99d0-d8382a4152f0'),
 ('785', '51', '2016-11-10 01:00:00', '2016-11-10 04:00:00', NULL, '1', 'FREQ=WEEKLY;DSTART=20160420T000000Z;BYDAY=TU,TH;WKST=MO', 'Weekly on Tuesday and Thursday', '1', 'en_us', '2016-04-21 04:37:00', '2016-04-21 04:37:00', '597fe542-f8a9-4d66-9f05-427d12ea8522'),
 ('786', '51', '2016-11-15 01:00:00', '2016-11-15 04:00:00', NULL, '1', 'FREQ=WEEKLY;DSTART=20160420T000000Z;BYDAY=TU,TH;WKST=MO', 'Weekly on Tuesday and Thursday', '1', 'en_us', '2016-04-21 04:37:00', '2016-04-21 04:37:00', '43297804-c10c-4dd8-9645-cb16a4b7a273'),
 ('787', '51', '2016-11-17 01:00:00', '2016-11-17 04:00:00', NULL, '1', 'FREQ=WEEKLY;DSTART=20160420T000000Z;BYDAY=TU,TH;WKST=MO', 'Weekly on Tuesday and Thursday', '1', 'en_us', '2016-04-21 04:37:00', '2016-04-21 04:37:00', '324574bf-6ef0-479e-bb33-45c5439baf87'),
 ('788', '51', '2016-11-22 01:00:00', '2016-11-22 04:00:00', NULL, '1', 'FREQ=WEEKLY;DSTART=20160420T000000Z;BYDAY=TU,TH;WKST=MO', 'Weekly on Tuesday and Thursday', '1', 'en_us', '2016-04-21 04:37:00', '2016-04-21 04:37:00', '9a1b97b4-930c-4d18-811d-5291f90a038d'),
 ('789', '51', '2016-11-24 01:00:00', '2016-11-24 04:00:00', NULL, '1', 'FREQ=WEEKLY;DSTART=20160420T000000Z;BYDAY=TU,TH;WKST=MO', 'Weekly on Tuesday and Thursday', '1', 'en_us', '2016-04-21 04:37:00', '2016-04-21 04:37:00', '268e804c-f5cf-46f5-8e80-2751288bca71'),
 ('790', '51', '2016-11-29 01:00:00', '2016-11-29 04:00:00', NULL, '1', 'FREQ=WEEKLY;DSTART=20160420T000000Z;BYDAY=TU,TH;WKST=MO', 'Weekly on Tuesday and Thursday', '1', 'en_us', '2016-04-21 04:37:00', '2016-04-21 04:37:00', '0eceb684-8a6d-4bba-928b-cf5f670f5778'),
 ('791', '51', '2016-12-01 01:00:00', '2016-12-01 04:00:00', NULL, '1', 'FREQ=WEEKLY;DSTART=20160420T000000Z;BYDAY=TU,TH;WKST=MO', 'Weekly on Tuesday and Thursday', '1', 'en_us', '2016-04-21 04:37:00', '2016-04-21 04:37:00', 'aab67296-c584-477d-9241-15b3dd7a2878'),
 ('792', '51', '2016-12-06 01:00:00', '2016-12-06 04:00:00', NULL, '1', 'FREQ=WEEKLY;DSTART=20160420T000000Z;BYDAY=TU,TH;WKST=MO', 'Weekly on Tuesday and Thursday', '1', 'en_us', '2016-04-21 04:37:00', '2016-04-21 04:37:00', 'f919b3c6-83ca-4470-88d3-d359975da82b'),
 ('793', '51', '2016-12-08 01:00:00', '2016-12-08 04:00:00', NULL, '1', 'FREQ=WEEKLY;DSTART=20160420T000000Z;BYDAY=TU,TH;WKST=MO', 'Weekly on Tuesday and Thursday', '1', 'en_us', '2016-04-21 04:37:00', '2016-04-21 04:37:00', '29071052-9f27-40af-ac32-b452264523d9'),
 ('794', '51', '2016-12-13 01:00:00', '2016-12-13 04:00:00', NULL, '1', 'FREQ=WEEKLY;DSTART=20160420T000000Z;BYDAY=TU,TH;WKST=MO', 'Weekly on Tuesday and Thursday', '1', 'en_us', '2016-04-21 04:37:00', '2016-04-21 04:37:00', '5cbbc92f-4dba-445a-907c-c36b252e13e3'),
 ('795', '51', '2016-12-15 01:00:00', '2016-12-15 04:00:00', NULL, '1', 'FREQ=WEEKLY;DSTART=20160420T000000Z;BYDAY=TU,TH;WKST=MO', 'Weekly on Tuesday and Thursday', '1', 'en_us', '2016-04-21 04:37:00', '2016-04-21 04:37:00', '412c80cf-132a-411d-b1b5-abe559a4650d'),
 ('796', '51', '2016-12-20 01:00:00', '2016-12-20 04:00:00', NULL, '1', 'FREQ=WEEKLY;DSTART=20160420T000000Z;BYDAY=TU,TH;WKST=MO', 'Weekly on Tuesday and Thursday', '1', 'en_us', '2016-04-21 04:37:00', '2016-04-21 04:37:00', '008279e4-77a9-40e7-b135-8850572b5336'),
 ('797', '51', '2016-12-22 01:00:00', '2016-12-22 04:00:00', NULL, '1', 'FREQ=WEEKLY;DSTART=20160420T000000Z;BYDAY=TU,TH;WKST=MO', 'Weekly on Tuesday and Thursday', '1', 'en_us', '2016-04-21 04:37:00', '2016-04-21 04:37:00', 'a81579e3-598f-4e67-ad5e-40befa2b51ea'),
 ('798', '51', '2016-12-27 01:00:00', '2016-12-27 04:00:00', NULL, '1', 'FREQ=WEEKLY;DSTART=20160420T000000Z;BYDAY=TU,TH;WKST=MO', 'Weekly on Tuesday and Thursday', '1', 'en_us', '2016-04-21 04:37:00', '2016-04-21 04:37:00', '494b2000-99a2-4b4a-8842-8a4e96736c23'),
 ('799', '51', '2016-12-29 01:00:00', '2016-12-29 04:00:00', NULL, '1', 'FREQ=WEEKLY;DSTART=20160420T000000Z;BYDAY=TU,TH;WKST=MO', 'Weekly on Tuesday and Thursday', '1', 'en_us', '2016-04-21 04:37:00', '2016-04-21 04:37:00', '5fb4d95b-276d-460c-9518-2a44f9e3e4f6'),
 ('800', '51', '2017-01-03 01:00:00', '2017-01-03 04:00:00', NULL, '1', 'FREQ=WEEKLY;DSTART=20160420T000000Z;BYDAY=TU,TH;WKST=MO', 'Weekly on Tuesday and Thursday', '1', 'en_us', '2016-04-21 04:37:00', '2016-04-21 04:37:00', '2284ab75-25aa-4fa8-8196-4cad1e51a6b8'),
 ('801', '51', '2017-01-05 01:00:00', '2017-01-05 04:00:00', NULL, '1', 'FREQ=WEEKLY;DSTART=20160420T000000Z;BYDAY=TU,TH;WKST=MO', 'Weekly on Tuesday and Thursday', '1', 'en_us', '2016-04-21 04:37:00', '2016-04-21 04:37:00', '33c87887-b706-401d-9e9d-8806d0ed5865'),
 ('802', '51', '2017-01-10 01:00:00', '2017-01-10 04:00:00', NULL, '1', 'FREQ=WEEKLY;DSTART=20160420T000000Z;BYDAY=TU,TH;WKST=MO', 'Weekly on Tuesday and Thursday', '1', 'en_us', '2016-04-21 04:37:00', '2016-04-21 04:37:00', '55835ad2-9463-4a2d-aedf-a72820aef352'),
 ('803', '51', '2017-01-12 01:00:00', '2017-01-12 04:00:00', NULL, '1', 'FREQ=WEEKLY;DSTART=20160420T000000Z;BYDAY=TU,TH;WKST=MO', 'Weekly on Tuesday and Thursday', '1', 'en_us', '2016-04-21 04:37:00', '2016-04-21 04:37:00', 'a55eca3d-4d0b-4fd8-8ac2-a4e7a6b40e58'),
 ('804', '51', '2017-01-17 01:00:00', '2017-01-17 04:00:00', NULL, '1', 'FREQ=WEEKLY;DSTART=20160420T000000Z;BYDAY=TU,TH;WKST=MO', 'Weekly on Tuesday and Thursday', '1', 'en_us', '2016-04-21 04:37:00', '2016-04-21 04:37:00', '6c312daa-116b-43f2-8c32-38e93740d2a0'),
 ('805', '51', '2017-01-19 01:00:00', '2017-01-19 04:00:00', NULL, '1', 'FREQ=WEEKLY;DSTART=20160420T000000Z;BYDAY=TU,TH;WKST=MO', 'Weekly on Tuesday and Thursday', '1', 'en_us', '2016-04-21 04:37:00', '2016-04-21 04:37:00', '6e9e392d-6611-492b-8f63-ac78b76dfdef'),
 ('806', '51', '2017-01-24 01:00:00', '2017-01-24 04:00:00', NULL, '1', 'FREQ=WEEKLY;DSTART=20160420T000000Z;BYDAY=TU,TH;WKST=MO', 'Weekly on Tuesday and Thursday', '1', 'en_us', '2016-04-21 04:37:00', '2016-04-21 04:37:00', 'fff4432d-d273-46d4-b1ba-bdf207ca66c2'),
 ('807', '51', '2017-01-26 01:00:00', '2017-01-26 04:00:00', NULL, '1', 'FREQ=WEEKLY;DSTART=20160420T000000Z;BYDAY=TU,TH;WKST=MO', 'Weekly on Tuesday and Thursday', '1', 'en_us', '2016-04-21 04:37:00', '2016-04-21 04:37:00', '880e83d7-ca97-4393-a897-5baf87f892dc'),
 ('808', '51', '2017-01-31 01:00:00', '2017-01-31 04:00:00', NULL, '1', 'FREQ=WEEKLY;DSTART=20160420T000000Z;BYDAY=TU,TH;WKST=MO', 'Weekly on Tuesday and Thursday', '1', 'en_us', '2016-04-21 04:37:00', '2016-04-21 04:37:00', '45974b62-cc59-4685-8f1d-d9af162d3c9b'),
 ('809', '51', '2017-02-02 01:00:00', '2017-02-02 04:00:00', NULL, '1', 'FREQ=WEEKLY;DSTART=20160420T000000Z;BYDAY=TU,TH;WKST=MO', 'Weekly on Tuesday and Thursday', '1', 'en_us', '2016-04-21 04:37:00', '2016-04-21 04:37:00', '99d57250-2e67-463c-9a55-840184f78df8'),
 ('810', '51', '2017-02-07 01:00:00', '2017-02-07 04:00:00', NULL, '1', 'FREQ=WEEKLY;DSTART=20160420T000000Z;BYDAY=TU,TH;WKST=MO', 'Weekly on Tuesday and Thursday', '1', 'en_us', '2016-04-21 04:37:00', '2016-04-21 04:37:00', '754dfec4-ad4b-436e-835d-198d69669cb7'),
 ('811', '51', '2017-02-09 01:00:00', '2017-02-09 04:00:00', NULL, '1', 'FREQ=WEEKLY;DSTART=20160420T000000Z;BYDAY=TU,TH;WKST=MO', 'Weekly on Tuesday and Thursday', '1', 'en_us', '2016-04-21 04:37:00', '2016-04-21 04:37:00', '85a12d59-e570-4ee2-92c1-4ec4b5d743a0'),
 ('812', '51', '2017-02-14 01:00:00', '2017-02-14 04:00:00', NULL, '1', 'FREQ=WEEKLY;DSTART=20160420T000000Z;BYDAY=TU,TH;WKST=MO', 'Weekly on Tuesday and Thursday', '1', 'en_us', '2016-04-21 04:37:00', '2016-04-21 04:37:00', 'ebb0b59d-77d9-4f1f-8059-a6d9762f404a'),
 ('813', '51', '2017-02-16 01:00:00', '2017-02-16 04:00:00', NULL, '1', 'FREQ=WEEKLY;DSTART=20160420T000000Z;BYDAY=TU,TH;WKST=MO', 'Weekly on Tuesday and Thursday', '1', 'en_us', '2016-04-21 04:37:00', '2016-04-21 04:37:00', '62132e52-f4b9-4982-a9a1-063abad44f97'),
 ('814', '51', '2017-02-21 01:00:00', '2017-02-21 04:00:00', NULL, '1', 'FREQ=WEEKLY;DSTART=20160420T000000Z;BYDAY=TU,TH;WKST=MO', 'Weekly on Tuesday and Thursday', '1', 'en_us', '2016-04-21 04:37:00', '2016-04-21 04:37:00', 'fd74d2f5-0e38-4bce-a37b-ce8fa31e8870'),
 ('815', '51', '2017-02-23 01:00:00', '2017-02-23 04:00:00', NULL, '1', 'FREQ=WEEKLY;DSTART=20160420T000000Z;BYDAY=TU,TH;WKST=MO', 'Weekly on Tuesday and Thursday', '1', 'en_us', '2016-04-21 04:37:00', '2016-04-21 04:37:00', '801637d7-7d24-461d-80d6-00615323324e'),
 ('816', '51', '2017-02-28 01:00:00', '2017-02-28 04:00:00', NULL, '1', 'FREQ=WEEKLY;DSTART=20160420T000000Z;BYDAY=TU,TH;WKST=MO', 'Weekly on Tuesday and Thursday', '1', 'en_us', '2016-04-21 04:37:00', '2016-04-21 04:37:00', '531b8ac4-15e7-4174-a8c3-974f7bb0d35b'),
 ('817', '51', '2017-03-02 01:00:00', '2017-03-02 04:00:00', NULL, '1', 'FREQ=WEEKLY;DSTART=20160420T000000Z;BYDAY=TU,TH;WKST=MO', 'Weekly on Tuesday and Thursday', '1', 'en_us', '2016-04-21 04:37:00', '2016-04-21 04:37:00', '8fa1eaed-b92f-4a4d-9170-f09e015d8d1a'),
 ('818', '51', '2017-03-07 01:00:00', '2017-03-07 04:00:00', NULL, '1', 'FREQ=WEEKLY;DSTART=20160420T000000Z;BYDAY=TU,TH;WKST=MO', 'Weekly on Tuesday and Thursday', '1', 'en_us', '2016-04-21 04:37:00', '2016-04-21 04:37:00', 'e95cc989-96b0-463c-85ab-031654dd392d'),
 ('819', '51', '2017-03-09 01:00:00', '2017-03-09 04:00:00', NULL, '1', 'FREQ=WEEKLY;DSTART=20160420T000000Z;BYDAY=TU,TH;WKST=MO', 'Weekly on Tuesday and Thursday', '1', 'en_us', '2016-04-21 04:37:00', '2016-04-21 04:37:00', '6a938919-c284-48c3-92a7-3edf44d0e698'),
 ('820', '51', '2017-03-14 01:00:00', '2017-03-14 04:00:00', NULL, '1', 'FREQ=WEEKLY;DSTART=20160420T000000Z;BYDAY=TU,TH;WKST=MO', 'Weekly on Tuesday and Thursday', '1', 'en_us', '2016-04-21 04:37:00', '2016-04-21 04:37:00', '909d062a-08b4-4552-89d5-52b4843ab73e'),
 ('821', '51', '2017-03-16 01:00:00', '2017-03-16 04:00:00', NULL, '1', 'FREQ=WEEKLY;DSTART=20160420T000000Z;BYDAY=TU,TH;WKST=MO', 'Weekly on Tuesday and Thursday', '1', 'en_us', '2016-04-21 04:37:00', '2016-04-21 04:37:00', 'd56c7064-09f1-4644-9ff2-5dc8de388319'),
 ('822', '51', '2017-03-21 01:00:00', '2017-03-21 04:00:00', NULL, '1', 'FREQ=WEEKLY;DSTART=20160420T000000Z;BYDAY=TU,TH;WKST=MO', 'Weekly on Tuesday and Thursday', '1', 'en_us', '2016-04-21 04:37:00', '2016-04-21 04:37:00', '5c740c5c-777f-4db2-9db5-e3c78b5a5415'),
 ('823', '51', '2017-03-23 01:00:00', '2017-03-23 04:00:00', NULL, '1', 'FREQ=WEEKLY;DSTART=20160420T000000Z;BYDAY=TU,TH;WKST=MO', 'Weekly on Tuesday and Thursday', '1', 'en_us', '2016-04-21 04:37:00', '2016-04-21 04:37:00', '90f72043-3234-4a24-ae9f-e37d72dbae31'),
 ('824', '51', '2017-03-28 01:00:00', '2017-03-28 04:00:00', NULL, '1', 'FREQ=WEEKLY;DSTART=20160420T000000Z;BYDAY=TU,TH;WKST=MO', 'Weekly on Tuesday and Thursday', '1', 'en_us', '2016-04-21 04:37:00', '2016-04-21 04:37:00', '2e219d36-20a6-45b3-9c09-4a13bdedbfb2'),
 ('825', '51', '2017-03-30 01:00:00', '2017-03-30 04:00:00', NULL, '1', 'FREQ=WEEKLY;DSTART=20160420T000000Z;BYDAY=TU,TH;WKST=MO', 'Weekly on Tuesday and Thursday', '1', 'en_us', '2016-04-21 04:37:00', '2016-04-21 04:37:00', '6af75899-755e-40cb-aa8f-895395ed393a'),
 ('826', '51', '2017-04-04 01:00:00', '2017-04-04 04:00:00', NULL, '1', 'FREQ=WEEKLY;DSTART=20160420T000000Z;BYDAY=TU,TH;WKST=MO', 'Weekly on Tuesday and Thursday', '1', 'en_us', '2016-04-21 04:37:00', '2016-04-21 04:37:00', '851a38f6-953b-4fcd-8bdd-81f1ae66fe10'),
 ('827', '51', '2017-04-06 01:00:00', '2017-04-06 04:00:00', NULL, '1', 'FREQ=WEEKLY;DSTART=20160420T000000Z;BYDAY=TU,TH;WKST=MO', 'Weekly on Tuesday and Thursday', '1', 'en_us', '2016-04-21 04:37:00', '2016-04-21 04:37:00', '1aecdd7c-4afc-42a2-ad12-1c98cf25bf14');
INSERT INTO `craft_venti_events` (`eid`, `eventid`, `startDate`, `endDate`, `allDay`, `repeat`, `rRule`, `summary`, `isrepeat`, `locale`, `dateCreated`, `dateUpdated`, `uid`) VALUES
 ('828', '51', '2017-04-11 01:00:00', '2017-04-11 04:00:00', NULL, '1', 'FREQ=WEEKLY;DSTART=20160420T000000Z;BYDAY=TU,TH;WKST=MO', 'Weekly on Tuesday and Thursday', '1', 'en_us', '2016-04-21 04:37:00', '2016-04-21 04:37:00', 'd4b8079b-3243-429b-b5c5-7251ddcc577a'),
 ('829', '51', '2017-04-13 01:00:00', '2017-04-13 04:00:00', NULL, '1', 'FREQ=WEEKLY;DSTART=20160420T000000Z;BYDAY=TU,TH;WKST=MO', 'Weekly on Tuesday and Thursday', '1', 'en_us', '2016-04-21 04:37:00', '2016-04-21 04:37:00', 'b48ddc9f-8bd3-4060-9a1c-41840ca21e7a'),
 ('830', '51', '2017-04-18 01:00:00', '2017-04-18 04:00:00', NULL, '1', 'FREQ=WEEKLY;DSTART=20160420T000000Z;BYDAY=TU,TH;WKST=MO', 'Weekly on Tuesday and Thursday', '1', 'en_us', '2016-04-21 04:37:00', '2016-04-21 04:37:00', '50d929bd-c05b-4304-9bc5-b03117ee219d'),
 ('831', '51', '2017-04-20 01:00:00', '2017-04-20 04:00:00', NULL, '1', 'FREQ=WEEKLY;DSTART=20160420T000000Z;BYDAY=TU,TH;WKST=MO', 'Weekly on Tuesday and Thursday', '1', 'en_us', '2016-04-21 04:37:00', '2016-04-21 04:37:00', '053f5475-41d5-4464-93ba-c59d743f3a0d'),
 ('832', '51', '2017-04-25 01:00:00', '2017-04-25 04:00:00', NULL, '1', 'FREQ=WEEKLY;DSTART=20160420T000000Z;BYDAY=TU,TH;WKST=MO', 'Weekly on Tuesday and Thursday', '1', 'en_us', '2016-04-21 04:37:00', '2016-04-21 04:37:00', '4fb90511-9491-4a00-830b-54de379407cf'),
 ('833', '51', '2017-04-27 01:00:00', '2017-04-27 04:00:00', NULL, '1', 'FREQ=WEEKLY;DSTART=20160420T000000Z;BYDAY=TU,TH;WKST=MO', 'Weekly on Tuesday and Thursday', '1', 'en_us', '2016-04-21 04:37:00', '2016-04-21 04:37:00', 'e1299217-01b1-4f55-9f85-0021420933db'),
 ('834', '51', '2017-05-02 01:00:00', '2017-05-02 04:00:00', NULL, '1', 'FREQ=WEEKLY;DSTART=20160420T000000Z;BYDAY=TU,TH;WKST=MO', 'Weekly on Tuesday and Thursday', '1', 'en_us', '2016-04-21 04:37:00', '2016-04-21 04:37:00', '88508476-497a-4a79-8514-88ab427e9992'),
 ('835', '51', '2017-05-04 01:00:00', '2017-05-04 04:00:00', NULL, '1', 'FREQ=WEEKLY;DSTART=20160420T000000Z;BYDAY=TU,TH;WKST=MO', 'Weekly on Tuesday and Thursday', '1', 'en_us', '2016-04-21 04:37:00', '2016-04-21 04:37:00', '0b3cb6f9-8f83-462c-bdc1-48235ca8d279'),
 ('836', '51', '2017-05-09 01:00:00', '2017-05-09 04:00:00', NULL, '1', 'FREQ=WEEKLY;DSTART=20160420T000000Z;BYDAY=TU,TH;WKST=MO', 'Weekly on Tuesday and Thursday', '1', 'en_us', '2016-04-21 04:37:00', '2016-04-21 04:37:00', 'fb5b20ff-5d9a-41d2-a218-6e639a73a338'),
 ('837', '51', '2017-05-11 01:00:00', '2017-05-11 04:00:00', NULL, '1', 'FREQ=WEEKLY;DSTART=20160420T000000Z;BYDAY=TU,TH;WKST=MO', 'Weekly on Tuesday and Thursday', '1', 'en_us', '2016-04-21 04:37:00', '2016-04-21 04:37:00', 'f017ad50-82bb-403a-bacc-cf1a8981e9e0'),
 ('838', '51', '2017-05-16 01:00:00', '2017-05-16 04:00:00', NULL, '1', 'FREQ=WEEKLY;DSTART=20160420T000000Z;BYDAY=TU,TH;WKST=MO', 'Weekly on Tuesday and Thursday', '1', 'en_us', '2016-04-21 04:37:00', '2016-04-21 04:37:00', 'fc7a3f39-e124-4ece-ada9-d711df178fe8'),
 ('839', '51', '2017-05-18 01:00:00', '2017-05-18 04:00:00', NULL, '1', 'FREQ=WEEKLY;DSTART=20160420T000000Z;BYDAY=TU,TH;WKST=MO', 'Weekly on Tuesday and Thursday', '1', 'en_us', '2016-04-21 04:37:00', '2016-04-21 04:37:00', '4b18a031-fcac-4ec9-a62e-8dec8d587f96'),
 ('840', '51', '2017-05-23 01:00:00', '2017-05-23 04:00:00', NULL, '1', 'FREQ=WEEKLY;DSTART=20160420T000000Z;BYDAY=TU,TH;WKST=MO', 'Weekly on Tuesday and Thursday', '1', 'en_us', '2016-04-21 04:37:00', '2016-04-21 04:37:00', '9afb99d4-38f7-462b-adf4-8af243efaa34'),
 ('841', '51', '2017-05-25 01:00:00', '2017-05-25 04:00:00', NULL, '1', 'FREQ=WEEKLY;DSTART=20160420T000000Z;BYDAY=TU,TH;WKST=MO', 'Weekly on Tuesday and Thursday', '1', 'en_us', '2016-04-21 04:37:00', '2016-04-21 04:37:00', '8cb1aa1f-81b1-4565-8316-f878a08e8ef9'),
 ('842', '51', '2017-05-30 01:00:00', '2017-05-30 04:00:00', NULL, '1', 'FREQ=WEEKLY;DSTART=20160420T000000Z;BYDAY=TU,TH;WKST=MO', 'Weekly on Tuesday and Thursday', '1', 'en_us', '2016-04-21 04:37:00', '2016-04-21 04:37:00', 'aac520a1-6699-4f87-9470-2859dd80cc1a'),
 ('843', '51', '2017-06-01 01:00:00', '2017-06-01 04:00:00', NULL, '1', 'FREQ=WEEKLY;DSTART=20160420T000000Z;BYDAY=TU,TH;WKST=MO', 'Weekly on Tuesday and Thursday', '1', 'en_us', '2016-04-21 04:37:00', '2016-04-21 04:37:00', 'e2420675-260e-4b11-aab2-0a39f19b6365'),
 ('844', '51', '2017-06-06 01:00:00', '2017-06-06 04:00:00', NULL, '1', 'FREQ=WEEKLY;DSTART=20160420T000000Z;BYDAY=TU,TH;WKST=MO', 'Weekly on Tuesday and Thursday', '1', 'en_us', '2016-04-21 04:37:00', '2016-04-21 04:37:00', 'c4bc2a3f-8a01-418c-925a-938366cd693c'),
 ('845', '51', '2017-06-08 01:00:00', '2017-06-08 04:00:00', NULL, '1', 'FREQ=WEEKLY;DSTART=20160420T000000Z;BYDAY=TU,TH;WKST=MO', 'Weekly on Tuesday and Thursday', '1', 'en_us', '2016-04-21 04:37:00', '2016-04-21 04:37:00', 'fb056cb5-315c-40d3-94ff-506a24499703'),
 ('846', '51', '2017-06-13 01:00:00', '2017-06-13 04:00:00', NULL, '1', 'FREQ=WEEKLY;DSTART=20160420T000000Z;BYDAY=TU,TH;WKST=MO', 'Weekly on Tuesday and Thursday', '1', 'en_us', '2016-04-21 04:37:00', '2016-04-21 04:37:00', '94cfbad3-e97e-498a-bf33-877434b8f1da'),
 ('847', '51', '2017-06-15 01:00:00', '2017-06-15 04:00:00', NULL, '1', 'FREQ=WEEKLY;DSTART=20160420T000000Z;BYDAY=TU,TH;WKST=MO', 'Weekly on Tuesday and Thursday', '1', 'en_us', '2016-04-21 04:37:00', '2016-04-21 04:37:00', '15c77cc2-aa2c-44be-9891-f9e2df25e831'),
 ('848', '51', '2017-06-20 01:00:00', '2017-06-20 04:00:00', NULL, '1', 'FREQ=WEEKLY;DSTART=20160420T000000Z;BYDAY=TU,TH;WKST=MO', 'Weekly on Tuesday and Thursday', '1', 'en_us', '2016-04-21 04:37:00', '2016-04-21 04:37:00', '9a1463b4-ec85-46ba-abe8-4a91268bef61'),
 ('849', '51', '2017-06-22 01:00:00', '2017-06-22 04:00:00', NULL, '1', 'FREQ=WEEKLY;DSTART=20160420T000000Z;BYDAY=TU,TH;WKST=MO', 'Weekly on Tuesday and Thursday', '1', 'en_us', '2016-04-21 04:37:00', '2016-04-21 04:37:00', 'ec6521fb-410c-403e-95b8-d6b7ac2934d5'),
 ('850', '51', '2017-06-27 01:00:00', '2017-06-27 04:00:00', NULL, '1', 'FREQ=WEEKLY;DSTART=20160420T000000Z;BYDAY=TU,TH;WKST=MO', 'Weekly on Tuesday and Thursday', '1', 'en_us', '2016-04-21 04:37:00', '2016-04-21 04:37:00', '27c8de1a-af7b-4b01-8cc4-83d275d4acb1'),
 ('851', '51', '2017-06-29 01:00:00', '2017-06-29 04:00:00', NULL, '1', 'FREQ=WEEKLY;DSTART=20160420T000000Z;BYDAY=TU,TH;WKST=MO', 'Weekly on Tuesday and Thursday', '1', 'en_us', '2016-04-21 04:37:00', '2016-04-21 04:37:00', 'ac2b9e29-411e-456f-9079-bd29fb991bb0'),
 ('852', '51', '2017-07-04 01:00:00', '2017-07-04 04:00:00', NULL, '1', 'FREQ=WEEKLY;DSTART=20160420T000000Z;BYDAY=TU,TH;WKST=MO', 'Weekly on Tuesday and Thursday', '1', 'en_us', '2016-04-21 04:37:00', '2016-04-21 04:37:00', 'cfcaa6ba-8adb-40b8-aaeb-bb4d95783a65'),
 ('853', '51', '2017-07-06 01:00:00', '2017-07-06 04:00:00', NULL, '1', 'FREQ=WEEKLY;DSTART=20160420T000000Z;BYDAY=TU,TH;WKST=MO', 'Weekly on Tuesday and Thursday', '1', 'en_us', '2016-04-21 04:37:00', '2016-04-21 04:37:00', '10d9aa7d-aea3-4b6f-a3aa-fbe94a49acc0'),
 ('854', '51', '2017-07-11 01:00:00', '2017-07-11 04:00:00', NULL, '1', 'FREQ=WEEKLY;DSTART=20160420T000000Z;BYDAY=TU,TH;WKST=MO', 'Weekly on Tuesday and Thursday', '1', 'en_us', '2016-04-21 04:37:00', '2016-04-21 04:37:00', '8a1a11f7-42a6-4892-9ec7-a3fa994a4d86'),
 ('855', '51', '2017-07-13 01:00:00', '2017-07-13 04:00:00', NULL, '1', 'FREQ=WEEKLY;DSTART=20160420T000000Z;BYDAY=TU,TH;WKST=MO', 'Weekly on Tuesday and Thursday', '1', 'en_us', '2016-04-21 04:37:00', '2016-04-21 04:37:00', '6244d6c9-0659-4dfb-bf52-c2d7ad3e5ae4'),
 ('856', '51', '2017-07-18 01:00:00', '2017-07-18 04:00:00', NULL, '1', 'FREQ=WEEKLY;DSTART=20160420T000000Z;BYDAY=TU,TH;WKST=MO', 'Weekly on Tuesday and Thursday', '1', 'en_us', '2016-04-21 04:37:00', '2016-04-21 04:37:00', '5e6c2e2b-cc89-4a51-9771-bea86ff18b1d'),
 ('857', '51', '2017-07-20 01:00:00', '2017-07-20 04:00:00', NULL, '1', 'FREQ=WEEKLY;DSTART=20160420T000000Z;BYDAY=TU,TH;WKST=MO', 'Weekly on Tuesday and Thursday', '1', 'en_us', '2016-04-21 04:37:00', '2016-04-21 04:37:00', 'f12cd134-e8b7-4759-a90f-d79d162a4137'),
 ('858', '51', '2017-07-25 01:00:00', '2017-07-25 04:00:00', NULL, '1', 'FREQ=WEEKLY;DSTART=20160420T000000Z;BYDAY=TU,TH;WKST=MO', 'Weekly on Tuesday and Thursday', '1', 'en_us', '2016-04-21 04:37:00', '2016-04-21 04:37:00', '6e935df8-35ac-4122-9594-0edc01351ab8'),
 ('859', '51', '2017-07-27 01:00:00', '2017-07-27 04:00:00', NULL, '1', 'FREQ=WEEKLY;DSTART=20160420T000000Z;BYDAY=TU,TH;WKST=MO', 'Weekly on Tuesday and Thursday', '1', 'en_us', '2016-04-21 04:37:00', '2016-04-21 04:37:00', 'c52f3531-e48d-4f6b-8436-3dd779de46ad'),
 ('860', '51', '2017-08-01 01:00:00', '2017-08-01 04:00:00', NULL, '1', 'FREQ=WEEKLY;DSTART=20160420T000000Z;BYDAY=TU,TH;WKST=MO', 'Weekly on Tuesday and Thursday', '1', 'en_us', '2016-04-21 04:37:00', '2016-04-21 04:37:00', 'af9509c9-869f-4ca8-88fc-a14dd46f21fe'),
 ('861', '51', '2017-08-03 01:00:00', '2017-08-03 04:00:00', NULL, '1', 'FREQ=WEEKLY;DSTART=20160420T000000Z;BYDAY=TU,TH;WKST=MO', 'Weekly on Tuesday and Thursday', '1', 'en_us', '2016-04-21 04:37:00', '2016-04-21 04:37:00', '487f44ff-1f06-4546-9b9e-0689017b73af'),
 ('862', '51', '2017-08-08 01:00:00', '2017-08-08 04:00:00', NULL, '1', 'FREQ=WEEKLY;DSTART=20160420T000000Z;BYDAY=TU,TH;WKST=MO', 'Weekly on Tuesday and Thursday', '1', 'en_us', '2016-04-21 04:37:00', '2016-04-21 04:37:00', '01b03036-c066-4086-b0be-59c748dc012d'),
 ('863', '51', '2017-08-10 01:00:00', '2017-08-10 04:00:00', NULL, '1', 'FREQ=WEEKLY;DSTART=20160420T000000Z;BYDAY=TU,TH;WKST=MO', 'Weekly on Tuesday and Thursday', '1', 'en_us', '2016-04-21 04:37:00', '2016-04-21 04:37:00', '59e5c272-6c97-470a-8344-04a96e7d0a72'),
 ('864', '51', '2017-08-15 01:00:00', '2017-08-15 04:00:00', NULL, '1', 'FREQ=WEEKLY;DSTART=20160420T000000Z;BYDAY=TU,TH;WKST=MO', 'Weekly on Tuesday and Thursday', '1', 'en_us', '2016-04-21 04:37:00', '2016-04-21 04:37:00', '279edb35-e3bf-4ae2-8105-2d09003f0bec'),
 ('865', '51', '2017-08-17 01:00:00', '2017-08-17 04:00:00', NULL, '1', 'FREQ=WEEKLY;DSTART=20160420T000000Z;BYDAY=TU,TH;WKST=MO', 'Weekly on Tuesday and Thursday', '1', 'en_us', '2016-04-21 04:37:00', '2016-04-21 04:37:00', 'c27a0d3e-0cf6-4a39-ac0f-fd3239dee141'),
 ('866', '51', '2017-08-22 01:00:00', '2017-08-22 04:00:00', NULL, '1', 'FREQ=WEEKLY;DSTART=20160420T000000Z;BYDAY=TU,TH;WKST=MO', 'Weekly on Tuesday and Thursday', '1', 'en_us', '2016-04-21 04:37:00', '2016-04-21 04:37:00', 'd9888059-8f94-4ec7-9b81-0b66ca368eae'),
 ('867', '51', '2017-08-24 01:00:00', '2017-08-24 04:00:00', NULL, '1', 'FREQ=WEEKLY;DSTART=20160420T000000Z;BYDAY=TU,TH;WKST=MO', 'Weekly on Tuesday and Thursday', '1', 'en_us', '2016-04-21 04:37:00', '2016-04-21 04:37:00', '9761c331-fd3e-4d7b-86bb-00d4ce457026'),
 ('868', '51', '2017-08-29 01:00:00', '2017-08-29 04:00:00', NULL, '1', 'FREQ=WEEKLY;DSTART=20160420T000000Z;BYDAY=TU,TH;WKST=MO', 'Weekly on Tuesday and Thursday', '1', 'en_us', '2016-04-21 04:37:00', '2016-04-21 04:37:00', 'ffc222a8-ced5-47ec-bb6c-0c8fb5376d4a'),
 ('869', '51', '2017-08-31 01:00:00', '2017-08-31 04:00:00', NULL, '1', 'FREQ=WEEKLY;DSTART=20160420T000000Z;BYDAY=TU,TH;WKST=MO', 'Weekly on Tuesday and Thursday', '1', 'en_us', '2016-04-21 04:37:00', '2016-04-21 04:37:00', '91de9ae5-cb6f-457a-a704-94820e668bb8'),
 ('870', '51', '2017-09-05 01:00:00', '2017-09-05 04:00:00', NULL, '1', 'FREQ=WEEKLY;DSTART=20160420T000000Z;BYDAY=TU,TH;WKST=MO', 'Weekly on Tuesday and Thursday', '1', 'en_us', '2016-04-21 04:37:00', '2016-04-21 04:37:00', 'f589c60f-aff5-42a1-bbfc-5909f31c0b05'),
 ('871', '51', '2017-09-07 01:00:00', '2017-09-07 04:00:00', NULL, '1', 'FREQ=WEEKLY;DSTART=20160420T000000Z;BYDAY=TU,TH;WKST=MO', 'Weekly on Tuesday and Thursday', '1', 'en_us', '2016-04-21 04:37:00', '2016-04-21 04:37:00', 'c29c795b-57a2-43b2-a7d8-7f34a329b8f4'),
 ('872', '51', '2017-09-12 01:00:00', '2017-09-12 04:00:00', NULL, '1', 'FREQ=WEEKLY;DSTART=20160420T000000Z;BYDAY=TU,TH;WKST=MO', 'Weekly on Tuesday and Thursday', '1', 'en_us', '2016-04-21 04:37:00', '2016-04-21 04:37:00', 'dcbd27b0-3f87-4f2e-92a1-e9171236bfbd'),
 ('873', '51', '2017-09-14 01:00:00', '2017-09-14 04:00:00', NULL, '1', 'FREQ=WEEKLY;DSTART=20160420T000000Z;BYDAY=TU,TH;WKST=MO', 'Weekly on Tuesday and Thursday', '1', 'en_us', '2016-04-21 04:37:00', '2016-04-21 04:37:00', 'd19e630a-06ac-441d-9403-98d68887e1e0'),
 ('874', '51', '2017-09-19 01:00:00', '2017-09-19 04:00:00', NULL, '1', 'FREQ=WEEKLY;DSTART=20160420T000000Z;BYDAY=TU,TH;WKST=MO', 'Weekly on Tuesday and Thursday', '1', 'en_us', '2016-04-21 04:37:00', '2016-04-21 04:37:00', 'e1a05df4-18ce-4abc-9ae9-fd8772dfc80b'),
 ('875', '51', '2017-09-21 01:00:00', '2017-09-21 04:00:00', NULL, '1', 'FREQ=WEEKLY;DSTART=20160420T000000Z;BYDAY=TU,TH;WKST=MO', 'Weekly on Tuesday and Thursday', '1', 'en_us', '2016-04-21 04:37:00', '2016-04-21 04:37:00', '04a2bf79-d48a-4126-b03b-ce21b378ea1a'),
 ('876', '51', '2017-09-26 01:00:00', '2017-09-26 04:00:00', NULL, '1', 'FREQ=WEEKLY;DSTART=20160420T000000Z;BYDAY=TU,TH;WKST=MO', 'Weekly on Tuesday and Thursday', '1', 'en_us', '2016-04-21 04:37:00', '2016-04-21 04:37:00', 'b41d2961-641e-4cc1-8ed7-032a78b78960'),
 ('877', '51', '2017-09-28 01:00:00', '2017-09-28 04:00:00', NULL, '1', 'FREQ=WEEKLY;DSTART=20160420T000000Z;BYDAY=TU,TH;WKST=MO', 'Weekly on Tuesday and Thursday', '1', 'en_us', '2016-04-21 04:37:00', '2016-04-21 04:37:00', '3146a0f8-9296-46a2-9875-67b9e72a8992'),
 ('878', '51', '2017-10-03 01:00:00', '2017-10-03 04:00:00', NULL, '1', 'FREQ=WEEKLY;DSTART=20160420T000000Z;BYDAY=TU,TH;WKST=MO', 'Weekly on Tuesday and Thursday', '1', 'en_us', '2016-04-21 04:37:00', '2016-04-21 04:37:00', '26344441-9b0e-4d17-9149-f3c90a0131c3'),
 ('879', '51', '2017-10-05 01:00:00', '2017-10-05 04:00:00', NULL, '1', 'FREQ=WEEKLY;DSTART=20160420T000000Z;BYDAY=TU,TH;WKST=MO', 'Weekly on Tuesday and Thursday', '1', 'en_us', '2016-04-21 04:37:00', '2016-04-21 04:37:00', '31573f35-7bc1-414a-a8c3-379a1c539e80'),
 ('880', '51', '2017-10-10 01:00:00', '2017-10-10 04:00:00', NULL, '1', 'FREQ=WEEKLY;DSTART=20160420T000000Z;BYDAY=TU,TH;WKST=MO', 'Weekly on Tuesday and Thursday', '1', 'en_us', '2016-04-21 04:37:00', '2016-04-21 04:37:00', '56ef1721-de5f-4e46-b29f-6d92c14fe7a9'),
 ('881', '51', '2017-10-12 01:00:00', '2017-10-12 04:00:00', NULL, '1', 'FREQ=WEEKLY;DSTART=20160420T000000Z;BYDAY=TU,TH;WKST=MO', 'Weekly on Tuesday and Thursday', '1', 'en_us', '2016-04-21 04:37:00', '2016-04-21 04:37:00', 'be909bd9-da11-4a26-9c39-706206856c80'),
 ('882', '51', '2017-10-17 01:00:00', '2017-10-17 04:00:00', NULL, '1', 'FREQ=WEEKLY;DSTART=20160420T000000Z;BYDAY=TU,TH;WKST=MO', 'Weekly on Tuesday and Thursday', '1', 'en_us', '2016-04-21 04:37:00', '2016-04-21 04:37:00', '17f3740d-46d3-4fe4-8dcb-f5a0152b9449'),
 ('883', '51', '2017-10-19 01:00:00', '2017-10-19 04:00:00', NULL, '1', 'FREQ=WEEKLY;DSTART=20160420T000000Z;BYDAY=TU,TH;WKST=MO', 'Weekly on Tuesday and Thursday', '1', 'en_us', '2016-04-21 04:37:00', '2016-04-21 04:37:00', '139536f0-0cb5-4b44-8124-5c179868e743'),
 ('884', '51', '2017-10-24 01:00:00', '2017-10-24 04:00:00', NULL, '1', 'FREQ=WEEKLY;DSTART=20160420T000000Z;BYDAY=TU,TH;WKST=MO', 'Weekly on Tuesday and Thursday', '1', 'en_us', '2016-04-21 04:37:00', '2016-04-21 04:37:00', '4577783d-cac6-4658-9115-7ac018b74feb'),
 ('885', '51', '2017-10-26 01:00:00', '2017-10-26 04:00:00', NULL, '1', 'FREQ=WEEKLY;DSTART=20160420T000000Z;BYDAY=TU,TH;WKST=MO', 'Weekly on Tuesday and Thursday', '1', 'en_us', '2016-04-21 04:37:00', '2016-04-21 04:37:00', '1beacac9-0b9b-4573-9961-ffd138f090ab'),
 ('886', '51', '2017-10-31 01:00:00', '2017-10-31 04:00:00', NULL, '1', 'FREQ=WEEKLY;DSTART=20160420T000000Z;BYDAY=TU,TH;WKST=MO', 'Weekly on Tuesday and Thursday', '1', 'en_us', '2016-04-21 04:37:00', '2016-04-21 04:37:00', '90637aa2-2e32-460d-97b7-dfee851a3e9a'),
 ('887', '51', '2017-11-02 01:00:00', '2017-11-02 04:00:00', NULL, '1', 'FREQ=WEEKLY;DSTART=20160420T000000Z;BYDAY=TU,TH;WKST=MO', 'Weekly on Tuesday and Thursday', '1', 'en_us', '2016-04-21 04:37:00', '2016-04-21 04:37:00', '1419f0db-4180-4619-92d9-0c86aae562a5'),
 ('888', '51', '2017-11-07 01:00:00', '2017-11-07 04:00:00', NULL, '1', 'FREQ=WEEKLY;DSTART=20160420T000000Z;BYDAY=TU,TH;WKST=MO', 'Weekly on Tuesday and Thursday', '1', 'en_us', '2016-04-21 04:37:00', '2016-04-21 04:37:00', 'd6956452-39d7-47d1-90d9-ba0ebd3722a0'),
 ('889', '51', '2017-11-09 01:00:00', '2017-11-09 04:00:00', NULL, '1', 'FREQ=WEEKLY;DSTART=20160420T000000Z;BYDAY=TU,TH;WKST=MO', 'Weekly on Tuesday and Thursday', '1', 'en_us', '2016-04-21 04:37:00', '2016-04-21 04:37:00', 'ae577f8a-32b0-4bbf-a60b-86c65ba2bd8e'),
 ('890', '51', '2017-11-14 01:00:00', '2017-11-14 04:00:00', NULL, '1', 'FREQ=WEEKLY;DSTART=20160420T000000Z;BYDAY=TU,TH;WKST=MO', 'Weekly on Tuesday and Thursday', '1', 'en_us', '2016-04-21 04:37:00', '2016-04-21 04:37:00', 'c2b7c12e-ecb8-4714-b719-e0eac81b035f'),
 ('891', '51', '2017-11-16 01:00:00', '2017-11-16 04:00:00', NULL, '1', 'FREQ=WEEKLY;DSTART=20160420T000000Z;BYDAY=TU,TH;WKST=MO', 'Weekly on Tuesday and Thursday', '1', 'en_us', '2016-04-21 04:37:00', '2016-04-21 04:37:00', 'd222992f-8fb9-44ef-8558-447321e99f51'),
 ('892', '51', '2017-11-21 01:00:00', '2017-11-21 04:00:00', NULL, '1', 'FREQ=WEEKLY;DSTART=20160420T000000Z;BYDAY=TU,TH;WKST=MO', 'Weekly on Tuesday and Thursday', '1', 'en_us', '2016-04-21 04:37:01', '2016-04-21 04:37:01', '8e85f542-f310-4007-824a-4b115186bef8'),
 ('893', '51', '2017-11-23 01:00:00', '2017-11-23 04:00:00', NULL, '1', 'FREQ=WEEKLY;DSTART=20160420T000000Z;BYDAY=TU,TH;WKST=MO', 'Weekly on Tuesday and Thursday', '1', 'en_us', '2016-04-21 04:37:01', '2016-04-21 04:37:01', 'dfb88702-3511-4e46-b096-8846b7fcb647'),
 ('894', '51', '2017-11-28 01:00:00', '2017-11-28 04:00:00', NULL, '1', 'FREQ=WEEKLY;DSTART=20160420T000000Z;BYDAY=TU,TH;WKST=MO', 'Weekly on Tuesday and Thursday', '1', 'en_us', '2016-04-21 04:37:01', '2016-04-21 04:37:01', 'b56b6704-8937-4f07-b320-e2944e26319d'),
 ('895', '51', '2017-11-30 01:00:00', '2017-11-30 04:00:00', NULL, '1', 'FREQ=WEEKLY;DSTART=20160420T000000Z;BYDAY=TU,TH;WKST=MO', 'Weekly on Tuesday and Thursday', '1', 'en_us', '2016-04-21 04:37:01', '2016-04-21 04:37:01', 'a614d98a-4fce-4431-9a3c-401c752f1749'),
 ('896', '51', '2017-12-05 01:00:00', '2017-12-05 04:00:00', NULL, '1', 'FREQ=WEEKLY;DSTART=20160420T000000Z;BYDAY=TU,TH;WKST=MO', 'Weekly on Tuesday and Thursday', '1', 'en_us', '2016-04-21 04:37:01', '2016-04-21 04:37:01', 'b66dd4fd-5e63-41ea-88fe-be7ebb73b605'),
 ('897', '51', '2017-12-07 01:00:00', '2017-12-07 04:00:00', NULL, '1', 'FREQ=WEEKLY;DSTART=20160420T000000Z;BYDAY=TU,TH;WKST=MO', 'Weekly on Tuesday and Thursday', '1', 'en_us', '2016-04-21 04:37:01', '2016-04-21 04:37:01', 'f4267d3d-7201-409b-9cdb-d850ebf0ae35'),
 ('898', '51', '2017-12-12 01:00:00', '2017-12-12 04:00:00', NULL, '1', 'FREQ=WEEKLY;DSTART=20160420T000000Z;BYDAY=TU,TH;WKST=MO', 'Weekly on Tuesday and Thursday', '1', 'en_us', '2016-04-21 04:37:01', '2016-04-21 04:37:01', '9ab87708-83a8-40bd-a642-2c1850917ef4'),
 ('899', '51', '2017-12-14 01:00:00', '2017-12-14 04:00:00', NULL, '1', 'FREQ=WEEKLY;DSTART=20160420T000000Z;BYDAY=TU,TH;WKST=MO', 'Weekly on Tuesday and Thursday', '1', 'en_us', '2016-04-21 04:37:01', '2016-04-21 04:37:01', '8e0f14f7-afc4-4c52-bf25-1fef7ed8ea8a'),
 ('900', '51', '2017-12-19 01:00:00', '2017-12-19 04:00:00', NULL, '1', 'FREQ=WEEKLY;DSTART=20160420T000000Z;BYDAY=TU,TH;WKST=MO', 'Weekly on Tuesday and Thursday', '1', 'en_us', '2016-04-21 04:37:01', '2016-04-21 04:37:01', 'ef1710d0-6c74-43ab-9f92-913087606ed2'),
 ('901', '51', '2017-12-21 01:00:00', '2017-12-21 04:00:00', NULL, '1', 'FREQ=WEEKLY;DSTART=20160420T000000Z;BYDAY=TU,TH;WKST=MO', 'Weekly on Tuesday and Thursday', '1', 'en_us', '2016-04-21 04:37:01', '2016-04-21 04:37:01', '09eaea35-836c-4331-a241-8c7a81680f54'),
 ('902', '51', '2017-12-26 01:00:00', '2017-12-26 04:00:00', NULL, '1', 'FREQ=WEEKLY;DSTART=20160420T000000Z;BYDAY=TU,TH;WKST=MO', 'Weekly on Tuesday and Thursday', '1', 'en_us', '2016-04-21 04:37:01', '2016-04-21 04:37:01', '00898e52-e69a-4c5a-9b61-ebb90a6ee00d'),
 ('903', '51', '2017-12-28 01:00:00', '2017-12-28 04:00:00', NULL, '1', 'FREQ=WEEKLY;DSTART=20160420T000000Z;BYDAY=TU,TH;WKST=MO', 'Weekly on Tuesday and Thursday', '1', 'en_us', '2016-04-21 04:37:01', '2016-04-21 04:37:01', '82665612-b875-4fa8-bffc-2c7fd733e1c4'),
 ('904', '51', '2018-01-02 01:00:00', '2018-01-02 04:00:00', NULL, '1', 'FREQ=WEEKLY;DSTART=20160420T000000Z;BYDAY=TU,TH;WKST=MO', 'Weekly on Tuesday and Thursday', '1', 'en_us', '2016-04-21 04:37:01', '2016-04-21 04:37:01', 'ae2de479-63d5-46ab-a37f-ecb42c34f04a'),
 ('905', '51', '2018-01-04 01:00:00', '2018-01-04 04:00:00', NULL, '1', 'FREQ=WEEKLY;DSTART=20160420T000000Z;BYDAY=TU,TH;WKST=MO', 'Weekly on Tuesday and Thursday', '1', 'en_us', '2016-04-21 04:37:01', '2016-04-21 04:37:01', '74f381ec-8b54-4d71-b62e-945b08461ce6'),
 ('906', '51', '2018-01-09 01:00:00', '2018-01-09 04:00:00', NULL, '1', 'FREQ=WEEKLY;DSTART=20160420T000000Z;BYDAY=TU,TH;WKST=MO', 'Weekly on Tuesday and Thursday', '1', 'en_us', '2016-04-21 04:37:01', '2016-04-21 04:37:01', '5f877509-117e-41ed-b75c-93e71c1018ed'),
 ('907', '51', '2018-01-11 01:00:00', '2018-01-11 04:00:00', NULL, '1', 'FREQ=WEEKLY;DSTART=20160420T000000Z;BYDAY=TU,TH;WKST=MO', 'Weekly on Tuesday and Thursday', '1', 'en_us', '2016-04-21 04:37:01', '2016-04-21 04:37:01', '266a20c8-5385-4e53-b6ce-bfd08b74d4ca'),
 ('908', '51', '2018-01-16 01:00:00', '2018-01-16 04:00:00', NULL, '1', 'FREQ=WEEKLY;DSTART=20160420T000000Z;BYDAY=TU,TH;WKST=MO', 'Weekly on Tuesday and Thursday', '1', 'en_us', '2016-04-21 04:37:01', '2016-04-21 04:37:01', 'c10940a0-6327-48ec-9f66-881144dd291b'),
 ('909', '51', '2018-01-18 01:00:00', '2018-01-18 04:00:00', NULL, '1', 'FREQ=WEEKLY;DSTART=20160420T000000Z;BYDAY=TU,TH;WKST=MO', 'Weekly on Tuesday and Thursday', '1', 'en_us', '2016-04-21 04:37:01', '2016-04-21 04:37:01', 'a7ec3c5c-ae62-42a7-b1f9-5369779119ac'),
 ('910', '51', '2018-01-23 01:00:00', '2018-01-23 04:00:00', NULL, '1', 'FREQ=WEEKLY;DSTART=20160420T000000Z;BYDAY=TU,TH;WKST=MO', 'Weekly on Tuesday and Thursday', '1', 'en_us', '2016-04-21 04:37:01', '2016-04-21 04:37:01', '99537f0a-2629-4ae6-8cda-026e0ceda845'),
 ('911', '51', '2018-01-25 01:00:00', '2018-01-25 04:00:00', NULL, '1', 'FREQ=WEEKLY;DSTART=20160420T000000Z;BYDAY=TU,TH;WKST=MO', 'Weekly on Tuesday and Thursday', '1', 'en_us', '2016-04-21 04:37:01', '2016-04-21 04:37:01', '93f83071-cd90-46df-976d-ee6afe15b322'),
 ('912', '51', '2018-01-30 01:00:00', '2018-01-30 04:00:00', NULL, '1', 'FREQ=WEEKLY;DSTART=20160420T000000Z;BYDAY=TU,TH;WKST=MO', 'Weekly on Tuesday and Thursday', '1', 'en_us', '2016-04-21 04:37:01', '2016-04-21 04:37:01', '02f9e5ec-5753-4da8-b3a1-8d6d7c1c496d'),
 ('913', '51', '2018-02-01 01:00:00', '2018-02-01 04:00:00', NULL, '1', 'FREQ=WEEKLY;DSTART=20160420T000000Z;BYDAY=TU,TH;WKST=MO', 'Weekly on Tuesday and Thursday', '1', 'en_us', '2016-04-21 04:37:01', '2016-04-21 04:37:01', 'c30abf01-5454-4e0b-9586-1ead877b0179'),
 ('914', '51', '2018-02-06 01:00:00', '2018-02-06 04:00:00', NULL, '1', 'FREQ=WEEKLY;DSTART=20160420T000000Z;BYDAY=TU,TH;WKST=MO', 'Weekly on Tuesday and Thursday', '1', 'en_us', '2016-04-21 04:37:01', '2016-04-21 04:37:01', 'b3e070c2-0042-45e5-b8a2-78adddb623d4'),
 ('915', '51', '2018-02-08 01:00:00', '2018-02-08 04:00:00', NULL, '1', 'FREQ=WEEKLY;DSTART=20160420T000000Z;BYDAY=TU,TH;WKST=MO', 'Weekly on Tuesday and Thursday', '1', 'en_us', '2016-04-21 04:37:01', '2016-04-21 04:37:01', 'ff1debb2-f916-41f6-bb91-c7491718ce89'),
 ('916', '51', '2018-02-13 01:00:00', '2018-02-13 04:00:00', NULL, '1', 'FREQ=WEEKLY;DSTART=20160420T000000Z;BYDAY=TU,TH;WKST=MO', 'Weekly on Tuesday and Thursday', '1', 'en_us', '2016-04-21 04:37:01', '2016-04-21 04:37:01', '8fbbea88-5fae-4f06-8c72-1ce45784256b'),
 ('917', '51', '2018-02-15 01:00:00', '2018-02-15 04:00:00', NULL, '1', 'FREQ=WEEKLY;DSTART=20160420T000000Z;BYDAY=TU,TH;WKST=MO', 'Weekly on Tuesday and Thursday', '1', 'en_us', '2016-04-21 04:37:01', '2016-04-21 04:37:01', 'bc361e4d-e45b-440b-8baa-a2f4868640d4'),
 ('918', '51', '2018-02-20 01:00:00', '2018-02-20 04:00:00', NULL, '1', 'FREQ=WEEKLY;DSTART=20160420T000000Z;BYDAY=TU,TH;WKST=MO', 'Weekly on Tuesday and Thursday', '1', 'en_us', '2016-04-21 04:37:01', '2016-04-21 04:37:01', '04b0baac-4805-4336-ae38-0a18afc7dcf9'),
 ('919', '51', '2018-02-22 01:00:00', '2018-02-22 04:00:00', NULL, '1', 'FREQ=WEEKLY;DSTART=20160420T000000Z;BYDAY=TU,TH;WKST=MO', 'Weekly on Tuesday and Thursday', '1', 'en_us', '2016-04-21 04:37:01', '2016-04-21 04:37:01', '4c8f795c-5c20-44b1-a096-48365cfc3224'),
 ('920', '51', '2018-02-27 01:00:00', '2018-02-27 04:00:00', NULL, '1', 'FREQ=WEEKLY;DSTART=20160420T000000Z;BYDAY=TU,TH;WKST=MO', 'Weekly on Tuesday and Thursday', '1', 'en_us', '2016-04-21 04:37:01', '2016-04-21 04:37:01', '0f7cac69-2566-41bb-9bf6-6b37e57e4117'),
 ('921', '51', '2018-03-01 01:00:00', '2018-03-01 04:00:00', NULL, '1', 'FREQ=WEEKLY;DSTART=20160420T000000Z;BYDAY=TU,TH;WKST=MO', 'Weekly on Tuesday and Thursday', '1', 'en_us', '2016-04-21 04:37:01', '2016-04-21 04:37:01', '3bb3bf6c-45d9-4ce8-b4a1-dc5e0c95e1d1'),
 ('922', '51', '2018-03-06 01:00:00', '2018-03-06 04:00:00', NULL, '1', 'FREQ=WEEKLY;DSTART=20160420T000000Z;BYDAY=TU,TH;WKST=MO', 'Weekly on Tuesday and Thursday', '1', 'en_us', '2016-04-21 04:37:01', '2016-04-21 04:37:01', 'b9195b5a-c014-4b73-b1c2-4d7ef22e6f18'),
 ('923', '51', '2018-03-08 01:00:00', '2018-03-08 04:00:00', NULL, '1', 'FREQ=WEEKLY;DSTART=20160420T000000Z;BYDAY=TU,TH;WKST=MO', 'Weekly on Tuesday and Thursday', '1', 'en_us', '2016-04-21 04:37:01', '2016-04-21 04:37:01', 'df576c34-5822-4fb1-a52e-25d5958325ec'),
 ('924', '51', '2018-03-13 01:00:00', '2018-03-13 04:00:00', NULL, '1', 'FREQ=WEEKLY;DSTART=20160420T000000Z;BYDAY=TU,TH;WKST=MO', 'Weekly on Tuesday and Thursday', '1', 'en_us', '2016-04-21 04:37:01', '2016-04-21 04:37:01', '68a3f1aa-83e6-419a-9145-c6ea2ca04431'),
 ('925', '51', '2018-03-15 01:00:00', '2018-03-15 04:00:00', NULL, '1', 'FREQ=WEEKLY;DSTART=20160420T000000Z;BYDAY=TU,TH;WKST=MO', 'Weekly on Tuesday and Thursday', '1', 'en_us', '2016-04-21 04:37:01', '2016-04-21 04:37:01', 'e0604e42-8d7a-4698-a0e8-2ab657c9bcc4'),
 ('926', '51', '2018-03-20 01:00:00', '2018-03-20 04:00:00', NULL, '1', 'FREQ=WEEKLY;DSTART=20160420T000000Z;BYDAY=TU,TH;WKST=MO', 'Weekly on Tuesday and Thursday', '1', 'en_us', '2016-04-21 04:37:01', '2016-04-21 04:37:01', '3323927c-c480-479a-b408-e670a1f80a0b'),
 ('927', '51', '2018-03-22 01:00:00', '2018-03-22 04:00:00', NULL, '1', 'FREQ=WEEKLY;DSTART=20160420T000000Z;BYDAY=TU,TH;WKST=MO', 'Weekly on Tuesday and Thursday', '1', 'en_us', '2016-04-21 04:37:01', '2016-04-21 04:37:01', 'eb1d497b-06fc-4d90-8dbb-900d52375cdc');
INSERT INTO `craft_venti_events` (`eid`, `eventid`, `startDate`, `endDate`, `allDay`, `repeat`, `rRule`, `summary`, `isrepeat`, `locale`, `dateCreated`, `dateUpdated`, `uid`) VALUES
 ('928', '51', '2018-03-27 01:00:00', '2018-03-27 04:00:00', NULL, '1', 'FREQ=WEEKLY;DSTART=20160420T000000Z;BYDAY=TU,TH;WKST=MO', 'Weekly on Tuesday and Thursday', '1', 'en_us', '2016-04-21 04:37:01', '2016-04-21 04:37:01', '9107d901-c6b2-41e7-afac-a967740caa70'),
 ('929', '51', '2018-03-29 01:00:00', '2018-03-29 04:00:00', NULL, '1', 'FREQ=WEEKLY;DSTART=20160420T000000Z;BYDAY=TU,TH;WKST=MO', 'Weekly on Tuesday and Thursday', '1', 'en_us', '2016-04-21 04:37:01', '2016-04-21 04:37:01', 'd7928ad9-3b88-44ba-be0e-a12b8be81085'),
 ('930', '51', '2018-04-03 01:00:00', '2018-04-03 04:00:00', NULL, '1', 'FREQ=WEEKLY;DSTART=20160420T000000Z;BYDAY=TU,TH;WKST=MO', 'Weekly on Tuesday and Thursday', '1', 'en_us', '2016-04-21 04:37:01', '2016-04-21 04:37:01', 'b677d46b-dae0-4836-89c0-3739be9e242f'),
 ('931', '51', '2018-04-05 01:00:00', '2018-04-05 04:00:00', NULL, '1', 'FREQ=WEEKLY;DSTART=20160420T000000Z;BYDAY=TU,TH;WKST=MO', 'Weekly on Tuesday and Thursday', '1', 'en_us', '2016-04-21 04:37:01', '2016-04-21 04:37:01', 'ea3b3d29-191d-4922-b1c8-c4a9e9b7ab7d'),
 ('932', '51', '2018-04-10 01:00:00', '2018-04-10 04:00:00', NULL, '1', 'FREQ=WEEKLY;DSTART=20160420T000000Z;BYDAY=TU,TH;WKST=MO', 'Weekly on Tuesday and Thursday', '1', 'en_us', '2016-04-21 04:37:01', '2016-04-21 04:37:01', 'f6aa604b-08b2-4b9a-b61f-7a2e9853860e'),
 ('933', '51', '2018-04-12 01:00:00', '2018-04-12 04:00:00', NULL, '1', 'FREQ=WEEKLY;DSTART=20160420T000000Z;BYDAY=TU,TH;WKST=MO', 'Weekly on Tuesday and Thursday', '1', 'en_us', '2016-04-21 04:37:01', '2016-04-21 04:37:01', '4f8468dc-1401-4d23-8c57-79d101aeae3a'),
 ('934', '51', '2018-04-17 01:00:00', '2018-04-17 04:00:00', NULL, '1', 'FREQ=WEEKLY;DSTART=20160420T000000Z;BYDAY=TU,TH;WKST=MO', 'Weekly on Tuesday and Thursday', '1', 'en_us', '2016-04-21 04:37:01', '2016-04-21 04:37:01', '0d29bbd7-b1aa-466e-94fe-ac6ec034e176'),
 ('935', '51', '2018-04-19 01:00:00', '2018-04-19 04:00:00', NULL, '1', 'FREQ=WEEKLY;DSTART=20160420T000000Z;BYDAY=TU,TH;WKST=MO', 'Weekly on Tuesday and Thursday', '1', 'en_us', '2016-04-21 04:37:01', '2016-04-21 04:37:01', '5532ece6-ce20-43f9-9399-0c968af3e5dc'),
 ('936', '51', '2018-04-24 01:00:00', '2018-04-24 04:00:00', NULL, '1', 'FREQ=WEEKLY;DSTART=20160420T000000Z;BYDAY=TU,TH;WKST=MO', 'Weekly on Tuesday and Thursday', '1', 'en_us', '2016-04-21 04:37:01', '2016-04-21 04:37:01', '23ebca2d-1d6b-4a47-a050-c57c2a52169a'),
 ('937', '51', '2018-04-26 01:00:00', '2018-04-26 04:00:00', NULL, '1', 'FREQ=WEEKLY;DSTART=20160420T000000Z;BYDAY=TU,TH;WKST=MO', 'Weekly on Tuesday and Thursday', '1', 'en_us', '2016-04-21 04:37:01', '2016-04-21 04:37:01', '52b48768-f8ff-4aff-9bb5-20f1b9163007'),
 ('938', '51', '2018-05-01 01:00:00', '2018-05-01 04:00:00', NULL, '1', 'FREQ=WEEKLY;DSTART=20160420T000000Z;BYDAY=TU,TH;WKST=MO', 'Weekly on Tuesday and Thursday', '1', 'en_us', '2016-04-21 04:37:01', '2016-04-21 04:37:01', '339c7914-547c-49b2-9376-35872e8df6e1'),
 ('939', '51', '2018-05-03 01:00:00', '2018-05-03 04:00:00', NULL, '1', 'FREQ=WEEKLY;DSTART=20160420T000000Z;BYDAY=TU,TH;WKST=MO', 'Weekly on Tuesday and Thursday', '1', 'en_us', '2016-04-21 04:37:01', '2016-04-21 04:37:01', '059320e5-e5dc-4453-9b86-cebc0d6e1a07'),
 ('940', '51', '2018-05-08 01:00:00', '2018-05-08 04:00:00', NULL, '1', 'FREQ=WEEKLY;DSTART=20160420T000000Z;BYDAY=TU,TH;WKST=MO', 'Weekly on Tuesday and Thursday', '1', 'en_us', '2016-04-21 04:37:01', '2016-04-21 04:37:01', '411a3ad5-b99b-428f-9461-86a26fed2acd'),
 ('941', '51', '2018-05-10 01:00:00', '2018-05-10 04:00:00', NULL, '1', 'FREQ=WEEKLY;DSTART=20160420T000000Z;BYDAY=TU,TH;WKST=MO', 'Weekly on Tuesday and Thursday', '1', 'en_us', '2016-04-21 04:37:01', '2016-04-21 04:37:01', 'f0ee344f-1505-4896-bd61-157f135fd503'),
 ('942', '51', '2018-05-15 01:00:00', '2018-05-15 04:00:00', NULL, '1', 'FREQ=WEEKLY;DSTART=20160420T000000Z;BYDAY=TU,TH;WKST=MO', 'Weekly on Tuesday and Thursday', '1', 'en_us', '2016-04-21 04:37:01', '2016-04-21 04:37:01', '9320bae5-ba19-4114-b565-4ac6159858f5'),
 ('943', '51', '2018-05-17 01:00:00', '2018-05-17 04:00:00', NULL, '1', 'FREQ=WEEKLY;DSTART=20160420T000000Z;BYDAY=TU,TH;WKST=MO', 'Weekly on Tuesday and Thursday', '1', 'en_us', '2016-04-21 04:37:01', '2016-04-21 04:37:01', 'cc613428-7a2e-4715-a4a5-9be4d57bbf2e'),
 ('944', '51', '2018-05-22 01:00:00', '2018-05-22 04:00:00', NULL, '1', 'FREQ=WEEKLY;DSTART=20160420T000000Z;BYDAY=TU,TH;WKST=MO', 'Weekly on Tuesday and Thursday', '1', 'en_us', '2016-04-21 04:37:01', '2016-04-21 04:37:01', '7c50835f-ca45-4c92-8548-ded6f207094a'),
 ('945', '51', '2018-05-24 01:00:00', '2018-05-24 04:00:00', NULL, '1', 'FREQ=WEEKLY;DSTART=20160420T000000Z;BYDAY=TU,TH;WKST=MO', 'Weekly on Tuesday and Thursday', '1', 'en_us', '2016-04-21 04:37:01', '2016-04-21 04:37:01', 'f2b61b4f-5c65-43e1-b425-e7866b9b058c'),
 ('946', '51', '2018-05-29 01:00:00', '2018-05-29 04:00:00', NULL, '1', 'FREQ=WEEKLY;DSTART=20160420T000000Z;BYDAY=TU,TH;WKST=MO', 'Weekly on Tuesday and Thursday', '1', 'en_us', '2016-04-21 04:37:01', '2016-04-21 04:37:01', '813fe251-93dd-4dbb-8a55-5fa2a40bbc2e'),
 ('947', '51', '2018-05-31 01:00:00', '2018-05-31 04:00:00', NULL, '1', 'FREQ=WEEKLY;DSTART=20160420T000000Z;BYDAY=TU,TH;WKST=MO', 'Weekly on Tuesday and Thursday', '1', 'en_us', '2016-04-21 04:37:01', '2016-04-21 04:37:01', 'ef717753-3f2d-47c5-8109-5e934be1bf1d'),
 ('948', '51', '2018-06-05 01:00:00', '2018-06-05 04:00:00', NULL, '1', 'FREQ=WEEKLY;DSTART=20160420T000000Z;BYDAY=TU,TH;WKST=MO', 'Weekly on Tuesday and Thursday', '1', 'en_us', '2016-04-21 04:37:01', '2016-04-21 04:37:01', 'f830b623-a45d-4b13-8d69-d7f877a918bb'),
 ('949', '51', '2018-06-07 01:00:00', '2018-06-07 04:00:00', NULL, '1', 'FREQ=WEEKLY;DSTART=20160420T000000Z;BYDAY=TU,TH;WKST=MO', 'Weekly on Tuesday and Thursday', '1', 'en_us', '2016-04-21 04:37:01', '2016-04-21 04:37:01', '349eaa4a-8785-4f51-842e-3a6dca59f145'),
 ('950', '51', '2018-06-12 01:00:00', '2018-06-12 04:00:00', NULL, '1', 'FREQ=WEEKLY;DSTART=20160420T000000Z;BYDAY=TU,TH;WKST=MO', 'Weekly on Tuesday and Thursday', '1', 'en_us', '2016-04-21 04:37:01', '2016-04-21 04:37:01', '6b062e3d-fb0d-4db2-b3a6-c24901edc5c0'),
 ('951', '51', '2018-06-14 01:00:00', '2018-06-14 04:00:00', NULL, '1', 'FREQ=WEEKLY;DSTART=20160420T000000Z;BYDAY=TU,TH;WKST=MO', 'Weekly on Tuesday and Thursday', '1', 'en_us', '2016-04-21 04:37:01', '2016-04-21 04:37:01', '19363f8c-9718-4bef-8bb3-0c5e8944c97c'),
 ('952', '51', '2018-06-19 01:00:00', '2018-06-19 04:00:00', NULL, '1', 'FREQ=WEEKLY;DSTART=20160420T000000Z;BYDAY=TU,TH;WKST=MO', 'Weekly on Tuesday and Thursday', '1', 'en_us', '2016-04-21 04:37:01', '2016-04-21 04:37:01', 'd0c7b7f4-9769-411d-8449-8e9de57f7918'),
 ('953', '51', '2018-06-21 01:00:00', '2018-06-21 04:00:00', NULL, '1', 'FREQ=WEEKLY;DSTART=20160420T000000Z;BYDAY=TU,TH;WKST=MO', 'Weekly on Tuesday and Thursday', '1', 'en_us', '2016-04-21 04:37:01', '2016-04-21 04:37:01', '61dd96a5-3449-4264-bbe0-7937ca3a6aea'),
 ('954', '51', '2018-06-26 01:00:00', '2018-06-26 04:00:00', NULL, '1', 'FREQ=WEEKLY;DSTART=20160420T000000Z;BYDAY=TU,TH;WKST=MO', 'Weekly on Tuesday and Thursday', '1', 'en_us', '2016-04-21 04:37:01', '2016-04-21 04:37:01', '3547e156-1a49-48dd-b4cb-5179bd5a4db9'),
 ('955', '51', '2018-06-28 01:00:00', '2018-06-28 04:00:00', NULL, '1', 'FREQ=WEEKLY;DSTART=20160420T000000Z;BYDAY=TU,TH;WKST=MO', 'Weekly on Tuesday and Thursday', '1', 'en_us', '2016-04-21 04:37:01', '2016-04-21 04:37:01', 'c98fed04-6de1-46dc-bf47-f592a2adec7e'),
 ('956', '51', '2018-07-03 01:00:00', '2018-07-03 04:00:00', NULL, '1', 'FREQ=WEEKLY;DSTART=20160420T000000Z;BYDAY=TU,TH;WKST=MO', 'Weekly on Tuesday and Thursday', '1', 'en_us', '2016-04-21 04:37:01', '2016-04-21 04:37:01', 'cd1d55fd-8ff2-4841-90da-e78c6e60db92'),
 ('957', '51', '2018-07-05 01:00:00', '2018-07-05 04:00:00', NULL, '1', 'FREQ=WEEKLY;DSTART=20160420T000000Z;BYDAY=TU,TH;WKST=MO', 'Weekly on Tuesday and Thursday', '1', 'en_us', '2016-04-21 04:37:01', '2016-04-21 04:37:01', 'a574b6e4-4629-442d-bdd8-15414bc49180'),
 ('958', '51', '2018-07-10 01:00:00', '2018-07-10 04:00:00', NULL, '1', 'FREQ=WEEKLY;DSTART=20160420T000000Z;BYDAY=TU,TH;WKST=MO', 'Weekly on Tuesday and Thursday', '1', 'en_us', '2016-04-21 04:37:01', '2016-04-21 04:37:01', '58f5d04a-1d10-497d-b92d-b7bda9c4668b'),
 ('959', '51', '2018-07-12 01:00:00', '2018-07-12 04:00:00', NULL, '1', 'FREQ=WEEKLY;DSTART=20160420T000000Z;BYDAY=TU,TH;WKST=MO', 'Weekly on Tuesday and Thursday', '1', 'en_us', '2016-04-21 04:37:01', '2016-04-21 04:37:01', '3a04e863-687e-4eae-bf45-1b71b7da58dc'),
 ('960', '51', '2018-07-17 01:00:00', '2018-07-17 04:00:00', NULL, '1', 'FREQ=WEEKLY;DSTART=20160420T000000Z;BYDAY=TU,TH;WKST=MO', 'Weekly on Tuesday and Thursday', '1', 'en_us', '2016-04-21 04:37:01', '2016-04-21 04:37:01', '083f152d-64fb-4cfc-bf76-d505354fc2ec'),
 ('961', '51', '2018-07-19 01:00:00', '2018-07-19 04:00:00', NULL, '1', 'FREQ=WEEKLY;DSTART=20160420T000000Z;BYDAY=TU,TH;WKST=MO', 'Weekly on Tuesday and Thursday', '1', 'en_us', '2016-04-21 04:37:01', '2016-04-21 04:37:01', 'e66bcddb-cacf-47a6-b2d2-db6edbb092ad'),
 ('962', '51', '2018-07-24 01:00:00', '2018-07-24 04:00:00', NULL, '1', 'FREQ=WEEKLY;DSTART=20160420T000000Z;BYDAY=TU,TH;WKST=MO', 'Weekly on Tuesday and Thursday', '1', 'en_us', '2016-04-21 04:37:01', '2016-04-21 04:37:01', '410d4a5a-b040-4ea1-8cb4-054067d73361'),
 ('963', '51', '2018-07-26 01:00:00', '2018-07-26 04:00:00', NULL, '1', 'FREQ=WEEKLY;DSTART=20160420T000000Z;BYDAY=TU,TH;WKST=MO', 'Weekly on Tuesday and Thursday', '1', 'en_us', '2016-04-21 04:37:01', '2016-04-21 04:37:01', 'b5fbda0f-48ce-4ec3-95d8-0315d6aec7af'),
 ('964', '51', '2018-07-31 01:00:00', '2018-07-31 04:00:00', NULL, '1', 'FREQ=WEEKLY;DSTART=20160420T000000Z;BYDAY=TU,TH;WKST=MO', 'Weekly on Tuesday and Thursday', '1', 'en_us', '2016-04-21 04:37:01', '2016-04-21 04:37:01', 'b7ae036b-0ac1-4c3a-b85a-71da1b32bfc2'),
 ('965', '51', '2018-08-02 01:00:00', '2018-08-02 04:00:00', NULL, '1', 'FREQ=WEEKLY;DSTART=20160420T000000Z;BYDAY=TU,TH;WKST=MO', 'Weekly on Tuesday and Thursday', '1', 'en_us', '2016-04-21 04:37:01', '2016-04-21 04:37:01', 'ad213e1b-78ef-47ed-b369-55e80255eb64'),
 ('966', '51', '2018-08-07 01:00:00', '2018-08-07 04:00:00', NULL, '1', 'FREQ=WEEKLY;DSTART=20160420T000000Z;BYDAY=TU,TH;WKST=MO', 'Weekly on Tuesday and Thursday', '1', 'en_us', '2016-04-21 04:37:01', '2016-04-21 04:37:01', 'cb13777a-43a8-4ebf-a062-c989189d1b72'),
 ('967', '51', '2018-08-09 01:00:00', '2018-08-09 04:00:00', NULL, '1', 'FREQ=WEEKLY;DSTART=20160420T000000Z;BYDAY=TU,TH;WKST=MO', 'Weekly on Tuesday and Thursday', '1', 'en_us', '2016-04-21 04:37:01', '2016-04-21 04:37:01', '88aca85e-2a14-4ddf-a169-f80738f12fb6'),
 ('968', '51', '2018-08-14 01:00:00', '2018-08-14 04:00:00', NULL, '1', 'FREQ=WEEKLY;DSTART=20160420T000000Z;BYDAY=TU,TH;WKST=MO', 'Weekly on Tuesday and Thursday', '1', 'en_us', '2016-04-21 04:37:01', '2016-04-21 04:37:01', '5eaadecb-d665-446c-876a-928779f1a53c'),
 ('969', '51', '2018-08-16 01:00:00', '2018-08-16 04:00:00', NULL, '1', 'FREQ=WEEKLY;DSTART=20160420T000000Z;BYDAY=TU,TH;WKST=MO', 'Weekly on Tuesday and Thursday', '1', 'en_us', '2016-04-21 04:37:01', '2016-04-21 04:37:01', 'ad3d6632-2667-4a5f-ad44-4390da63e032'),
 ('970', '51', '2018-08-21 01:00:00', '2018-08-21 04:00:00', NULL, '1', 'FREQ=WEEKLY;DSTART=20160420T000000Z;BYDAY=TU,TH;WKST=MO', 'Weekly on Tuesday and Thursday', '1', 'en_us', '2016-04-21 04:37:01', '2016-04-21 04:37:01', 'c79f2d1f-737c-4a39-9161-e94fd04aa3f6'),
 ('971', '51', '2018-08-23 01:00:00', '2018-08-23 04:00:00', NULL, '1', 'FREQ=WEEKLY;DSTART=20160420T000000Z;BYDAY=TU,TH;WKST=MO', 'Weekly on Tuesday and Thursday', '1', 'en_us', '2016-04-21 04:37:01', '2016-04-21 04:37:01', 'f4716c4e-9eb7-4d31-a0db-285fcad16344'),
 ('972', '51', '2018-08-28 01:00:00', '2018-08-28 04:00:00', NULL, '1', 'FREQ=WEEKLY;DSTART=20160420T000000Z;BYDAY=TU,TH;WKST=MO', 'Weekly on Tuesday and Thursday', '1', 'en_us', '2016-04-21 04:37:01', '2016-04-21 04:37:01', '9e5c9c02-de35-4b5a-95fa-007242646d94'),
 ('973', '51', '2018-08-30 01:00:00', '2018-08-30 04:00:00', NULL, '1', 'FREQ=WEEKLY;DSTART=20160420T000000Z;BYDAY=TU,TH;WKST=MO', 'Weekly on Tuesday and Thursday', '1', 'en_us', '2016-04-21 04:37:01', '2016-04-21 04:37:01', '0bd726f7-089e-4b18-9130-4345fe8c515b'),
 ('974', '51', '2018-09-04 01:00:00', '2018-09-04 04:00:00', NULL, '1', 'FREQ=WEEKLY;DSTART=20160420T000000Z;BYDAY=TU,TH;WKST=MO', 'Weekly on Tuesday and Thursday', '1', 'en_us', '2016-04-21 04:37:01', '2016-04-21 04:37:01', '09e05586-9d45-4586-a0b1-99767146b92f'),
 ('975', '51', '2018-09-06 01:00:00', '2018-09-06 04:00:00', NULL, '1', 'FREQ=WEEKLY;DSTART=20160420T000000Z;BYDAY=TU,TH;WKST=MO', 'Weekly on Tuesday and Thursday', '1', 'en_us', '2016-04-21 04:37:01', '2016-04-21 04:37:01', '1a079dbb-3bcc-4a63-bb60-971a40faa347'),
 ('976', '51', '2018-09-11 01:00:00', '2018-09-11 04:00:00', NULL, '1', 'FREQ=WEEKLY;DSTART=20160420T000000Z;BYDAY=TU,TH;WKST=MO', 'Weekly on Tuesday and Thursday', '1', 'en_us', '2016-04-21 04:37:01', '2016-04-21 04:37:01', '353500c3-bdd2-43f7-bc69-f90806cabfdd'),
 ('977', '51', '2018-09-13 01:00:00', '2018-09-13 04:00:00', NULL, '1', 'FREQ=WEEKLY;DSTART=20160420T000000Z;BYDAY=TU,TH;WKST=MO', 'Weekly on Tuesday and Thursday', '1', 'en_us', '2016-04-21 04:37:01', '2016-04-21 04:37:01', '2bde084b-b824-4a4a-8f00-53f7766937b2'),
 ('978', '51', '2018-09-18 01:00:00', '2018-09-18 04:00:00', NULL, '1', 'FREQ=WEEKLY;DSTART=20160420T000000Z;BYDAY=TU,TH;WKST=MO', 'Weekly on Tuesday and Thursday', '1', 'en_us', '2016-04-21 04:37:01', '2016-04-21 04:37:01', '41e34359-4a0b-4c23-a90a-e478d06f3095'),
 ('979', '51', '2018-09-20 01:00:00', '2018-09-20 04:00:00', NULL, '1', 'FREQ=WEEKLY;DSTART=20160420T000000Z;BYDAY=TU,TH;WKST=MO', 'Weekly on Tuesday and Thursday', '1', 'en_us', '2016-04-21 04:37:01', '2016-04-21 04:37:01', 'c06e84e9-c27f-4df0-8525-bbe2cc236e39'),
 ('980', '51', '2018-09-25 01:00:00', '2018-09-25 04:00:00', NULL, '1', 'FREQ=WEEKLY;DSTART=20160420T000000Z;BYDAY=TU,TH;WKST=MO', 'Weekly on Tuesday and Thursday', '1', 'en_us', '2016-04-21 04:37:01', '2016-04-21 04:37:01', '63cfb9f1-cbd8-493b-9e09-eaecc4c1287c'),
 ('981', '51', '2018-09-27 01:00:00', '2018-09-27 04:00:00', NULL, '1', 'FREQ=WEEKLY;DSTART=20160420T000000Z;BYDAY=TU,TH;WKST=MO', 'Weekly on Tuesday and Thursday', '1', 'en_us', '2016-04-21 04:37:01', '2016-04-21 04:37:01', '34fd1aa5-49d3-42c1-a065-35a824006b5f'),
 ('982', '51', '2018-10-02 01:00:00', '2018-10-02 04:00:00', NULL, '1', 'FREQ=WEEKLY;DSTART=20160420T000000Z;BYDAY=TU,TH;WKST=MO', 'Weekly on Tuesday and Thursday', '1', 'en_us', '2016-04-21 04:37:01', '2016-04-21 04:37:01', '2bdfb4cd-1b4c-4f3c-bd15-b700438adee1'),
 ('983', '51', '2018-10-04 01:00:00', '2018-10-04 04:00:00', NULL, '1', 'FREQ=WEEKLY;DSTART=20160420T000000Z;BYDAY=TU,TH;WKST=MO', 'Weekly on Tuesday and Thursday', '1', 'en_us', '2016-04-21 04:37:01', '2016-04-21 04:37:01', 'c76b2c19-d47a-47e6-895d-d0e87b3d800f'),
 ('984', '51', '2018-10-09 01:00:00', '2018-10-09 04:00:00', NULL, '1', 'FREQ=WEEKLY;DSTART=20160420T000000Z;BYDAY=TU,TH;WKST=MO', 'Weekly on Tuesday and Thursday', '1', 'en_us', '2016-04-21 04:37:01', '2016-04-21 04:37:01', '148ddfdd-c527-4721-b2a9-edf18515dd6a'),
 ('985', '51', '2018-10-11 01:00:00', '2018-10-11 04:00:00', NULL, '1', 'FREQ=WEEKLY;DSTART=20160420T000000Z;BYDAY=TU,TH;WKST=MO', 'Weekly on Tuesday and Thursday', '1', 'en_us', '2016-04-21 04:37:01', '2016-04-21 04:37:01', '92908854-443c-4841-ad7b-15e361945dec'),
 ('986', '51', '2018-10-16 01:00:00', '2018-10-16 04:00:00', NULL, '1', 'FREQ=WEEKLY;DSTART=20160420T000000Z;BYDAY=TU,TH;WKST=MO', 'Weekly on Tuesday and Thursday', '1', 'en_us', '2016-04-21 04:37:01', '2016-04-21 04:37:01', '484826c0-d4f9-47d6-b186-13f1cf291874'),
 ('987', '51', '2018-10-18 01:00:00', '2018-10-18 04:00:00', NULL, '1', 'FREQ=WEEKLY;DSTART=20160420T000000Z;BYDAY=TU,TH;WKST=MO', 'Weekly on Tuesday and Thursday', '1', 'en_us', '2016-04-21 04:37:01', '2016-04-21 04:37:01', 'd277a304-6729-4269-a3a3-9511f87b96b7'),
 ('988', '51', '2018-10-23 01:00:00', '2018-10-23 04:00:00', NULL, '1', 'FREQ=WEEKLY;DSTART=20160420T000000Z;BYDAY=TU,TH;WKST=MO', 'Weekly on Tuesday and Thursday', '1', 'en_us', '2016-04-21 04:37:01', '2016-04-21 04:37:01', 'ab7760d3-ff37-44f7-af42-5249037878d6'),
 ('989', '51', '2018-10-25 01:00:00', '2018-10-25 04:00:00', NULL, '1', 'FREQ=WEEKLY;DSTART=20160420T000000Z;BYDAY=TU,TH;WKST=MO', 'Weekly on Tuesday and Thursday', '1', 'en_us', '2016-04-21 04:37:01', '2016-04-21 04:37:01', 'bc55be39-dfe3-4ade-9829-02d61d251a58'),
 ('990', '51', '2018-10-30 01:00:00', '2018-10-30 04:00:00', NULL, '1', 'FREQ=WEEKLY;DSTART=20160420T000000Z;BYDAY=TU,TH;WKST=MO', 'Weekly on Tuesday and Thursday', '1', 'en_us', '2016-04-21 04:37:01', '2016-04-21 04:37:01', 'b4c97ad7-3ecf-450a-9ab5-4a9e54fcd9e4'),
 ('991', '51', '2018-11-01 01:00:00', '2018-11-01 04:00:00', NULL, '1', 'FREQ=WEEKLY;DSTART=20160420T000000Z;BYDAY=TU,TH;WKST=MO', 'Weekly on Tuesday and Thursday', '1', 'en_us', '2016-04-21 04:37:01', '2016-04-21 04:37:01', '8d545aa6-7585-42ae-b1cf-4538d705d7a7'),
 ('992', '51', '2018-11-06 01:00:00', '2018-11-06 04:00:00', NULL, '1', 'FREQ=WEEKLY;DSTART=20160420T000000Z;BYDAY=TU,TH;WKST=MO', 'Weekly on Tuesday and Thursday', '1', 'en_us', '2016-04-21 04:37:01', '2016-04-21 04:37:01', 'aeead488-e5df-4bb8-abc4-7bb5b3d44383'),
 ('993', '51', '2018-11-08 01:00:00', '2018-11-08 04:00:00', NULL, '1', 'FREQ=WEEKLY;DSTART=20160420T000000Z;BYDAY=TU,TH;WKST=MO', 'Weekly on Tuesday and Thursday', '1', 'en_us', '2016-04-21 04:37:01', '2016-04-21 04:37:01', '4cc38887-cd6b-4ce0-ae17-602471cc72d5'),
 ('994', '51', '2018-11-13 01:00:00', '2018-11-13 04:00:00', NULL, '1', 'FREQ=WEEKLY;DSTART=20160420T000000Z;BYDAY=TU,TH;WKST=MO', 'Weekly on Tuesday and Thursday', '1', 'en_us', '2016-04-21 04:37:01', '2016-04-21 04:37:01', '335dd315-8011-4213-b908-8999f71abb22'),
 ('995', '51', '2018-11-15 01:00:00', '2018-11-15 04:00:00', NULL, '1', 'FREQ=WEEKLY;DSTART=20160420T000000Z;BYDAY=TU,TH;WKST=MO', 'Weekly on Tuesday and Thursday', '1', 'en_us', '2016-04-21 04:37:01', '2016-04-21 04:37:01', '34c63856-056c-41bf-af51-14dc8259cf91'),
 ('996', '51', '2018-11-20 01:00:00', '2018-11-20 04:00:00', NULL, '1', 'FREQ=WEEKLY;DSTART=20160420T000000Z;BYDAY=TU,TH;WKST=MO', 'Weekly on Tuesday and Thursday', '1', 'en_us', '2016-04-21 04:37:01', '2016-04-21 04:37:01', '5e7b4345-f510-4f5a-b3a9-c042835a2299'),
 ('997', '51', '2018-11-22 01:00:00', '2018-11-22 04:00:00', NULL, '1', 'FREQ=WEEKLY;DSTART=20160420T000000Z;BYDAY=TU,TH;WKST=MO', 'Weekly on Tuesday and Thursday', '1', 'en_us', '2016-04-21 04:37:01', '2016-04-21 04:37:01', 'd428dc33-e7c3-47c8-8ae7-07d099cf6900'),
 ('998', '51', '2018-11-27 01:00:00', '2018-11-27 04:00:00', NULL, '1', 'FREQ=WEEKLY;DSTART=20160420T000000Z;BYDAY=TU,TH;WKST=MO', 'Weekly on Tuesday and Thursday', '1', 'en_us', '2016-04-21 04:37:01', '2016-04-21 04:37:01', 'a7b2a9b0-28dd-4b0c-b6d1-ea1ae61c6963'),
 ('999', '51', '2018-11-29 01:00:00', '2018-11-29 04:00:00', NULL, '1', 'FREQ=WEEKLY;DSTART=20160420T000000Z;BYDAY=TU,TH;WKST=MO', 'Weekly on Tuesday and Thursday', '1', 'en_us', '2016-04-21 04:37:01', '2016-04-21 04:37:01', '76b4d3fc-b688-4bee-b040-5498641a3c69'),
 ('1000', '51', '2018-12-04 01:00:00', '2018-12-04 04:00:00', NULL, '1', 'FREQ=WEEKLY;DSTART=20160420T000000Z;BYDAY=TU,TH;WKST=MO', 'Weekly on Tuesday and Thursday', '1', 'en_us', '2016-04-21 04:37:01', '2016-04-21 04:37:01', '6b2566b0-5730-4601-8b47-e0c6b8699c92'),
 ('1001', '51', '2018-12-06 01:00:00', '2018-12-06 04:00:00', NULL, '1', 'FREQ=WEEKLY;DSTART=20160420T000000Z;BYDAY=TU,TH;WKST=MO', 'Weekly on Tuesday and Thursday', '1', 'en_us', '2016-04-21 04:37:01', '2016-04-21 04:37:01', 'bdbaf823-e004-445a-aa12-5e29b7389ab6'),
 ('1002', '51', '2018-12-11 01:00:00', '2018-12-11 04:00:00', NULL, '1', 'FREQ=WEEKLY;DSTART=20160420T000000Z;BYDAY=TU,TH;WKST=MO', 'Weekly on Tuesday and Thursday', '1', 'en_us', '2016-04-21 04:37:01', '2016-04-21 04:37:01', 'b8581ddc-1482-4b28-a07d-713534df28dc'),
 ('1003', '51', '2018-12-13 01:00:00', '2018-12-13 04:00:00', NULL, '1', 'FREQ=WEEKLY;DSTART=20160420T000000Z;BYDAY=TU,TH;WKST=MO', 'Weekly on Tuesday and Thursday', '1', 'en_us', '2016-04-21 04:37:01', '2016-04-21 04:37:01', 'a42dea34-5755-49a5-aba7-27e30b321ff7'),
 ('1004', '51', '2018-12-18 01:00:00', '2018-12-18 04:00:00', NULL, '1', 'FREQ=WEEKLY;DSTART=20160420T000000Z;BYDAY=TU,TH;WKST=MO', 'Weekly on Tuesday and Thursday', '1', 'en_us', '2016-04-21 04:37:01', '2016-04-21 04:37:01', 'c5a3fe62-3eed-4368-8071-e676f3710e2b'),
 ('1005', '51', '2018-12-20 01:00:00', '2018-12-20 04:00:00', NULL, '1', 'FREQ=WEEKLY;DSTART=20160420T000000Z;BYDAY=TU,TH;WKST=MO', 'Weekly on Tuesday and Thursday', '1', 'en_us', '2016-04-21 04:37:01', '2016-04-21 04:37:01', '8928b45a-f7a8-4847-be5b-9ae252cf9ce0'),
 ('1006', '51', '2018-12-25 01:00:00', '2018-12-25 04:00:00', NULL, '1', 'FREQ=WEEKLY;DSTART=20160420T000000Z;BYDAY=TU,TH;WKST=MO', 'Weekly on Tuesday and Thursday', '1', 'en_us', '2016-04-21 04:37:01', '2016-04-21 04:37:01', 'ef0c2f1e-e4a3-4d4f-b8f6-d1105fb2b20e'),
 ('1007', '51', '2018-12-27 01:00:00', '2018-12-27 04:00:00', NULL, '1', 'FREQ=WEEKLY;DSTART=20160420T000000Z;BYDAY=TU,TH;WKST=MO', 'Weekly on Tuesday and Thursday', '1', 'en_us', '2016-04-21 04:37:01', '2016-04-21 04:37:01', '40b5cb88-71a1-49da-9ef8-b2c69db238dc'),
 ('1008', '51', '2019-01-01 01:00:00', '2019-01-01 04:00:00', NULL, '1', 'FREQ=WEEKLY;DSTART=20160420T000000Z;BYDAY=TU,TH;WKST=MO', 'Weekly on Tuesday and Thursday', '1', 'en_us', '2016-04-21 04:37:01', '2016-04-21 04:37:01', '8e45d523-ef58-4a35-8ed0-4531fb5356c5'),
 ('1009', '51', '2019-01-03 01:00:00', '2019-01-03 04:00:00', NULL, '1', 'FREQ=WEEKLY;DSTART=20160420T000000Z;BYDAY=TU,TH;WKST=MO', 'Weekly on Tuesday and Thursday', '1', 'en_us', '2016-04-21 04:37:01', '2016-04-21 04:37:01', '090c0dd9-b647-497f-bf71-aa21e1d8b32d'),
 ('1010', '51', '2019-01-08 01:00:00', '2019-01-08 04:00:00', NULL, '1', 'FREQ=WEEKLY;DSTART=20160420T000000Z;BYDAY=TU,TH;WKST=MO', 'Weekly on Tuesday and Thursday', '1', 'en_us', '2016-04-21 04:37:01', '2016-04-21 04:37:01', '8e7df12c-7879-4ab2-834e-f314df2f7759'),
 ('1011', '51', '2019-01-10 01:00:00', '2019-01-10 04:00:00', NULL, '1', 'FREQ=WEEKLY;DSTART=20160420T000000Z;BYDAY=TU,TH;WKST=MO', 'Weekly on Tuesday and Thursday', '1', 'en_us', '2016-04-21 04:37:01', '2016-04-21 04:37:01', '3c6b9141-484b-4e3f-b41c-c3eb131b9b37'),
 ('1012', '51', '2019-01-15 01:00:00', '2019-01-15 04:00:00', NULL, '1', 'FREQ=WEEKLY;DSTART=20160420T000000Z;BYDAY=TU,TH;WKST=MO', 'Weekly on Tuesday and Thursday', '1', 'en_us', '2016-04-21 04:37:01', '2016-04-21 04:37:01', 'e73d0a19-df7b-405c-b6da-e30219041058'),
 ('1013', '51', '2019-01-17 01:00:00', '2019-01-17 04:00:00', NULL, '1', 'FREQ=WEEKLY;DSTART=20160420T000000Z;BYDAY=TU,TH;WKST=MO', 'Weekly on Tuesday and Thursday', '1', 'en_us', '2016-04-21 04:37:01', '2016-04-21 04:37:01', '127ede3a-1b46-4308-902e-8060fbbafe7b'),
 ('1014', '51', '2019-01-22 01:00:00', '2019-01-22 04:00:00', NULL, '1', 'FREQ=WEEKLY;DSTART=20160420T000000Z;BYDAY=TU,TH;WKST=MO', 'Weekly on Tuesday and Thursday', '1', 'en_us', '2016-04-21 04:37:01', '2016-04-21 04:37:01', 'ea8bda01-29dd-4ff7-b251-dad3d2838e66'),
 ('1015', '51', '2019-01-24 01:00:00', '2019-01-24 04:00:00', NULL, '1', 'FREQ=WEEKLY;DSTART=20160420T000000Z;BYDAY=TU,TH;WKST=MO', 'Weekly on Tuesday and Thursday', '1', 'en_us', '2016-04-21 04:37:01', '2016-04-21 04:37:01', '3e67e560-c297-498f-a912-1b3b19b3be43'),
 ('1016', '51', '2019-01-29 01:00:00', '2019-01-29 04:00:00', NULL, '1', 'FREQ=WEEKLY;DSTART=20160420T000000Z;BYDAY=TU,TH;WKST=MO', 'Weekly on Tuesday and Thursday', '1', 'en_us', '2016-04-21 04:37:01', '2016-04-21 04:37:01', '41acafcf-c6b0-420b-9610-663191ee2c57'),
 ('1017', '51', '2019-01-31 01:00:00', '2019-01-31 04:00:00', NULL, '1', 'FREQ=WEEKLY;DSTART=20160420T000000Z;BYDAY=TU,TH;WKST=MO', 'Weekly on Tuesday and Thursday', '1', 'en_us', '2016-04-21 04:37:01', '2016-04-21 04:37:01', '890b1e26-11dc-4f58-b049-9f609c9c91f6'),
 ('1018', '51', '2019-02-05 01:00:00', '2019-02-05 04:00:00', NULL, '1', 'FREQ=WEEKLY;DSTART=20160420T000000Z;BYDAY=TU,TH;WKST=MO', 'Weekly on Tuesday and Thursday', '1', 'en_us', '2016-04-21 04:37:01', '2016-04-21 04:37:01', 'd4781900-179f-4b5f-bc39-c7ed6f9c3e99'),
 ('1019', '51', '2019-02-07 01:00:00', '2019-02-07 04:00:00', NULL, '1', 'FREQ=WEEKLY;DSTART=20160420T000000Z;BYDAY=TU,TH;WKST=MO', 'Weekly on Tuesday and Thursday', '1', 'en_us', '2016-04-21 04:37:01', '2016-04-21 04:37:01', 'dda369a2-16fd-4a40-8e45-ef9fed9ca397'),
 ('1020', '51', '2019-02-12 01:00:00', '2019-02-12 04:00:00', NULL, '1', 'FREQ=WEEKLY;DSTART=20160420T000000Z;BYDAY=TU,TH;WKST=MO', 'Weekly on Tuesday and Thursday', '1', 'en_us', '2016-04-21 04:37:01', '2016-04-21 04:37:01', '6a937d04-ecd5-4968-a422-b10583e3389f'),
 ('1021', '51', '2019-02-14 01:00:00', '2019-02-14 04:00:00', NULL, '1', 'FREQ=WEEKLY;DSTART=20160420T000000Z;BYDAY=TU,TH;WKST=MO', 'Weekly on Tuesday and Thursday', '1', 'en_us', '2016-04-21 04:37:01', '2016-04-21 04:37:01', '76d2135b-b942-41f5-8bb9-e14e063989d4'),
 ('1022', '51', '2019-02-19 01:00:00', '2019-02-19 04:00:00', NULL, '1', 'FREQ=WEEKLY;DSTART=20160420T000000Z;BYDAY=TU,TH;WKST=MO', 'Weekly on Tuesday and Thursday', '1', 'en_us', '2016-04-21 04:37:01', '2016-04-21 04:37:01', '2459d96e-be38-4414-b7b8-f88082c0cd84'),
 ('1023', '51', '2019-02-21 01:00:00', '2019-02-21 04:00:00', NULL, '1', 'FREQ=WEEKLY;DSTART=20160420T000000Z;BYDAY=TU,TH;WKST=MO', 'Weekly on Tuesday and Thursday', '1', 'en_us', '2016-04-21 04:37:01', '2016-04-21 04:37:01', 'fb0be308-522a-4692-a591-a1f730c39392'),
 ('1024', '51', '2019-02-26 01:00:00', '2019-02-26 04:00:00', NULL, '1', 'FREQ=WEEKLY;DSTART=20160420T000000Z;BYDAY=TU,TH;WKST=MO', 'Weekly on Tuesday and Thursday', '1', 'en_us', '2016-04-21 04:37:01', '2016-04-21 04:37:01', 'fc5d19ab-16bf-4d88-8b13-76183a4c4c2b'),
 ('1025', '51', '2019-02-28 01:00:00', '2019-02-28 04:00:00', NULL, '1', 'FREQ=WEEKLY;DSTART=20160420T000000Z;BYDAY=TU,TH;WKST=MO', 'Weekly on Tuesday and Thursday', '1', 'en_us', '2016-04-21 04:37:01', '2016-04-21 04:37:01', 'fc3db207-4d03-40b1-aa2c-24d556f85d0b'),
 ('1026', '51', '2019-03-05 01:00:00', '2019-03-05 04:00:00', NULL, '1', 'FREQ=WEEKLY;DSTART=20160420T000000Z;BYDAY=TU,TH;WKST=MO', 'Weekly on Tuesday and Thursday', '1', 'en_us', '2016-04-21 04:37:01', '2016-04-21 04:37:01', 'aac61a3f-489c-49b0-8e8c-42f60a66e09d'),
 ('1027', '51', '2019-03-07 01:00:00', '2019-03-07 04:00:00', NULL, '1', 'FREQ=WEEKLY;DSTART=20160420T000000Z;BYDAY=TU,TH;WKST=MO', 'Weekly on Tuesday and Thursday', '1', 'en_us', '2016-04-21 04:37:01', '2016-04-21 04:37:01', '33b88d5d-a068-4158-9924-11881a224918');
INSERT INTO `craft_venti_events` (`eid`, `eventid`, `startDate`, `endDate`, `allDay`, `repeat`, `rRule`, `summary`, `isrepeat`, `locale`, `dateCreated`, `dateUpdated`, `uid`) VALUES
 ('1028', '51', '2019-03-12 01:00:00', '2019-03-12 04:00:00', NULL, '1', 'FREQ=WEEKLY;DSTART=20160420T000000Z;BYDAY=TU,TH;WKST=MO', 'Weekly on Tuesday and Thursday', '1', 'en_us', '2016-04-21 04:37:01', '2016-04-21 04:37:01', '49cbe89d-097a-40ec-be64-8862c78817e8'),
 ('1029', '51', '2019-03-14 01:00:00', '2019-03-14 04:00:00', NULL, '1', 'FREQ=WEEKLY;DSTART=20160420T000000Z;BYDAY=TU,TH;WKST=MO', 'Weekly on Tuesday and Thursday', '1', 'en_us', '2016-04-21 04:37:01', '2016-04-21 04:37:01', '4e1e9163-0b18-4fac-9a5c-d1b3aac64d0a'),
 ('1030', '51', '2019-03-19 01:00:00', '2019-03-19 04:00:00', NULL, '1', 'FREQ=WEEKLY;DSTART=20160420T000000Z;BYDAY=TU,TH;WKST=MO', 'Weekly on Tuesday and Thursday', '1', 'en_us', '2016-04-21 04:37:01', '2016-04-21 04:37:01', '70c6b2be-7927-485d-9178-26f3677c8a00'),
 ('1031', '51', '2019-03-21 01:00:00', '2019-03-21 04:00:00', NULL, '1', 'FREQ=WEEKLY;DSTART=20160420T000000Z;BYDAY=TU,TH;WKST=MO', 'Weekly on Tuesday and Thursday', '1', 'en_us', '2016-04-21 04:37:01', '2016-04-21 04:37:01', '303cefc3-c6c0-4c4c-b8dc-8f3658542593'),
 ('1032', '51', '2019-03-26 01:00:00', '2019-03-26 04:00:00', NULL, '1', 'FREQ=WEEKLY;DSTART=20160420T000000Z;BYDAY=TU,TH;WKST=MO', 'Weekly on Tuesday and Thursday', '1', 'en_us', '2016-04-21 04:37:01', '2016-04-21 04:37:01', 'c00c39cc-022a-4309-b2a4-ac9bed31ae85'),
 ('1033', '51', '2019-03-28 01:00:00', '2019-03-28 04:00:00', NULL, '1', 'FREQ=WEEKLY;DSTART=20160420T000000Z;BYDAY=TU,TH;WKST=MO', 'Weekly on Tuesday and Thursday', '1', 'en_us', '2016-04-21 04:37:01', '2016-04-21 04:37:01', '7efb1172-8635-4aed-ab43-9a9fd69de9c0'),
 ('1034', '51', '2019-04-02 01:00:00', '2019-04-02 04:00:00', NULL, '1', 'FREQ=WEEKLY;DSTART=20160420T000000Z;BYDAY=TU,TH;WKST=MO', 'Weekly on Tuesday and Thursday', '1', 'en_us', '2016-04-21 04:37:01', '2016-04-21 04:37:01', '8b67e6e6-ff01-4364-bbfc-26460b664460'),
 ('1035', '51', '2019-04-04 01:00:00', '2019-04-04 04:00:00', NULL, '1', 'FREQ=WEEKLY;DSTART=20160420T000000Z;BYDAY=TU,TH;WKST=MO', 'Weekly on Tuesday and Thursday', '1', 'en_us', '2016-04-21 04:37:01', '2016-04-21 04:37:01', 'c2e769ec-22f1-4922-974d-d7f228304a30'),
 ('1036', '51', '2019-04-09 01:00:00', '2019-04-09 04:00:00', NULL, '1', 'FREQ=WEEKLY;DSTART=20160420T000000Z;BYDAY=TU,TH;WKST=MO', 'Weekly on Tuesday and Thursday', '1', 'en_us', '2016-04-21 04:37:01', '2016-04-21 04:37:01', 'ca6b7c5d-ebe6-447c-8f82-d7f0307f73eb'),
 ('1037', '51', '2019-04-11 01:00:00', '2019-04-11 04:00:00', NULL, '1', 'FREQ=WEEKLY;DSTART=20160420T000000Z;BYDAY=TU,TH;WKST=MO', 'Weekly on Tuesday and Thursday', '1', 'en_us', '2016-04-21 04:37:01', '2016-04-21 04:37:01', 'a81182c7-2f3a-41d9-a133-c79edaac7f3a'),
 ('1038', '51', '2019-04-16 01:00:00', '2019-04-16 04:00:00', NULL, '1', 'FREQ=WEEKLY;DSTART=20160420T000000Z;BYDAY=TU,TH;WKST=MO', 'Weekly on Tuesday and Thursday', '1', 'en_us', '2016-04-21 04:37:01', '2016-04-21 04:37:01', 'c8df74be-79d1-4b67-914b-ab74e1802c21'),
 ('1039', '51', '2019-04-18 01:00:00', '2019-04-18 04:00:00', NULL, '1', 'FREQ=WEEKLY;DSTART=20160420T000000Z;BYDAY=TU,TH;WKST=MO', 'Weekly on Tuesday and Thursday', '1', 'en_us', '2016-04-21 04:37:01', '2016-04-21 04:37:01', 'fc413431-6a08-41b7-9ad5-446532c83eaf'),
 ('1040', '51', '2019-04-23 01:00:00', '2019-04-23 04:00:00', NULL, '1', 'FREQ=WEEKLY;DSTART=20160420T000000Z;BYDAY=TU,TH;WKST=MO', 'Weekly on Tuesday and Thursday', '1', 'en_us', '2016-04-21 04:37:01', '2016-04-21 04:37:01', '37f0c383-ba8f-4b3b-93e4-3b71399623a7'),
 ('1041', '51', '2019-04-25 01:00:00', '2019-04-25 04:00:00', NULL, '1', 'FREQ=WEEKLY;DSTART=20160420T000000Z;BYDAY=TU,TH;WKST=MO', 'Weekly on Tuesday and Thursday', '1', 'en_us', '2016-04-21 04:37:01', '2016-04-21 04:37:01', 'fcb83358-c086-425f-8a9e-bb45d6b5e078'),
 ('1042', '51', '2019-04-30 01:00:00', '2019-04-30 04:00:00', NULL, '1', 'FREQ=WEEKLY;DSTART=20160420T000000Z;BYDAY=TU,TH;WKST=MO', 'Weekly on Tuesday and Thursday', '1', 'en_us', '2016-04-21 04:37:01', '2016-04-21 04:37:01', 'eb3da976-481f-4144-aae8-58b15452da0e'),
 ('1043', '51', '2019-05-02 01:00:00', '2019-05-02 04:00:00', NULL, '1', 'FREQ=WEEKLY;DSTART=20160420T000000Z;BYDAY=TU,TH;WKST=MO', 'Weekly on Tuesday and Thursday', '1', 'en_us', '2016-04-21 04:37:01', '2016-04-21 04:37:01', 'd0f0db75-9656-4471-8615-49ad7fcf7419'),
 ('1044', '51', '2019-05-07 01:00:00', '2019-05-07 04:00:00', NULL, '1', 'FREQ=WEEKLY;DSTART=20160420T000000Z;BYDAY=TU,TH;WKST=MO', 'Weekly on Tuesday and Thursday', '1', 'en_us', '2016-04-21 04:37:01', '2016-04-21 04:37:01', '0ce8352b-ed60-409b-8b30-d4c788cd1ef1'),
 ('1045', '51', '2019-05-09 01:00:00', '2019-05-09 04:00:00', NULL, '1', 'FREQ=WEEKLY;DSTART=20160420T000000Z;BYDAY=TU,TH;WKST=MO', 'Weekly on Tuesday and Thursday', '1', 'en_us', '2016-04-21 04:37:01', '2016-04-21 04:37:01', 'cb4a5675-32fb-47d1-97fa-c25845269ed1'),
 ('1046', '51', '2019-05-14 01:00:00', '2019-05-14 04:00:00', NULL, '1', 'FREQ=WEEKLY;DSTART=20160420T000000Z;BYDAY=TU,TH;WKST=MO', 'Weekly on Tuesday and Thursday', '1', 'en_us', '2016-04-21 04:37:01', '2016-04-21 04:37:01', 'ba3b5c17-1a14-4d4e-a9c7-a0e0368324cd'),
 ('1047', '51', '2019-05-16 01:00:00', '2019-05-16 04:00:00', NULL, '1', 'FREQ=WEEKLY;DSTART=20160420T000000Z;BYDAY=TU,TH;WKST=MO', 'Weekly on Tuesday and Thursday', '1', 'en_us', '2016-04-21 04:37:01', '2016-04-21 04:37:01', '555a02a1-db56-41a5-b33f-ed0185cc8fdf'),
 ('1048', '51', '2019-05-21 01:00:00', '2019-05-21 04:00:00', NULL, '1', 'FREQ=WEEKLY;DSTART=20160420T000000Z;BYDAY=TU,TH;WKST=MO', 'Weekly on Tuesday and Thursday', '1', 'en_us', '2016-04-21 04:37:01', '2016-04-21 04:37:01', '3bcf3801-35fa-42d4-8193-4b0d2cc53ab3'),
 ('1049', '51', '2019-05-23 01:00:00', '2019-05-23 04:00:00', NULL, '1', 'FREQ=WEEKLY;DSTART=20160420T000000Z;BYDAY=TU,TH;WKST=MO', 'Weekly on Tuesday and Thursday', '1', 'en_us', '2016-04-21 04:37:01', '2016-04-21 04:37:01', '1b940a14-39b6-4044-a479-6018fade97ea'),
 ('1050', '51', '2019-05-28 01:00:00', '2019-05-28 04:00:00', NULL, '1', 'FREQ=WEEKLY;DSTART=20160420T000000Z;BYDAY=TU,TH;WKST=MO', 'Weekly on Tuesday and Thursday', '1', 'en_us', '2016-04-21 04:37:01', '2016-04-21 04:37:01', 'bdc2dad8-f6e6-403b-b5cb-dc5bd3203a0f'),
 ('1051', '51', '2019-05-30 01:00:00', '2019-05-30 04:00:00', NULL, '1', 'FREQ=WEEKLY;DSTART=20160420T000000Z;BYDAY=TU,TH;WKST=MO', 'Weekly on Tuesday and Thursday', '1', 'en_us', '2016-04-21 04:37:01', '2016-04-21 04:37:01', 'd0d4a577-33bc-4016-9d53-79c6f37a2955'),
 ('1052', '51', '2019-06-04 01:00:00', '2019-06-04 04:00:00', NULL, '1', 'FREQ=WEEKLY;DSTART=20160420T000000Z;BYDAY=TU,TH;WKST=MO', 'Weekly on Tuesday and Thursday', '1', 'en_us', '2016-04-21 04:37:01', '2016-04-21 04:37:01', 'e704de3c-0b54-4b52-a418-a9ca098b8051'),
 ('1053', '51', '2019-06-06 01:00:00', '2019-06-06 04:00:00', NULL, '1', 'FREQ=WEEKLY;DSTART=20160420T000000Z;BYDAY=TU,TH;WKST=MO', 'Weekly on Tuesday and Thursday', '1', 'en_us', '2016-04-21 04:37:01', '2016-04-21 04:37:01', '17220cd8-23af-4283-b21e-61cc456e33f0'),
 ('1054', '51', '2019-06-11 01:00:00', '2019-06-11 04:00:00', NULL, '1', 'FREQ=WEEKLY;DSTART=20160420T000000Z;BYDAY=TU,TH;WKST=MO', 'Weekly on Tuesday and Thursday', '1', 'en_us', '2016-04-21 04:37:01', '2016-04-21 04:37:01', 'ac3f22b3-83c3-4e08-9328-7f7a194ab184'),
 ('1055', '51', '2019-06-13 01:00:00', '2019-06-13 04:00:00', NULL, '1', 'FREQ=WEEKLY;DSTART=20160420T000000Z;BYDAY=TU,TH;WKST=MO', 'Weekly on Tuesday and Thursday', '1', 'en_us', '2016-04-21 04:37:01', '2016-04-21 04:37:01', '35164146-c6c0-4648-a402-08f3514bc4fe'),
 ('1056', '51', '2019-06-18 01:00:00', '2019-06-18 04:00:00', NULL, '1', 'FREQ=WEEKLY;DSTART=20160420T000000Z;BYDAY=TU,TH;WKST=MO', 'Weekly on Tuesday and Thursday', '1', 'en_us', '2016-04-21 04:37:01', '2016-04-21 04:37:01', '25bc96c9-7210-4df4-9826-d4604fe47df8'),
 ('1057', '51', '2019-06-20 01:00:00', '2019-06-20 04:00:00', NULL, '1', 'FREQ=WEEKLY;DSTART=20160420T000000Z;BYDAY=TU,TH;WKST=MO', 'Weekly on Tuesday and Thursday', '1', 'en_us', '2016-04-21 04:37:01', '2016-04-21 04:37:01', '057a28be-dbd6-4fab-88c6-75a3edff4dcf'),
 ('1058', '51', '2019-06-25 01:00:00', '2019-06-25 04:00:00', NULL, '1', 'FREQ=WEEKLY;DSTART=20160420T000000Z;BYDAY=TU,TH;WKST=MO', 'Weekly on Tuesday and Thursday', '1', 'en_us', '2016-04-21 04:37:01', '2016-04-21 04:37:01', 'c1f06cd4-3ff5-47fd-a7d0-8a2364a172c0'),
 ('1059', '51', '2019-06-27 01:00:00', '2019-06-27 04:00:00', NULL, '1', 'FREQ=WEEKLY;DSTART=20160420T000000Z;BYDAY=TU,TH;WKST=MO', 'Weekly on Tuesday and Thursday', '1', 'en_us', '2016-04-21 04:37:01', '2016-04-21 04:37:01', 'be03eac8-62c1-47bd-8bd3-231423db46b6'),
 ('1060', '51', '2019-07-02 01:00:00', '2019-07-02 04:00:00', NULL, '1', 'FREQ=WEEKLY;DSTART=20160420T000000Z;BYDAY=TU,TH;WKST=MO', 'Weekly on Tuesday and Thursday', '1', 'en_us', '2016-04-21 04:37:01', '2016-04-21 04:37:01', 'ecdae4d1-4cd6-45e6-94b7-dc43d907ff89'),
 ('1061', '51', '2019-07-04 01:00:00', '2019-07-04 04:00:00', NULL, '1', 'FREQ=WEEKLY;DSTART=20160420T000000Z;BYDAY=TU,TH;WKST=MO', 'Weekly on Tuesday and Thursday', '1', 'en_us', '2016-04-21 04:37:01', '2016-04-21 04:37:01', 'f477c305-5eb1-4b8c-bd67-d658b27e23ef'),
 ('1062', '51', '2019-07-09 01:00:00', '2019-07-09 04:00:00', NULL, '1', 'FREQ=WEEKLY;DSTART=20160420T000000Z;BYDAY=TU,TH;WKST=MO', 'Weekly on Tuesday and Thursday', '1', 'en_us', '2016-04-21 04:37:01', '2016-04-21 04:37:01', '304df0bf-ef0f-4947-86ce-292e4f14ff87'),
 ('1063', '51', '2019-07-11 01:00:00', '2019-07-11 04:00:00', NULL, '1', 'FREQ=WEEKLY;DSTART=20160420T000000Z;BYDAY=TU,TH;WKST=MO', 'Weekly on Tuesday and Thursday', '1', 'en_us', '2016-04-21 04:37:01', '2016-04-21 04:37:01', 'e5e522ae-13bd-400e-a6fc-26aab69c3b45'),
 ('1064', '51', '2019-07-16 01:00:00', '2019-07-16 04:00:00', NULL, '1', 'FREQ=WEEKLY;DSTART=20160420T000000Z;BYDAY=TU,TH;WKST=MO', 'Weekly on Tuesday and Thursday', '1', 'en_us', '2016-04-21 04:37:01', '2016-04-21 04:37:01', '8ecab9e9-e782-448b-9bf5-ac61fe963f86'),
 ('1065', '51', '2019-07-18 01:00:00', '2019-07-18 04:00:00', NULL, '1', 'FREQ=WEEKLY;DSTART=20160420T000000Z;BYDAY=TU,TH;WKST=MO', 'Weekly on Tuesday and Thursday', '1', 'en_us', '2016-04-21 04:37:01', '2016-04-21 04:37:01', '46da60c8-7658-4594-93f1-7eb05d8a4e06'),
 ('1066', '51', '2019-07-23 01:00:00', '2019-07-23 04:00:00', NULL, '1', 'FREQ=WEEKLY;DSTART=20160420T000000Z;BYDAY=TU,TH;WKST=MO', 'Weekly on Tuesday and Thursday', '1', 'en_us', '2016-04-21 04:37:01', '2016-04-21 04:37:01', 'c6bbe4a7-608f-47a8-a0de-a397285ced2e'),
 ('1067', '51', '2019-07-25 01:00:00', '2019-07-25 04:00:00', NULL, '1', 'FREQ=WEEKLY;DSTART=20160420T000000Z;BYDAY=TU,TH;WKST=MO', 'Weekly on Tuesday and Thursday', '1', 'en_us', '2016-04-21 04:37:01', '2016-04-21 04:37:01', '483ddc9f-f70d-40c1-8d39-f2275737d07c'),
 ('1068', '51', '2019-07-30 01:00:00', '2019-07-30 04:00:00', NULL, '1', 'FREQ=WEEKLY;DSTART=20160420T000000Z;BYDAY=TU,TH;WKST=MO', 'Weekly on Tuesday and Thursday', '1', 'en_us', '2016-04-21 04:37:01', '2016-04-21 04:37:01', 'c8ea83ff-0c2e-416a-9103-f9519d6c0c6b'),
 ('1069', '51', '2019-08-01 01:00:00', '2019-08-01 04:00:00', NULL, '1', 'FREQ=WEEKLY;DSTART=20160420T000000Z;BYDAY=TU,TH;WKST=MO', 'Weekly on Tuesday and Thursday', '1', 'en_us', '2016-04-21 04:37:01', '2016-04-21 04:37:01', 'fcb0aecf-91bb-4630-903e-9d89cb9f1b4f'),
 ('1070', '51', '2019-08-06 01:00:00', '2019-08-06 04:00:00', NULL, '1', 'FREQ=WEEKLY;DSTART=20160420T000000Z;BYDAY=TU,TH;WKST=MO', 'Weekly on Tuesday and Thursday', '1', 'en_us', '2016-04-21 04:37:01', '2016-04-21 04:37:01', 'a2d1f5a0-bebd-407b-a275-0ea8c6a6702e'),
 ('1071', '51', '2019-08-08 01:00:00', '2019-08-08 04:00:00', NULL, '1', 'FREQ=WEEKLY;DSTART=20160420T000000Z;BYDAY=TU,TH;WKST=MO', 'Weekly on Tuesday and Thursday', '1', 'en_us', '2016-04-21 04:37:01', '2016-04-21 04:37:01', '647b97c6-c0ec-4134-aaa7-3c46d01cb312'),
 ('1072', '51', '2019-08-13 01:00:00', '2019-08-13 04:00:00', NULL, '1', 'FREQ=WEEKLY;DSTART=20160420T000000Z;BYDAY=TU,TH;WKST=MO', 'Weekly on Tuesday and Thursday', '1', 'en_us', '2016-04-21 04:37:01', '2016-04-21 04:37:01', '884136bf-b35f-4540-8488-0c37901c261a'),
 ('1073', '51', '2019-08-15 01:00:00', '2019-08-15 04:00:00', NULL, '1', 'FREQ=WEEKLY;DSTART=20160420T000000Z;BYDAY=TU,TH;WKST=MO', 'Weekly on Tuesday and Thursday', '1', 'en_us', '2016-04-21 04:37:01', '2016-04-21 04:37:01', '84461612-7d3b-4044-833f-da95af6f66aa'),
 ('1074', '51', '2019-08-20 01:00:00', '2019-08-20 04:00:00', NULL, '1', 'FREQ=WEEKLY;DSTART=20160420T000000Z;BYDAY=TU,TH;WKST=MO', 'Weekly on Tuesday and Thursday', '1', 'en_us', '2016-04-21 04:37:01', '2016-04-21 04:37:01', '027e1453-bbe9-4777-9d87-f6df6867b9be'),
 ('1075', '51', '2019-08-22 01:00:00', '2019-08-22 04:00:00', NULL, '1', 'FREQ=WEEKLY;DSTART=20160420T000000Z;BYDAY=TU,TH;WKST=MO', 'Weekly on Tuesday and Thursday', '1', 'en_us', '2016-04-21 04:37:01', '2016-04-21 04:37:01', 'ee060d64-c78b-46e5-a2bc-76bc977ae1a7'),
 ('1076', '51', '2019-08-27 01:00:00', '2019-08-27 04:00:00', NULL, '1', 'FREQ=WEEKLY;DSTART=20160420T000000Z;BYDAY=TU,TH;WKST=MO', 'Weekly on Tuesday and Thursday', '1', 'en_us', '2016-04-21 04:37:01', '2016-04-21 04:37:01', '63c59081-813b-4d57-9bb8-15d7c170a183'),
 ('1077', '51', '2019-08-29 01:00:00', '2019-08-29 04:00:00', NULL, '1', 'FREQ=WEEKLY;DSTART=20160420T000000Z;BYDAY=TU,TH;WKST=MO', 'Weekly on Tuesday and Thursday', '1', 'en_us', '2016-04-21 04:37:01', '2016-04-21 04:37:01', 'b5233d93-4d12-4320-986b-990a060800b2'),
 ('1078', '51', '2019-09-03 01:00:00', '2019-09-03 04:00:00', NULL, '1', 'FREQ=WEEKLY;DSTART=20160420T000000Z;BYDAY=TU,TH;WKST=MO', 'Weekly on Tuesday and Thursday', '1', 'en_us', '2016-04-21 04:37:01', '2016-04-21 04:37:01', 'b98152b6-b331-4340-b2fd-fc66ed4dd0e4'),
 ('1079', '51', '2019-09-05 01:00:00', '2019-09-05 04:00:00', NULL, '1', 'FREQ=WEEKLY;DSTART=20160420T000000Z;BYDAY=TU,TH;WKST=MO', 'Weekly on Tuesday and Thursday', '1', 'en_us', '2016-04-21 04:37:01', '2016-04-21 04:37:01', '1dfbf21f-37fa-4d60-ab34-ff7740a4cfaf'),
 ('1080', '51', '2019-09-10 01:00:00', '2019-09-10 04:00:00', NULL, '1', 'FREQ=WEEKLY;DSTART=20160420T000000Z;BYDAY=TU,TH;WKST=MO', 'Weekly on Tuesday and Thursday', '1', 'en_us', '2016-04-21 04:37:01', '2016-04-21 04:37:01', '56e4c13f-23c3-4afe-a455-1beea0df3c6b'),
 ('1081', '51', '2019-09-12 01:00:00', '2019-09-12 04:00:00', NULL, '1', 'FREQ=WEEKLY;DSTART=20160420T000000Z;BYDAY=TU,TH;WKST=MO', 'Weekly on Tuesday and Thursday', '1', 'en_us', '2016-04-21 04:37:01', '2016-04-21 04:37:01', '5aee05e8-cc42-49dd-bc5d-c5232926e959'),
 ('1082', '51', '2019-09-17 01:00:00', '2019-09-17 04:00:00', NULL, '1', 'FREQ=WEEKLY;DSTART=20160420T000000Z;BYDAY=TU,TH;WKST=MO', 'Weekly on Tuesday and Thursday', '1', 'en_us', '2016-04-21 04:37:01', '2016-04-21 04:37:01', '7eadfd44-c78b-4902-afa5-977f50efbb57'),
 ('1083', '51', '2019-09-19 01:00:00', '2019-09-19 04:00:00', NULL, '1', 'FREQ=WEEKLY;DSTART=20160420T000000Z;BYDAY=TU,TH;WKST=MO', 'Weekly on Tuesday and Thursday', '1', 'en_us', '2016-04-21 04:37:01', '2016-04-21 04:37:01', '7a945795-498d-49ee-a877-76fa1d2e2ff5'),
 ('1084', '51', '2019-09-24 01:00:00', '2019-09-24 04:00:00', NULL, '1', 'FREQ=WEEKLY;DSTART=20160420T000000Z;BYDAY=TU,TH;WKST=MO', 'Weekly on Tuesday and Thursday', '1', 'en_us', '2016-04-21 04:37:01', '2016-04-21 04:37:01', '08b0b95e-6d53-4590-9337-2f86efc618fd'),
 ('1085', '51', '2019-09-26 01:00:00', '2019-09-26 04:00:00', NULL, '1', 'FREQ=WEEKLY;DSTART=20160420T000000Z;BYDAY=TU,TH;WKST=MO', 'Weekly on Tuesday and Thursday', '1', 'en_us', '2016-04-21 04:37:01', '2016-04-21 04:37:01', 'f9c7e7b2-3492-449f-a224-c0ec794c4a97'),
 ('1086', '51', '2019-10-01 01:00:00', '2019-10-01 04:00:00', NULL, '1', 'FREQ=WEEKLY;DSTART=20160420T000000Z;BYDAY=TU,TH;WKST=MO', 'Weekly on Tuesday and Thursday', '1', 'en_us', '2016-04-21 04:37:01', '2016-04-21 04:37:01', '2584f5d8-9f85-4cf5-b9a8-66c399a92067'),
 ('1087', '51', '2019-10-03 01:00:00', '2019-10-03 04:00:00', NULL, '1', 'FREQ=WEEKLY;DSTART=20160420T000000Z;BYDAY=TU,TH;WKST=MO', 'Weekly on Tuesday and Thursday', '1', 'en_us', '2016-04-21 04:37:01', '2016-04-21 04:37:01', 'e8c79820-ce36-4f23-a469-42e054c5ab34'),
 ('1088', '51', '2019-10-08 01:00:00', '2019-10-08 04:00:00', NULL, '1', 'FREQ=WEEKLY;DSTART=20160420T000000Z;BYDAY=TU,TH;WKST=MO', 'Weekly on Tuesday and Thursday', '1', 'en_us', '2016-04-21 04:37:01', '2016-04-21 04:37:01', '35ebd11a-be0f-4996-9811-5d28648a8893'),
 ('1089', '51', '2019-10-10 01:00:00', '2019-10-10 04:00:00', NULL, '1', 'FREQ=WEEKLY;DSTART=20160420T000000Z;BYDAY=TU,TH;WKST=MO', 'Weekly on Tuesday and Thursday', '1', 'en_us', '2016-04-21 04:37:01', '2016-04-21 04:37:01', 'b54c0591-9821-4445-8c80-55e158fe88d9'),
 ('1090', '51', '2019-10-15 01:00:00', '2019-10-15 04:00:00', NULL, '1', 'FREQ=WEEKLY;DSTART=20160420T000000Z;BYDAY=TU,TH;WKST=MO', 'Weekly on Tuesday and Thursday', '1', 'en_us', '2016-04-21 04:37:01', '2016-04-21 04:37:01', '42e03f62-dc46-4c15-8575-b24f319a9214'),
 ('1091', '51', '2019-10-17 01:00:00', '2019-10-17 04:00:00', NULL, '1', 'FREQ=WEEKLY;DSTART=20160420T000000Z;BYDAY=TU,TH;WKST=MO', 'Weekly on Tuesday and Thursday', '1', 'en_us', '2016-04-21 04:37:01', '2016-04-21 04:37:01', 'efeea234-470c-4606-bd3e-0299aeec8a4a'),
 ('1092', '51', '2019-10-22 01:00:00', '2019-10-22 04:00:00', NULL, '1', 'FREQ=WEEKLY;DSTART=20160420T000000Z;BYDAY=TU,TH;WKST=MO', 'Weekly on Tuesday and Thursday', '1', 'en_us', '2016-04-21 04:37:01', '2016-04-21 04:37:01', '7d698471-8891-4227-9688-632b57350bb4'),
 ('1093', '51', '2019-10-24 01:00:00', '2019-10-24 04:00:00', NULL, '1', 'FREQ=WEEKLY;DSTART=20160420T000000Z;BYDAY=TU,TH;WKST=MO', 'Weekly on Tuesday and Thursday', '1', 'en_us', '2016-04-21 04:37:01', '2016-04-21 04:37:01', 'f42ad674-658b-4722-b483-2c6a00df3d60'),
 ('1094', '51', '2019-10-29 01:00:00', '2019-10-29 04:00:00', NULL, '1', 'FREQ=WEEKLY;DSTART=20160420T000000Z;BYDAY=TU,TH;WKST=MO', 'Weekly on Tuesday and Thursday', '1', 'en_us', '2016-04-21 04:37:01', '2016-04-21 04:37:01', 'b4822a1a-5a53-4fa3-a76c-8ec64483ae36'),
 ('1095', '51', '2019-10-31 01:00:00', '2019-10-31 04:00:00', NULL, '1', 'FREQ=WEEKLY;DSTART=20160420T000000Z;BYDAY=TU,TH;WKST=MO', 'Weekly on Tuesday and Thursday', '1', 'en_us', '2016-04-21 04:37:01', '2016-04-21 04:37:01', 'd693c92e-b673-42e5-b367-9cab6f485724'),
 ('1096', '51', '2019-11-05 01:00:00', '2019-11-05 04:00:00', NULL, '1', 'FREQ=WEEKLY;DSTART=20160420T000000Z;BYDAY=TU,TH;WKST=MO', 'Weekly on Tuesday and Thursday', '1', 'en_us', '2016-04-21 04:37:01', '2016-04-21 04:37:01', '46002986-6a7f-4554-b126-ba96193a88e8'),
 ('1097', '51', '2019-11-07 01:00:00', '2019-11-07 04:00:00', NULL, '1', 'FREQ=WEEKLY;DSTART=20160420T000000Z;BYDAY=TU,TH;WKST=MO', 'Weekly on Tuesday and Thursday', '1', 'en_us', '2016-04-21 04:37:01', '2016-04-21 04:37:01', '38462d0b-75b0-48b3-8e3e-c975a64203a0'),
 ('1098', '51', '2019-11-12 01:00:00', '2019-11-12 04:00:00', NULL, '1', 'FREQ=WEEKLY;DSTART=20160420T000000Z;BYDAY=TU,TH;WKST=MO', 'Weekly on Tuesday and Thursday', '1', 'en_us', '2016-04-21 04:37:01', '2016-04-21 04:37:01', '41dd3886-4a3f-41fc-90b6-90b47bf2a821'),
 ('1099', '51', '2019-11-14 01:00:00', '2019-11-14 04:00:00', NULL, '1', 'FREQ=WEEKLY;DSTART=20160420T000000Z;BYDAY=TU,TH;WKST=MO', 'Weekly on Tuesday and Thursday', '1', 'en_us', '2016-04-21 04:37:01', '2016-04-21 04:37:01', '7055b9e8-1078-4026-a378-e0c587e513cb'),
 ('1100', '51', '2019-11-19 01:00:00', '2019-11-19 04:00:00', NULL, '1', 'FREQ=WEEKLY;DSTART=20160420T000000Z;BYDAY=TU,TH;WKST=MO', 'Weekly on Tuesday and Thursday', '1', 'en_us', '2016-04-21 04:37:01', '2016-04-21 04:37:01', '24f6cc0a-aede-4117-87ee-dfeb89db4c7e'),
 ('1101', '51', '2019-11-21 01:00:00', '2019-11-21 04:00:00', NULL, '1', 'FREQ=WEEKLY;DSTART=20160420T000000Z;BYDAY=TU,TH;WKST=MO', 'Weekly on Tuesday and Thursday', '1', 'en_us', '2016-04-21 04:37:01', '2016-04-21 04:37:01', 'aee20d09-7ba5-45fa-9b56-c2adb35ae409'),
 ('1102', '51', '2019-11-26 01:00:00', '2019-11-26 04:00:00', NULL, '1', 'FREQ=WEEKLY;DSTART=20160420T000000Z;BYDAY=TU,TH;WKST=MO', 'Weekly on Tuesday and Thursday', '1', 'en_us', '2016-04-21 04:37:01', '2016-04-21 04:37:01', '75b1f160-1625-407f-bf60-85902a62b6b0'),
 ('1103', '51', '2019-11-28 01:00:00', '2019-11-28 04:00:00', NULL, '1', 'FREQ=WEEKLY;DSTART=20160420T000000Z;BYDAY=TU,TH;WKST=MO', 'Weekly on Tuesday and Thursday', '1', 'en_us', '2016-04-21 04:37:01', '2016-04-21 04:37:01', '331805d3-12d9-425e-93de-8792868a4aa2'),
 ('1104', '51', '2019-12-03 01:00:00', '2019-12-03 04:00:00', NULL, '1', 'FREQ=WEEKLY;DSTART=20160420T000000Z;BYDAY=TU,TH;WKST=MO', 'Weekly on Tuesday and Thursday', '1', 'en_us', '2016-04-21 04:37:01', '2016-04-21 04:37:01', '4f6d2b08-a4bd-4b98-84f4-4269a9de3b15'),
 ('1105', '51', '2019-12-05 01:00:00', '2019-12-05 04:00:00', NULL, '1', 'FREQ=WEEKLY;DSTART=20160420T000000Z;BYDAY=TU,TH;WKST=MO', 'Weekly on Tuesday and Thursday', '1', 'en_us', '2016-04-21 04:37:01', '2016-04-21 04:37:01', '405b224c-4911-4599-805d-a514b17138e9'),
 ('1106', '51', '2019-12-10 01:00:00', '2019-12-10 04:00:00', NULL, '1', 'FREQ=WEEKLY;DSTART=20160420T000000Z;BYDAY=TU,TH;WKST=MO', 'Weekly on Tuesday and Thursday', '1', 'en_us', '2016-04-21 04:37:01', '2016-04-21 04:37:01', 'd333676e-ac3f-42bc-99e0-728710bd9091'),
 ('1107', '51', '2019-12-12 01:00:00', '2019-12-12 04:00:00', NULL, '1', 'FREQ=WEEKLY;DSTART=20160420T000000Z;BYDAY=TU,TH;WKST=MO', 'Weekly on Tuesday and Thursday', '1', 'en_us', '2016-04-21 04:37:01', '2016-04-21 04:37:01', 'd481e78c-80d8-4cc5-b503-4e01da4ffd75'),
 ('1108', '51', '2019-12-17 01:00:00', '2019-12-17 04:00:00', NULL, '1', 'FREQ=WEEKLY;DSTART=20160420T000000Z;BYDAY=TU,TH;WKST=MO', 'Weekly on Tuesday and Thursday', '1', 'en_us', '2016-04-21 04:37:01', '2016-04-21 04:37:01', '74515edb-6001-4249-8754-abe793742ff2'),
 ('1109', '51', '2019-12-19 01:00:00', '2019-12-19 04:00:00', NULL, '1', 'FREQ=WEEKLY;DSTART=20160420T000000Z;BYDAY=TU,TH;WKST=MO', 'Weekly on Tuesday and Thursday', '1', 'en_us', '2016-04-21 04:37:01', '2016-04-21 04:37:01', 'd862d699-4ac7-4620-8ab9-d7c3a71b0949'),
 ('1110', '51', '2019-12-24 01:00:00', '2019-12-24 04:00:00', NULL, '1', 'FREQ=WEEKLY;DSTART=20160420T000000Z;BYDAY=TU,TH;WKST=MO', 'Weekly on Tuesday and Thursday', '1', 'en_us', '2016-04-21 04:37:01', '2016-04-21 04:37:01', '2fb2289f-6a9e-480a-a68b-af0d0d3f4895'),
 ('1111', '51', '2019-12-26 01:00:00', '2019-12-26 04:00:00', NULL, '1', 'FREQ=WEEKLY;DSTART=20160420T000000Z;BYDAY=TU,TH;WKST=MO', 'Weekly on Tuesday and Thursday', '1', 'en_us', '2016-04-21 04:37:01', '2016-04-21 04:37:01', '3ac99e45-9f53-4857-974c-f4f81a83e87e'),
 ('1112', '51', '2019-12-31 01:00:00', '2019-12-31 04:00:00', NULL, '1', 'FREQ=WEEKLY;DSTART=20160420T000000Z;BYDAY=TU,TH;WKST=MO', 'Weekly on Tuesday and Thursday', '1', 'en_us', '2016-04-21 04:37:01', '2016-04-21 04:37:01', 'f54c3a7e-ccb4-4c73-a0cc-43b230ce1433'),
 ('1113', '51', '2020-01-02 01:00:00', '2020-01-02 04:00:00', NULL, '1', 'FREQ=WEEKLY;DSTART=20160420T000000Z;BYDAY=TU,TH;WKST=MO', 'Weekly on Tuesday and Thursday', '1', 'en_us', '2016-04-21 04:37:01', '2016-04-21 04:37:01', 'bba19497-fed8-478d-bff0-202131f6d265'),
 ('1114', '51', '2020-01-07 01:00:00', '2020-01-07 04:00:00', NULL, '1', 'FREQ=WEEKLY;DSTART=20160420T000000Z;BYDAY=TU,TH;WKST=MO', 'Weekly on Tuesday and Thursday', '1', 'en_us', '2016-04-21 04:37:01', '2016-04-21 04:37:01', 'd97245cd-bd91-4b94-b44c-0ef9abf8b270'),
 ('1115', '51', '2020-01-09 01:00:00', '2020-01-09 04:00:00', NULL, '1', 'FREQ=WEEKLY;DSTART=20160420T000000Z;BYDAY=TU,TH;WKST=MO', 'Weekly on Tuesday and Thursday', '1', 'en_us', '2016-04-21 04:37:01', '2016-04-21 04:37:01', '5f60f71d-deb8-4279-872a-991e2aadad83'),
 ('1116', '51', '2020-01-14 01:00:00', '2020-01-14 04:00:00', NULL, '1', 'FREQ=WEEKLY;DSTART=20160420T000000Z;BYDAY=TU,TH;WKST=MO', 'Weekly on Tuesday and Thursday', '1', 'en_us', '2016-04-21 04:37:01', '2016-04-21 04:37:01', '87780483-11c8-49c6-923c-8cab3e2a33ff'),
 ('1117', '51', '2020-01-16 01:00:00', '2020-01-16 04:00:00', NULL, '1', 'FREQ=WEEKLY;DSTART=20160420T000000Z;BYDAY=TU,TH;WKST=MO', 'Weekly on Tuesday and Thursday', '1', 'en_us', '2016-04-21 04:37:01', '2016-04-21 04:37:01', '0042c1a1-3ca7-4b2d-9c36-1f092692dc52'),
 ('1118', '51', '2020-01-21 01:00:00', '2020-01-21 04:00:00', NULL, '1', 'FREQ=WEEKLY;DSTART=20160420T000000Z;BYDAY=TU,TH;WKST=MO', 'Weekly on Tuesday and Thursday', '1', 'en_us', '2016-04-21 04:37:01', '2016-04-21 04:37:01', '06bce040-def1-4f51-b7ce-95f4137ebfa1'),
 ('1119', '51', '2020-01-23 01:00:00', '2020-01-23 04:00:00', NULL, '1', 'FREQ=WEEKLY;DSTART=20160420T000000Z;BYDAY=TU,TH;WKST=MO', 'Weekly on Tuesday and Thursday', '1', 'en_us', '2016-04-21 04:37:01', '2016-04-21 04:37:01', 'fd2c826e-7203-44f2-9efd-5555e53f68bb'),
 ('1120', '51', '2020-01-28 01:00:00', '2020-01-28 04:00:00', NULL, '1', 'FREQ=WEEKLY;DSTART=20160420T000000Z;BYDAY=TU,TH;WKST=MO', 'Weekly on Tuesday and Thursday', '1', 'en_us', '2016-04-21 04:37:01', '2016-04-21 04:37:01', '94bb060c-d0f4-4d5d-94de-3bd6c9765782'),
 ('1121', '51', '2020-01-30 01:00:00', '2020-01-30 04:00:00', NULL, '1', 'FREQ=WEEKLY;DSTART=20160420T000000Z;BYDAY=TU,TH;WKST=MO', 'Weekly on Tuesday and Thursday', '1', 'en_us', '2016-04-21 04:37:01', '2016-04-21 04:37:01', '15b7163a-4855-431d-852b-dfdafc8486f5'),
 ('1122', '51', '2020-02-04 01:00:00', '2020-02-04 04:00:00', NULL, '1', 'FREQ=WEEKLY;DSTART=20160420T000000Z;BYDAY=TU,TH;WKST=MO', 'Weekly on Tuesday and Thursday', '1', 'en_us', '2016-04-21 04:37:01', '2016-04-21 04:37:01', '0f299c55-cb6a-4664-80f5-70bc09c03b4c'),
 ('1123', '51', '2020-02-06 01:00:00', '2020-02-06 04:00:00', NULL, '1', 'FREQ=WEEKLY;DSTART=20160420T000000Z;BYDAY=TU,TH;WKST=MO', 'Weekly on Tuesday and Thursday', '1', 'en_us', '2016-04-21 04:37:01', '2016-04-21 04:37:01', 'e4d4c452-13b2-4ae9-97d0-a5ece9be4c5f'),
 ('1124', '51', '2020-02-11 01:00:00', '2020-02-11 04:00:00', NULL, '1', 'FREQ=WEEKLY;DSTART=20160420T000000Z;BYDAY=TU,TH;WKST=MO', 'Weekly on Tuesday and Thursday', '1', 'en_us', '2016-04-21 04:37:01', '2016-04-21 04:37:01', '7edbd50f-666d-4058-a929-a16b200d638d'),
 ('1125', '51', '2020-02-13 01:00:00', '2020-02-13 04:00:00', NULL, '1', 'FREQ=WEEKLY;DSTART=20160420T000000Z;BYDAY=TU,TH;WKST=MO', 'Weekly on Tuesday and Thursday', '1', 'en_us', '2016-04-21 04:37:01', '2016-04-21 04:37:01', '68f15713-07d4-4902-b6b3-b12196a43c36'),
 ('1126', '51', '2020-02-18 01:00:00', '2020-02-18 04:00:00', NULL, '1', 'FREQ=WEEKLY;DSTART=20160420T000000Z;BYDAY=TU,TH;WKST=MO', 'Weekly on Tuesday and Thursday', '1', 'en_us', '2016-04-21 04:37:01', '2016-04-21 04:37:01', '5b172c24-829b-4806-9687-c9500fbe2be0'),
 ('1127', '51', '2020-02-20 01:00:00', '2020-02-20 04:00:00', NULL, '1', 'FREQ=WEEKLY;DSTART=20160420T000000Z;BYDAY=TU,TH;WKST=MO', 'Weekly on Tuesday and Thursday', '1', 'en_us', '2016-04-21 04:37:01', '2016-04-21 04:37:01', '42e7bea2-df56-434c-94a0-f4fe351deb57');
INSERT INTO `craft_venti_events` (`eid`, `eventid`, `startDate`, `endDate`, `allDay`, `repeat`, `rRule`, `summary`, `isrepeat`, `locale`, `dateCreated`, `dateUpdated`, `uid`) VALUES
 ('1128', '51', '2020-02-25 01:00:00', '2020-02-25 04:00:00', NULL, '1', 'FREQ=WEEKLY;DSTART=20160420T000000Z;BYDAY=TU,TH;WKST=MO', 'Weekly on Tuesday and Thursday', '1', 'en_us', '2016-04-21 04:37:01', '2016-04-21 04:37:01', '9db61980-fd9c-40ac-b333-9643b1fd320e'),
 ('1129', '51', '2020-02-27 01:00:00', '2020-02-27 04:00:00', NULL, '1', 'FREQ=WEEKLY;DSTART=20160420T000000Z;BYDAY=TU,TH;WKST=MO', 'Weekly on Tuesday and Thursday', '1', 'en_us', '2016-04-21 04:37:01', '2016-04-21 04:37:01', '831406de-a2cc-4016-b9e8-bd842c5b879b'),
 ('1130', '51', '2020-03-03 01:00:00', '2020-03-03 04:00:00', NULL, '1', 'FREQ=WEEKLY;DSTART=20160420T000000Z;BYDAY=TU,TH;WKST=MO', 'Weekly on Tuesday and Thursday', '1', 'en_us', '2016-04-21 04:37:01', '2016-04-21 04:37:01', '47a3c973-8241-4a81-9019-36509f29fc20'),
 ('1131', '51', '2020-03-05 01:00:00', '2020-03-05 04:00:00', NULL, '1', 'FREQ=WEEKLY;DSTART=20160420T000000Z;BYDAY=TU,TH;WKST=MO', 'Weekly on Tuesday and Thursday', '1', 'en_us', '2016-04-21 04:37:01', '2016-04-21 04:37:01', '29be1646-c85b-493b-9b02-441d4fb9137f'),
 ('1132', '51', '2020-03-10 01:00:00', '2020-03-10 04:00:00', NULL, '1', 'FREQ=WEEKLY;DSTART=20160420T000000Z;BYDAY=TU,TH;WKST=MO', 'Weekly on Tuesday and Thursday', '1', 'en_us', '2016-04-21 04:37:01', '2016-04-21 04:37:01', 'd49aa49a-957b-4585-963a-aa64dfea530e'),
 ('1133', '51', '2020-03-12 01:00:00', '2020-03-12 04:00:00', NULL, '1', 'FREQ=WEEKLY;DSTART=20160420T000000Z;BYDAY=TU,TH;WKST=MO', 'Weekly on Tuesday and Thursday', '1', 'en_us', '2016-04-21 04:37:01', '2016-04-21 04:37:01', 'fd37c7a0-ea11-49ce-bbc7-2d623e74aff7'),
 ('1134', '51', '2020-03-17 01:00:00', '2020-03-17 04:00:00', NULL, '1', 'FREQ=WEEKLY;DSTART=20160420T000000Z;BYDAY=TU,TH;WKST=MO', 'Weekly on Tuesday and Thursday', '1', 'en_us', '2016-04-21 04:37:01', '2016-04-21 04:37:01', '3c5ca486-2e07-4f42-b561-09bc9aeb2235'),
 ('1135', '51', '2020-03-19 01:00:00', '2020-03-19 04:00:00', NULL, '1', 'FREQ=WEEKLY;DSTART=20160420T000000Z;BYDAY=TU,TH;WKST=MO', 'Weekly on Tuesday and Thursday', '1', 'en_us', '2016-04-21 04:37:01', '2016-04-21 04:37:01', 'e7996af7-b38a-424e-9c0c-f47c77b89819'),
 ('1136', '51', '2020-03-24 01:00:00', '2020-03-24 04:00:00', NULL, '1', 'FREQ=WEEKLY;DSTART=20160420T000000Z;BYDAY=TU,TH;WKST=MO', 'Weekly on Tuesday and Thursday', '1', 'en_us', '2016-04-21 04:37:01', '2016-04-21 04:37:01', '90b3758a-1a25-4359-a00a-fd55d69a29a0'),
 ('1137', '51', '2020-03-26 01:00:00', '2020-03-26 04:00:00', NULL, '1', 'FREQ=WEEKLY;DSTART=20160420T000000Z;BYDAY=TU,TH;WKST=MO', 'Weekly on Tuesday and Thursday', '1', 'en_us', '2016-04-21 04:37:01', '2016-04-21 04:37:01', '8cb8a78d-21bb-4824-ac1b-bdd1048832d3'),
 ('1138', '51', '2020-03-31 01:00:00', '2020-03-31 04:00:00', NULL, '1', 'FREQ=WEEKLY;DSTART=20160420T000000Z;BYDAY=TU,TH;WKST=MO', 'Weekly on Tuesday and Thursday', '1', 'en_us', '2016-04-21 04:37:01', '2016-04-21 04:37:01', '24f8594d-1f5c-48e0-95ae-b8d528880af4'),
 ('1139', '51', '2020-04-02 01:00:00', '2020-04-02 04:00:00', NULL, '1', 'FREQ=WEEKLY;DSTART=20160420T000000Z;BYDAY=TU,TH;WKST=MO', 'Weekly on Tuesday and Thursday', '1', 'en_us', '2016-04-21 04:37:01', '2016-04-21 04:37:01', 'd209a8ad-5944-44b8-983e-2cf852016dcf'),
 ('1140', '51', '2020-04-07 01:00:00', '2020-04-07 04:00:00', NULL, '1', 'FREQ=WEEKLY;DSTART=20160420T000000Z;BYDAY=TU,TH;WKST=MO', 'Weekly on Tuesday and Thursday', '1', 'en_us', '2016-04-21 04:37:01', '2016-04-21 04:37:01', '32f2e529-df4a-45e7-a847-46e18d56e108'),
 ('1141', '51', '2020-04-09 01:00:00', '2020-04-09 04:00:00', NULL, '1', 'FREQ=WEEKLY;DSTART=20160420T000000Z;BYDAY=TU,TH;WKST=MO', 'Weekly on Tuesday and Thursday', '1', 'en_us', '2016-04-21 04:37:01', '2016-04-21 04:37:01', '4d56e3d3-4435-457f-ae55-134f6255d600'),
 ('1142', '51', '2020-04-14 01:00:00', '2020-04-14 04:00:00', NULL, '1', 'FREQ=WEEKLY;DSTART=20160420T000000Z;BYDAY=TU,TH;WKST=MO', 'Weekly on Tuesday and Thursday', '1', 'en_us', '2016-04-21 04:37:01', '2016-04-21 04:37:01', 'acefed0c-210e-4683-b134-3ffe044fc58d'),
 ('1143', '51', '2020-04-16 01:00:00', '2020-04-16 04:00:00', NULL, '1', 'FREQ=WEEKLY;DSTART=20160420T000000Z;BYDAY=TU,TH;WKST=MO', 'Weekly on Tuesday and Thursday', '1', 'en_us', '2016-04-21 04:37:02', '2016-04-21 04:37:02', 'a206cb8e-0b5b-48d3-a28e-44eea8359fd8'),
 ('1144', '51', '2020-04-21 01:00:00', '2020-04-21 04:00:00', NULL, '1', 'FREQ=WEEKLY;DSTART=20160420T000000Z;BYDAY=TU,TH;WKST=MO', 'Weekly on Tuesday and Thursday', '1', 'en_us', '2016-04-21 04:37:02', '2016-04-21 04:37:02', 'ef831ea2-b275-4c40-9f24-31bcf4f189d6'),
 ('1145', '51', '2020-04-23 01:00:00', '2020-04-23 04:00:00', NULL, '1', 'FREQ=WEEKLY;DSTART=20160420T000000Z;BYDAY=TU,TH;WKST=MO', 'Weekly on Tuesday and Thursday', '1', 'en_us', '2016-04-21 04:37:02', '2016-04-21 04:37:02', 'c4110a9b-965a-48c0-ae8c-491e73febaf7'),
 ('1146', '51', '2020-04-28 01:00:00', '2020-04-28 04:00:00', NULL, '1', 'FREQ=WEEKLY;DSTART=20160420T000000Z;BYDAY=TU,TH;WKST=MO', 'Weekly on Tuesday and Thursday', '1', 'en_us', '2016-04-21 04:37:02', '2016-04-21 04:37:02', 'd34697b6-9cab-4036-a858-9128ad368b2b'),
 ('1147', '51', '2020-04-30 01:00:00', '2020-04-30 04:00:00', NULL, '1', 'FREQ=WEEKLY;DSTART=20160420T000000Z;BYDAY=TU,TH;WKST=MO', 'Weekly on Tuesday and Thursday', '1', 'en_us', '2016-04-21 04:37:02', '2016-04-21 04:37:02', 'ef710647-e941-4b60-b166-3d4602e2a53d'),
 ('1148', '51', '2020-05-05 01:00:00', '2020-05-05 04:00:00', NULL, '1', 'FREQ=WEEKLY;DSTART=20160420T000000Z;BYDAY=TU,TH;WKST=MO', 'Weekly on Tuesday and Thursday', '1', 'en_us', '2016-04-21 04:37:02', '2016-04-21 04:37:02', '1212c0d7-cb59-422c-9952-a3bceb8482d5'),
 ('1149', '51', '2020-05-07 01:00:00', '2020-05-07 04:00:00', NULL, '1', 'FREQ=WEEKLY;DSTART=20160420T000000Z;BYDAY=TU,TH;WKST=MO', 'Weekly on Tuesday and Thursday', '1', 'en_us', '2016-04-21 04:37:02', '2016-04-21 04:37:02', 'bb59c9e9-ab73-479a-9237-0f09063d9da8'),
 ('1150', '51', '2020-05-12 01:00:00', '2020-05-12 04:00:00', NULL, '1', 'FREQ=WEEKLY;DSTART=20160420T000000Z;BYDAY=TU,TH;WKST=MO', 'Weekly on Tuesday and Thursday', '1', 'en_us', '2016-04-21 04:37:02', '2016-04-21 04:37:02', '2dbd2ae1-c13c-4e3d-aff5-90eacbed18cd'),
 ('1151', '51', '2020-05-14 01:00:00', '2020-05-14 04:00:00', NULL, '1', 'FREQ=WEEKLY;DSTART=20160420T000000Z;BYDAY=TU,TH;WKST=MO', 'Weekly on Tuesday and Thursday', '1', 'en_us', '2016-04-21 04:37:02', '2016-04-21 04:37:02', 'bfdb7b5b-1805-4d47-8786-f9550e2490f6'),
 ('1152', '51', '2020-05-19 01:00:00', '2020-05-19 04:00:00', NULL, '1', 'FREQ=WEEKLY;DSTART=20160420T000000Z;BYDAY=TU,TH;WKST=MO', 'Weekly on Tuesday and Thursday', '1', 'en_us', '2016-04-21 04:37:02', '2016-04-21 04:37:02', '9cd9529f-a934-4f82-8d9c-ad0c82a51b81'),
 ('1153', '51', '2020-05-21 01:00:00', '2020-05-21 04:00:00', NULL, '1', 'FREQ=WEEKLY;DSTART=20160420T000000Z;BYDAY=TU,TH;WKST=MO', 'Weekly on Tuesday and Thursday', '1', 'en_us', '2016-04-21 04:37:02', '2016-04-21 04:37:02', '7ced2e61-b5c5-4e12-9091-0240f143eaf2'),
 ('1154', '51', '2020-05-26 01:00:00', '2020-05-26 04:00:00', NULL, '1', 'FREQ=WEEKLY;DSTART=20160420T000000Z;BYDAY=TU,TH;WKST=MO', 'Weekly on Tuesday and Thursday', '1', 'en_us', '2016-04-21 04:37:02', '2016-04-21 04:37:02', 'cbf2af01-3403-4525-8ce4-6c0c5db37a60'),
 ('1155', '51', '2020-05-28 01:00:00', '2020-05-28 04:00:00', NULL, '1', 'FREQ=WEEKLY;DSTART=20160420T000000Z;BYDAY=TU,TH;WKST=MO', 'Weekly on Tuesday and Thursday', '1', 'en_us', '2016-04-21 04:37:02', '2016-04-21 04:37:02', 'b3159ab1-249b-4521-8c3e-dfddcb1c6cb8'),
 ('1156', '51', '2020-06-02 01:00:00', '2020-06-02 04:00:00', NULL, '1', 'FREQ=WEEKLY;DSTART=20160420T000000Z;BYDAY=TU,TH;WKST=MO', 'Weekly on Tuesday and Thursday', '1', 'en_us', '2016-04-21 04:37:02', '2016-04-21 04:37:02', 'c73ea4bf-be73-43f4-b630-7814b40ae818'),
 ('1157', '51', '2020-06-04 01:00:00', '2020-06-04 04:00:00', NULL, '1', 'FREQ=WEEKLY;DSTART=20160420T000000Z;BYDAY=TU,TH;WKST=MO', 'Weekly on Tuesday and Thursday', '1', 'en_us', '2016-04-21 04:37:02', '2016-04-21 04:37:02', '19081657-9dad-406b-b977-c0c6a9960fc2'),
 ('1158', '51', '2020-06-09 01:00:00', '2020-06-09 04:00:00', NULL, '1', 'FREQ=WEEKLY;DSTART=20160420T000000Z;BYDAY=TU,TH;WKST=MO', 'Weekly on Tuesday and Thursday', '1', 'en_us', '2016-04-21 04:37:02', '2016-04-21 04:37:02', 'b57fe0a1-73a1-40a6-afd4-873a33e460fa'),
 ('1159', '51', '2020-06-11 01:00:00', '2020-06-11 04:00:00', NULL, '1', 'FREQ=WEEKLY;DSTART=20160420T000000Z;BYDAY=TU,TH;WKST=MO', 'Weekly on Tuesday and Thursday', '1', 'en_us', '2016-04-21 04:37:02', '2016-04-21 04:37:02', 'edb7c8a0-012e-4d7a-8d64-c43182d32cb9'),
 ('1160', '51', '2020-06-16 01:00:00', '2020-06-16 04:00:00', NULL, '1', 'FREQ=WEEKLY;DSTART=20160420T000000Z;BYDAY=TU,TH;WKST=MO', 'Weekly on Tuesday and Thursday', '1', 'en_us', '2016-04-21 04:37:02', '2016-04-21 04:37:02', '687ec110-d97d-46bf-81d6-c5bcad0a081f'),
 ('1161', '51', '2020-06-18 01:00:00', '2020-06-18 04:00:00', NULL, '1', 'FREQ=WEEKLY;DSTART=20160420T000000Z;BYDAY=TU,TH;WKST=MO', 'Weekly on Tuesday and Thursday', '1', 'en_us', '2016-04-21 04:37:02', '2016-04-21 04:37:02', '83a3ad6b-c168-4c22-9bb6-98d74bd74acf'),
 ('1162', '51', '2020-06-23 01:00:00', '2020-06-23 04:00:00', NULL, '1', 'FREQ=WEEKLY;DSTART=20160420T000000Z;BYDAY=TU,TH;WKST=MO', 'Weekly on Tuesday and Thursday', '1', 'en_us', '2016-04-21 04:37:02', '2016-04-21 04:37:02', 'b55aee70-ba96-4f63-84ec-4707ba2cb54e'),
 ('1163', '51', '2020-06-25 01:00:00', '2020-06-25 04:00:00', NULL, '1', 'FREQ=WEEKLY;DSTART=20160420T000000Z;BYDAY=TU,TH;WKST=MO', 'Weekly on Tuesday and Thursday', '1', 'en_us', '2016-04-21 04:37:02', '2016-04-21 04:37:02', '6f6559a3-c411-4075-b372-487334cd0d9d'),
 ('1164', '51', '2020-06-30 01:00:00', '2020-06-30 04:00:00', NULL, '1', 'FREQ=WEEKLY;DSTART=20160420T000000Z;BYDAY=TU,TH;WKST=MO', 'Weekly on Tuesday and Thursday', '1', 'en_us', '2016-04-21 04:37:02', '2016-04-21 04:37:02', '0ff9c435-c7ff-4ec8-9061-51e0faa34930'),
 ('1165', '51', '2020-07-02 01:00:00', '2020-07-02 04:00:00', NULL, '1', 'FREQ=WEEKLY;DSTART=20160420T000000Z;BYDAY=TU,TH;WKST=MO', 'Weekly on Tuesday and Thursday', '1', 'en_us', '2016-04-21 04:37:02', '2016-04-21 04:37:02', 'dbc1877b-9a49-4a42-9e15-06f108413227'),
 ('1166', '51', '2020-07-07 01:00:00', '2020-07-07 04:00:00', NULL, '1', 'FREQ=WEEKLY;DSTART=20160420T000000Z;BYDAY=TU,TH;WKST=MO', 'Weekly on Tuesday and Thursday', '1', 'en_us', '2016-04-21 04:37:02', '2016-04-21 04:37:02', '27a8c130-0191-4e63-a814-7bb4f2989183'),
 ('1167', '51', '2020-07-09 01:00:00', '2020-07-09 04:00:00', NULL, '1', 'FREQ=WEEKLY;DSTART=20160420T000000Z;BYDAY=TU,TH;WKST=MO', 'Weekly on Tuesday and Thursday', '1', 'en_us', '2016-04-21 04:37:02', '2016-04-21 04:37:02', 'a812275d-b7d7-4490-b317-150c912619ee'),
 ('1168', '51', '2020-07-14 01:00:00', '2020-07-14 04:00:00', NULL, '1', 'FREQ=WEEKLY;DSTART=20160420T000000Z;BYDAY=TU,TH;WKST=MO', 'Weekly on Tuesday and Thursday', '1', 'en_us', '2016-04-21 04:37:02', '2016-04-21 04:37:02', 'c281b25b-106d-4fc3-bdb5-9811318a18d8'),
 ('1169', '51', '2020-07-16 01:00:00', '2020-07-16 04:00:00', NULL, '1', 'FREQ=WEEKLY;DSTART=20160420T000000Z;BYDAY=TU,TH;WKST=MO', 'Weekly on Tuesday and Thursday', '1', 'en_us', '2016-04-21 04:37:02', '2016-04-21 04:37:02', '7640f851-2ba5-49e6-b9a5-f85be8990453'),
 ('1170', '51', '2020-07-21 01:00:00', '2020-07-21 04:00:00', NULL, '1', 'FREQ=WEEKLY;DSTART=20160420T000000Z;BYDAY=TU,TH;WKST=MO', 'Weekly on Tuesday and Thursday', '1', 'en_us', '2016-04-21 04:37:02', '2016-04-21 04:37:02', '3c65dc20-d130-4dcb-b564-8ffa1aa806fd'),
 ('1171', '51', '2020-07-23 01:00:00', '2020-07-23 04:00:00', NULL, '1', 'FREQ=WEEKLY;DSTART=20160420T000000Z;BYDAY=TU,TH;WKST=MO', 'Weekly on Tuesday and Thursday', '1', 'en_us', '2016-04-21 04:37:02', '2016-04-21 04:37:02', '899f9a81-38ba-416a-bbcf-270575595dd8'),
 ('1172', '51', '2020-07-28 01:00:00', '2020-07-28 04:00:00', NULL, '1', 'FREQ=WEEKLY;DSTART=20160420T000000Z;BYDAY=TU,TH;WKST=MO', 'Weekly on Tuesday and Thursday', '1', 'en_us', '2016-04-21 04:37:02', '2016-04-21 04:37:02', '691199f2-3b2c-4d96-bbe8-da956fe6c4ab'),
 ('1173', '51', '2020-07-30 01:00:00', '2020-07-30 04:00:00', NULL, '1', 'FREQ=WEEKLY;DSTART=20160420T000000Z;BYDAY=TU,TH;WKST=MO', 'Weekly on Tuesday and Thursday', '1', 'en_us', '2016-04-21 04:37:02', '2016-04-21 04:37:02', '881310e0-ae54-47fa-a668-35fca08d0c9b'),
 ('1174', '51', '2020-08-04 01:00:00', '2020-08-04 04:00:00', NULL, '1', 'FREQ=WEEKLY;DSTART=20160420T000000Z;BYDAY=TU,TH;WKST=MO', 'Weekly on Tuesday and Thursday', '1', 'en_us', '2016-04-21 04:37:02', '2016-04-21 04:37:02', '1e8b46cf-5a31-4d47-af1e-f4d7b49b7f45'),
 ('1175', '51', '2020-08-06 01:00:00', '2020-08-06 04:00:00', NULL, '1', 'FREQ=WEEKLY;DSTART=20160420T000000Z;BYDAY=TU,TH;WKST=MO', 'Weekly on Tuesday and Thursday', '1', 'en_us', '2016-04-21 04:37:02', '2016-04-21 04:37:02', '0d1abc56-51d7-43cd-8bae-7d318f181e86'),
 ('1176', '51', '2020-08-11 01:00:00', '2020-08-11 04:00:00', NULL, '1', 'FREQ=WEEKLY;DSTART=20160420T000000Z;BYDAY=TU,TH;WKST=MO', 'Weekly on Tuesday and Thursday', '1', 'en_us', '2016-04-21 04:37:02', '2016-04-21 04:37:02', 'e3ded698-9ab7-40f1-88e6-6c0a6852ae9d'),
 ('1177', '51', '2020-08-13 01:00:00', '2020-08-13 04:00:00', NULL, '1', 'FREQ=WEEKLY;DSTART=20160420T000000Z;BYDAY=TU,TH;WKST=MO', 'Weekly on Tuesday and Thursday', '1', 'en_us', '2016-04-21 04:37:02', '2016-04-21 04:37:02', 'af9b6031-4545-467f-926e-f6666cb31557'),
 ('1178', '51', '2020-08-18 01:00:00', '2020-08-18 04:00:00', NULL, '1', 'FREQ=WEEKLY;DSTART=20160420T000000Z;BYDAY=TU,TH;WKST=MO', 'Weekly on Tuesday and Thursday', '1', 'en_us', '2016-04-21 04:37:02', '2016-04-21 04:37:02', 'c3511436-d021-44ea-87c1-ad6a5b79f842'),
 ('1179', '51', '2020-08-20 01:00:00', '2020-08-20 04:00:00', NULL, '1', 'FREQ=WEEKLY;DSTART=20160420T000000Z;BYDAY=TU,TH;WKST=MO', 'Weekly on Tuesday and Thursday', '1', 'en_us', '2016-04-21 04:37:02', '2016-04-21 04:37:02', '6510dd48-fa86-4840-b999-83d9dd776826'),
 ('1180', '51', '2020-08-25 01:00:00', '2020-08-25 04:00:00', NULL, '1', 'FREQ=WEEKLY;DSTART=20160420T000000Z;BYDAY=TU,TH;WKST=MO', 'Weekly on Tuesday and Thursday', '1', 'en_us', '2016-04-21 04:37:02', '2016-04-21 04:37:02', '8ae942c3-0f1d-489a-b0b5-c5820d0f86f0'),
 ('1181', '51', '2020-08-27 01:00:00', '2020-08-27 04:00:00', NULL, '1', 'FREQ=WEEKLY;DSTART=20160420T000000Z;BYDAY=TU,TH;WKST=MO', 'Weekly on Tuesday and Thursday', '1', 'en_us', '2016-04-21 04:37:02', '2016-04-21 04:37:02', '489fb48d-ac61-4c7b-a235-456e1acdb844'),
 ('1182', '51', '2020-09-01 01:00:00', '2020-09-01 04:00:00', NULL, '1', 'FREQ=WEEKLY;DSTART=20160420T000000Z;BYDAY=TU,TH;WKST=MO', 'Weekly on Tuesday and Thursday', '1', 'en_us', '2016-04-21 04:37:02', '2016-04-21 04:37:02', 'b670cdf4-a324-491a-a889-177f896711d7'),
 ('1183', '51', '2020-09-03 01:00:00', '2020-09-03 04:00:00', NULL, '1', 'FREQ=WEEKLY;DSTART=20160420T000000Z;BYDAY=TU,TH;WKST=MO', 'Weekly on Tuesday and Thursday', '1', 'en_us', '2016-04-21 04:37:02', '2016-04-21 04:37:02', 'b624d601-0927-4478-9ca1-2b4ad44a9543'),
 ('1184', '51', '2020-09-08 01:00:00', '2020-09-08 04:00:00', NULL, '1', 'FREQ=WEEKLY;DSTART=20160420T000000Z;BYDAY=TU,TH;WKST=MO', 'Weekly on Tuesday and Thursday', '1', 'en_us', '2016-04-21 04:37:02', '2016-04-21 04:37:02', 'db3b1d1c-486b-4994-b514-218f60c7d692'),
 ('1185', '51', '2020-09-10 01:00:00', '2020-09-10 04:00:00', NULL, '1', 'FREQ=WEEKLY;DSTART=20160420T000000Z;BYDAY=TU,TH;WKST=MO', 'Weekly on Tuesday and Thursday', '1', 'en_us', '2016-04-21 04:37:02', '2016-04-21 04:37:02', '9e10b5ed-099e-4ac9-8d4b-cdb8ee5584e1'),
 ('1186', '51', '2020-09-15 01:00:00', '2020-09-15 04:00:00', NULL, '1', 'FREQ=WEEKLY;DSTART=20160420T000000Z;BYDAY=TU,TH;WKST=MO', 'Weekly on Tuesday and Thursday', '1', 'en_us', '2016-04-21 04:37:02', '2016-04-21 04:37:02', 'a55abb35-c3a4-483c-ae6a-07b0e7174519'),
 ('1187', '51', '2020-09-17 01:00:00', '2020-09-17 04:00:00', NULL, '1', 'FREQ=WEEKLY;DSTART=20160420T000000Z;BYDAY=TU,TH;WKST=MO', 'Weekly on Tuesday and Thursday', '1', 'en_us', '2016-04-21 04:37:02', '2016-04-21 04:37:02', 'fefc2522-a03c-4003-9cf7-c389d1a223d3'),
 ('1188', '51', '2020-09-22 01:00:00', '2020-09-22 04:00:00', NULL, '1', 'FREQ=WEEKLY;DSTART=20160420T000000Z;BYDAY=TU,TH;WKST=MO', 'Weekly on Tuesday and Thursday', '1', 'en_us', '2016-04-21 04:37:02', '2016-04-21 04:37:02', '25877cfb-ef20-4a8f-8ad2-683dd24173fa'),
 ('1189', '51', '2020-09-24 01:00:00', '2020-09-24 04:00:00', NULL, '1', 'FREQ=WEEKLY;DSTART=20160420T000000Z;BYDAY=TU,TH;WKST=MO', 'Weekly on Tuesday and Thursday', '1', 'en_us', '2016-04-21 04:37:02', '2016-04-21 04:37:02', 'eacf2554-11e7-4143-8b0b-b3d8e70293b0'),
 ('1190', '51', '2020-09-29 01:00:00', '2020-09-29 04:00:00', NULL, '1', 'FREQ=WEEKLY;DSTART=20160420T000000Z;BYDAY=TU,TH;WKST=MO', 'Weekly on Tuesday and Thursday', '1', 'en_us', '2016-04-21 04:37:02', '2016-04-21 04:37:02', '7de4e3a7-2714-4150-9ab4-8cf619bd1c88'),
 ('1191', '51', '2020-10-01 01:00:00', '2020-10-01 04:00:00', NULL, '1', 'FREQ=WEEKLY;DSTART=20160420T000000Z;BYDAY=TU,TH;WKST=MO', 'Weekly on Tuesday and Thursday', '1', 'en_us', '2016-04-21 04:37:02', '2016-04-21 04:37:02', '80e1dffe-0f17-4b0a-aa2c-0ae0ed86d3f5'),
 ('1192', '51', '2020-10-06 01:00:00', '2020-10-06 04:00:00', NULL, '1', 'FREQ=WEEKLY;DSTART=20160420T000000Z;BYDAY=TU,TH;WKST=MO', 'Weekly on Tuesday and Thursday', '1', 'en_us', '2016-04-21 04:37:02', '2016-04-21 04:37:02', '6b29ecbf-09df-4c19-9f45-d0d9ced9a361'),
 ('1193', '51', '2020-10-08 01:00:00', '2020-10-08 04:00:00', NULL, '1', 'FREQ=WEEKLY;DSTART=20160420T000000Z;BYDAY=TU,TH;WKST=MO', 'Weekly on Tuesday and Thursday', '1', 'en_us', '2016-04-21 04:37:02', '2016-04-21 04:37:02', 'e1ce9807-cb53-41f5-8546-681a0eb6bb89'),
 ('1194', '51', '2020-10-13 01:00:00', '2020-10-13 04:00:00', NULL, '1', 'FREQ=WEEKLY;DSTART=20160420T000000Z;BYDAY=TU,TH;WKST=MO', 'Weekly on Tuesday and Thursday', '1', 'en_us', '2016-04-21 04:37:02', '2016-04-21 04:37:02', '085a87fb-6ef8-45f4-b1de-b44e556ffcf9'),
 ('1195', '51', '2020-10-15 01:00:00', '2020-10-15 04:00:00', NULL, '1', 'FREQ=WEEKLY;DSTART=20160420T000000Z;BYDAY=TU,TH;WKST=MO', 'Weekly on Tuesday and Thursday', '1', 'en_us', '2016-04-21 04:37:02', '2016-04-21 04:37:02', '48088255-3241-471e-884a-da4e69c1bd07'),
 ('1196', '51', '2020-10-20 01:00:00', '2020-10-20 04:00:00', NULL, '1', 'FREQ=WEEKLY;DSTART=20160420T000000Z;BYDAY=TU,TH;WKST=MO', 'Weekly on Tuesday and Thursday', '1', 'en_us', '2016-04-21 04:37:02', '2016-04-21 04:37:02', 'e7e1f0ec-77b4-45a2-a59e-7d58edd90e2a'),
 ('1197', '51', '2020-10-22 01:00:00', '2020-10-22 04:00:00', NULL, '1', 'FREQ=WEEKLY;DSTART=20160420T000000Z;BYDAY=TU,TH;WKST=MO', 'Weekly on Tuesday and Thursday', '1', 'en_us', '2016-04-21 04:37:02', '2016-04-21 04:37:02', 'aee54651-1a9a-4749-a82a-53b1ae0d3f15'),
 ('1198', '51', '2020-10-27 01:00:00', '2020-10-27 04:00:00', NULL, '1', 'FREQ=WEEKLY;DSTART=20160420T000000Z;BYDAY=TU,TH;WKST=MO', 'Weekly on Tuesday and Thursday', '1', 'en_us', '2016-04-21 04:37:02', '2016-04-21 04:37:02', 'bb82a8e0-7574-4c12-8f01-300fbeab42fc'),
 ('1199', '51', '2020-10-29 01:00:00', '2020-10-29 04:00:00', NULL, '1', 'FREQ=WEEKLY;DSTART=20160420T000000Z;BYDAY=TU,TH;WKST=MO', 'Weekly on Tuesday and Thursday', '1', 'en_us', '2016-04-21 04:37:02', '2016-04-21 04:37:02', 'ef5dd680-613f-4f08-a436-2d0ff2e6ef9b'),
 ('1200', '51', '2020-11-03 01:00:00', '2020-11-03 04:00:00', NULL, '1', 'FREQ=WEEKLY;DSTART=20160420T000000Z;BYDAY=TU,TH;WKST=MO', 'Weekly on Tuesday and Thursday', '1', 'en_us', '2016-04-21 04:37:02', '2016-04-21 04:37:02', '9ca528d7-5cee-4fc3-a314-9b39c7da8b80'),
 ('1201', '51', '2020-11-05 01:00:00', '2020-11-05 04:00:00', NULL, '1', 'FREQ=WEEKLY;DSTART=20160420T000000Z;BYDAY=TU,TH;WKST=MO', 'Weekly on Tuesday and Thursday', '1', 'en_us', '2016-04-21 04:37:02', '2016-04-21 04:37:02', 'c93c1b64-5b7f-4e75-8e32-e4cb37e2f939'),
 ('1202', '51', '2020-11-10 01:00:00', '2020-11-10 04:00:00', NULL, '1', 'FREQ=WEEKLY;DSTART=20160420T000000Z;BYDAY=TU,TH;WKST=MO', 'Weekly on Tuesday and Thursday', '1', 'en_us', '2016-04-21 04:37:02', '2016-04-21 04:37:02', 'fd22f8c0-4d6d-43b2-98db-09cf581314fe'),
 ('1203', '51', '2020-11-12 01:00:00', '2020-11-12 04:00:00', NULL, '1', 'FREQ=WEEKLY;DSTART=20160420T000000Z;BYDAY=TU,TH;WKST=MO', 'Weekly on Tuesday and Thursday', '1', 'en_us', '2016-04-21 04:37:02', '2016-04-21 04:37:02', 'aa0f83c7-8506-42b8-b645-48eb853d60fd'),
 ('1204', '51', '2020-11-17 01:00:00', '2020-11-17 04:00:00', NULL, '1', 'FREQ=WEEKLY;DSTART=20160420T000000Z;BYDAY=TU,TH;WKST=MO', 'Weekly on Tuesday and Thursday', '1', 'en_us', '2016-04-21 04:37:02', '2016-04-21 04:37:02', 'c6ad713a-339c-4482-8388-9c35cecb3e8f'),
 ('1205', '51', '2020-11-19 01:00:00', '2020-11-19 04:00:00', NULL, '1', 'FREQ=WEEKLY;DSTART=20160420T000000Z;BYDAY=TU,TH;WKST=MO', 'Weekly on Tuesday and Thursday', '1', 'en_us', '2016-04-21 04:37:02', '2016-04-21 04:37:02', 'cba02c13-cebc-4562-91c8-cc0ab118e491'),
 ('1206', '51', '2020-11-24 01:00:00', '2020-11-24 04:00:00', NULL, '1', 'FREQ=WEEKLY;DSTART=20160420T000000Z;BYDAY=TU,TH;WKST=MO', 'Weekly on Tuesday and Thursday', '1', 'en_us', '2016-04-21 04:37:02', '2016-04-21 04:37:02', '35b891b9-c449-4365-9ac9-5cba689a62c1'),
 ('1207', '51', '2020-11-26 01:00:00', '2020-11-26 04:00:00', NULL, '1', 'FREQ=WEEKLY;DSTART=20160420T000000Z;BYDAY=TU,TH;WKST=MO', 'Weekly on Tuesday and Thursday', '1', 'en_us', '2016-04-21 04:37:02', '2016-04-21 04:37:02', '1108ba21-5bc0-4be8-ad92-918e9a0ea0e2'),
 ('1208', '51', '2020-12-01 01:00:00', '2020-12-01 04:00:00', NULL, '1', 'FREQ=WEEKLY;DSTART=20160420T000000Z;BYDAY=TU,TH;WKST=MO', 'Weekly on Tuesday and Thursday', '1', 'en_us', '2016-04-21 04:37:02', '2016-04-21 04:37:02', '16b4283f-6242-4f35-9e01-7dc0618a5d82'),
 ('1209', '51', '2020-12-03 01:00:00', '2020-12-03 04:00:00', NULL, '1', 'FREQ=WEEKLY;DSTART=20160420T000000Z;BYDAY=TU,TH;WKST=MO', 'Weekly on Tuesday and Thursday', '1', 'en_us', '2016-04-21 04:37:02', '2016-04-21 04:37:02', '57de84eb-4591-4a02-9b56-a2c0a5cac0e2'),
 ('1210', '51', '2020-12-08 01:00:00', '2020-12-08 04:00:00', NULL, '1', 'FREQ=WEEKLY;DSTART=20160420T000000Z;BYDAY=TU,TH;WKST=MO', 'Weekly on Tuesday and Thursday', '1', 'en_us', '2016-04-21 04:37:02', '2016-04-21 04:37:02', '0b3d00d3-43ac-4805-8f36-a6bd2f6ebcc9'),
 ('1211', '51', '2020-12-10 01:00:00', '2020-12-10 04:00:00', NULL, '1', 'FREQ=WEEKLY;DSTART=20160420T000000Z;BYDAY=TU,TH;WKST=MO', 'Weekly on Tuesday and Thursday', '1', 'en_us', '2016-04-21 04:37:02', '2016-04-21 04:37:02', 'fe3547ef-d0d8-4e8c-a7a7-f79e214dccb0'),
 ('1212', '51', '2020-12-15 01:00:00', '2020-12-15 04:00:00', NULL, '1', 'FREQ=WEEKLY;DSTART=20160420T000000Z;BYDAY=TU,TH;WKST=MO', 'Weekly on Tuesday and Thursday', '1', 'en_us', '2016-04-21 04:37:02', '2016-04-21 04:37:02', '4bfe4a43-11e1-4b00-8baf-0255863f508f'),
 ('1213', '51', '2020-12-17 01:00:00', '2020-12-17 04:00:00', NULL, '1', 'FREQ=WEEKLY;DSTART=20160420T000000Z;BYDAY=TU,TH;WKST=MO', 'Weekly on Tuesday and Thursday', '1', 'en_us', '2016-04-21 04:37:02', '2016-04-21 04:37:02', '200fd20c-cdf0-45c6-9856-7780c259f3ce'),
 ('1214', '51', '2020-12-22 01:00:00', '2020-12-22 04:00:00', NULL, '1', 'FREQ=WEEKLY;DSTART=20160420T000000Z;BYDAY=TU,TH;WKST=MO', 'Weekly on Tuesday and Thursday', '1', 'en_us', '2016-04-21 04:37:02', '2016-04-21 04:37:02', 'eb9ecdf8-d47b-4326-ac4e-c725606f6840'),
 ('1215', '51', '2020-12-24 01:00:00', '2020-12-24 04:00:00', NULL, '1', 'FREQ=WEEKLY;DSTART=20160420T000000Z;BYDAY=TU,TH;WKST=MO', 'Weekly on Tuesday and Thursday', '1', 'en_us', '2016-04-21 04:37:02', '2016-04-21 04:37:02', '5962edfc-4a04-42ed-8065-a454eae7897a'),
 ('1216', '51', '2020-12-29 01:00:00', '2020-12-29 04:00:00', NULL, '1', 'FREQ=WEEKLY;DSTART=20160420T000000Z;BYDAY=TU,TH;WKST=MO', 'Weekly on Tuesday and Thursday', '1', 'en_us', '2016-04-21 04:37:02', '2016-04-21 04:37:02', '358b4dd5-57d6-414d-b6b3-24bc05bf1a62'),
 ('1217', '51', '2020-12-31 01:00:00', '2020-12-31 04:00:00', NULL, '1', 'FREQ=WEEKLY;DSTART=20160420T000000Z;BYDAY=TU,TH;WKST=MO', 'Weekly on Tuesday and Thursday', '1', 'en_us', '2016-04-21 04:37:02', '2016-04-21 04:37:02', 'eafd9aac-46c1-4d0b-963e-9dc567f6185b'),
 ('1218', '51', '2021-01-05 01:00:00', '2021-01-05 04:00:00', NULL, '1', 'FREQ=WEEKLY;DSTART=20160420T000000Z;BYDAY=TU,TH;WKST=MO', 'Weekly on Tuesday and Thursday', '1', 'en_us', '2016-04-21 04:37:02', '2016-04-21 04:37:02', '9f0531a7-ce5b-4d90-80f8-236144c72653'),
 ('1219', '51', '2021-01-07 01:00:00', '2021-01-07 04:00:00', NULL, '1', 'FREQ=WEEKLY;DSTART=20160420T000000Z;BYDAY=TU,TH;WKST=MO', 'Weekly on Tuesday and Thursday', '1', 'en_us', '2016-04-21 04:37:02', '2016-04-21 04:37:02', '1e9ea2b3-24ba-44d0-80fb-40f691b701ec'),
 ('1220', '51', '2021-01-12 01:00:00', '2021-01-12 04:00:00', NULL, '1', 'FREQ=WEEKLY;DSTART=20160420T000000Z;BYDAY=TU,TH;WKST=MO', 'Weekly on Tuesday and Thursday', '1', 'en_us', '2016-04-21 04:37:02', '2016-04-21 04:37:02', 'ddd34492-d8d2-4e65-b303-39403629ee57'),
 ('1221', '51', '2021-01-14 01:00:00', '2021-01-14 04:00:00', NULL, '1', 'FREQ=WEEKLY;DSTART=20160420T000000Z;BYDAY=TU,TH;WKST=MO', 'Weekly on Tuesday and Thursday', '1', 'en_us', '2016-04-21 04:37:02', '2016-04-21 04:37:02', 'ac705112-33a1-4935-bd5d-ddd7953c0f3b'),
 ('1222', '51', '2021-01-19 01:00:00', '2021-01-19 04:00:00', NULL, '1', 'FREQ=WEEKLY;DSTART=20160420T000000Z;BYDAY=TU,TH;WKST=MO', 'Weekly on Tuesday and Thursday', '1', 'en_us', '2016-04-21 04:37:02', '2016-04-21 04:37:02', '181ba59d-1bb2-4b44-98b8-baaf516a7986'),
 ('1223', '51', '2021-01-21 01:00:00', '2021-01-21 04:00:00', NULL, '1', 'FREQ=WEEKLY;DSTART=20160420T000000Z;BYDAY=TU,TH;WKST=MO', 'Weekly on Tuesday and Thursday', '1', 'en_us', '2016-04-21 04:37:02', '2016-04-21 04:37:02', 'cdb64079-6ed8-4f98-b0ec-2421d89a535f'),
 ('1224', '51', '2021-01-26 01:00:00', '2021-01-26 04:00:00', NULL, '1', 'FREQ=WEEKLY;DSTART=20160420T000000Z;BYDAY=TU,TH;WKST=MO', 'Weekly on Tuesday and Thursday', '1', 'en_us', '2016-04-21 04:37:02', '2016-04-21 04:37:02', '847d2eea-fddc-4819-9c49-5cc2dbc75d3a'),
 ('1225', '51', '2021-01-28 01:00:00', '2021-01-28 04:00:00', NULL, '1', 'FREQ=WEEKLY;DSTART=20160420T000000Z;BYDAY=TU,TH;WKST=MO', 'Weekly on Tuesday and Thursday', '1', 'en_us', '2016-04-21 04:37:02', '2016-04-21 04:37:02', '77e4ec6e-2e84-4a18-984b-8a39fc8ae841'),
 ('1226', '51', '2021-02-02 01:00:00', '2021-02-02 04:00:00', NULL, '1', 'FREQ=WEEKLY;DSTART=20160420T000000Z;BYDAY=TU,TH;WKST=MO', 'Weekly on Tuesday and Thursday', '1', 'en_us', '2016-04-21 04:37:02', '2016-04-21 04:37:02', 'bd918baf-ab07-4870-8fec-2e5341215a05'),
 ('1227', '51', '2021-02-04 01:00:00', '2021-02-04 04:00:00', NULL, '1', 'FREQ=WEEKLY;DSTART=20160420T000000Z;BYDAY=TU,TH;WKST=MO', 'Weekly on Tuesday and Thursday', '1', 'en_us', '2016-04-21 04:37:02', '2016-04-21 04:37:02', 'e9e154a7-516b-4ad2-a906-389a10a52bfe');
INSERT INTO `craft_venti_events` (`eid`, `eventid`, `startDate`, `endDate`, `allDay`, `repeat`, `rRule`, `summary`, `isrepeat`, `locale`, `dateCreated`, `dateUpdated`, `uid`) VALUES
 ('1228', '51', '2021-02-09 01:00:00', '2021-02-09 04:00:00', NULL, '1', 'FREQ=WEEKLY;DSTART=20160420T000000Z;BYDAY=TU,TH;WKST=MO', 'Weekly on Tuesday and Thursday', '1', 'en_us', '2016-04-21 04:37:02', '2016-04-21 04:37:02', '5c0634c1-db96-4ea9-a816-6de5400503af'),
 ('1229', '51', '2021-02-11 01:00:00', '2021-02-11 04:00:00', NULL, '1', 'FREQ=WEEKLY;DSTART=20160420T000000Z;BYDAY=TU,TH;WKST=MO', 'Weekly on Tuesday and Thursday', '1', 'en_us', '2016-04-21 04:37:02', '2016-04-21 04:37:02', 'b38951b2-235d-452a-b3bf-3e4fa4ce7a36'),
 ('1230', '51', '2021-02-16 01:00:00', '2021-02-16 04:00:00', NULL, '1', 'FREQ=WEEKLY;DSTART=20160420T000000Z;BYDAY=TU,TH;WKST=MO', 'Weekly on Tuesday and Thursday', '1', 'en_us', '2016-04-21 04:37:02', '2016-04-21 04:37:02', '7f64f997-b669-480e-8c96-633ba249c60b'),
 ('1231', '51', '2021-02-18 01:00:00', '2021-02-18 04:00:00', NULL, '1', 'FREQ=WEEKLY;DSTART=20160420T000000Z;BYDAY=TU,TH;WKST=MO', 'Weekly on Tuesday and Thursday', '1', 'en_us', '2016-04-21 04:37:02', '2016-04-21 04:37:02', '7f501fd5-7184-40b1-a8d5-82849c4e4e3a'),
 ('1232', '51', '2021-02-23 01:00:00', '2021-02-23 04:00:00', NULL, '1', 'FREQ=WEEKLY;DSTART=20160420T000000Z;BYDAY=TU,TH;WKST=MO', 'Weekly on Tuesday and Thursday', '1', 'en_us', '2016-04-21 04:37:02', '2016-04-21 04:37:02', '21d0b7cb-7f00-471e-be86-afd6338c9ebc'),
 ('1233', '51', '2021-02-25 01:00:00', '2021-02-25 04:00:00', NULL, '1', 'FREQ=WEEKLY;DSTART=20160420T000000Z;BYDAY=TU,TH;WKST=MO', 'Weekly on Tuesday and Thursday', '1', 'en_us', '2016-04-21 04:37:02', '2016-04-21 04:37:02', 'a407a8c5-ce17-4f3d-af24-d7c9bd683a87'),
 ('1234', '51', '2021-03-02 01:00:00', '2021-03-02 04:00:00', NULL, '1', 'FREQ=WEEKLY;DSTART=20160420T000000Z;BYDAY=TU,TH;WKST=MO', 'Weekly on Tuesday and Thursday', '1', 'en_us', '2016-04-21 04:37:02', '2016-04-21 04:37:02', 'fb295e53-c9d4-4094-963a-5ca8a861336d'),
 ('1235', '51', '2021-03-04 01:00:00', '2021-03-04 04:00:00', NULL, '1', 'FREQ=WEEKLY;DSTART=20160420T000000Z;BYDAY=TU,TH;WKST=MO', 'Weekly on Tuesday and Thursday', '1', 'en_us', '2016-04-21 04:37:02', '2016-04-21 04:37:02', 'e4f32472-8b78-4f0c-bef4-d94b36701ac5'),
 ('1236', '51', '2021-03-09 01:00:00', '2021-03-09 04:00:00', NULL, '1', 'FREQ=WEEKLY;DSTART=20160420T000000Z;BYDAY=TU,TH;WKST=MO', 'Weekly on Tuesday and Thursday', '1', 'en_us', '2016-04-21 04:37:02', '2016-04-21 04:37:02', 'ba5aa55c-b160-4ec8-a88d-4990cc845d7d'),
 ('1237', '51', '2021-03-11 01:00:00', '2021-03-11 04:00:00', NULL, '1', 'FREQ=WEEKLY;DSTART=20160420T000000Z;BYDAY=TU,TH;WKST=MO', 'Weekly on Tuesday and Thursday', '1', 'en_us', '2016-04-21 04:37:02', '2016-04-21 04:37:02', '74ec5e6d-cab1-487a-93f6-d527d2fd8b06'),
 ('1238', '51', '2021-03-16 01:00:00', '2021-03-16 04:00:00', NULL, '1', 'FREQ=WEEKLY;DSTART=20160420T000000Z;BYDAY=TU,TH;WKST=MO', 'Weekly on Tuesday and Thursday', '1', 'en_us', '2016-04-21 04:37:02', '2016-04-21 04:37:02', '205964ba-8a86-481a-8c8f-7f137563b16d'),
 ('1239', '51', '2021-03-18 01:00:00', '2021-03-18 04:00:00', NULL, '1', 'FREQ=WEEKLY;DSTART=20160420T000000Z;BYDAY=TU,TH;WKST=MO', 'Weekly on Tuesday and Thursday', '1', 'en_us', '2016-04-21 04:37:02', '2016-04-21 04:37:02', 'a6a5f8ba-44da-4670-9ba0-cb513cb3b759'),
 ('1240', '51', '2021-03-23 01:00:00', '2021-03-23 04:00:00', NULL, '1', 'FREQ=WEEKLY;DSTART=20160420T000000Z;BYDAY=TU,TH;WKST=MO', 'Weekly on Tuesday and Thursday', '1', 'en_us', '2016-04-21 04:37:02', '2016-04-21 04:37:02', '9d714ab9-8f51-4b3c-90ee-830e1d2ac4bf'),
 ('1241', '51', '2021-03-25 01:00:00', '2021-03-25 04:00:00', NULL, '1', 'FREQ=WEEKLY;DSTART=20160420T000000Z;BYDAY=TU,TH;WKST=MO', 'Weekly on Tuesday and Thursday', '1', 'en_us', '2016-04-21 04:37:02', '2016-04-21 04:37:02', 'e1401f85-04fa-42df-8bd0-8372a61b18cb'),
 ('1242', '51', '2021-03-30 01:00:00', '2021-03-30 04:00:00', NULL, '1', 'FREQ=WEEKLY;DSTART=20160420T000000Z;BYDAY=TU,TH;WKST=MO', 'Weekly on Tuesday and Thursday', '1', 'en_us', '2016-04-21 04:37:02', '2016-04-21 04:37:02', '09bd2dfc-7b6f-42d2-b635-8e8851213e95'),
 ('1243', '51', '2021-04-01 01:00:00', '2021-04-01 04:00:00', NULL, '1', 'FREQ=WEEKLY;DSTART=20160420T000000Z;BYDAY=TU,TH;WKST=MO', 'Weekly on Tuesday and Thursday', '1', 'en_us', '2016-04-21 04:37:02', '2016-04-21 04:37:02', '90c10e8f-5d82-441b-9722-e280063cac93'),
 ('1244', '51', '2021-04-06 01:00:00', '2021-04-06 04:00:00', NULL, '1', 'FREQ=WEEKLY;DSTART=20160420T000000Z;BYDAY=TU,TH;WKST=MO', 'Weekly on Tuesday and Thursday', '1', 'en_us', '2016-04-21 04:37:02', '2016-04-21 04:37:02', '5c1deccb-e91b-4be9-8567-fea351177265'),
 ('1245', '51', '2021-04-08 01:00:00', '2021-04-08 04:00:00', NULL, '1', 'FREQ=WEEKLY;DSTART=20160420T000000Z;BYDAY=TU,TH;WKST=MO', 'Weekly on Tuesday and Thursday', '1', 'en_us', '2016-04-21 04:37:02', '2016-04-21 04:37:02', 'c25d4120-4486-485a-b2d7-1ae191b8acfa'),
 ('1246', '51', '2021-04-13 01:00:00', '2021-04-13 04:00:00', NULL, '1', 'FREQ=WEEKLY;DSTART=20160420T000000Z;BYDAY=TU,TH;WKST=MO', 'Weekly on Tuesday and Thursday', '1', 'en_us', '2016-04-21 04:37:02', '2016-04-21 04:37:02', '0a70ea4d-2ae9-4b72-98ac-5dc764800350'),
 ('1247', '51', '2021-04-15 01:00:00', '2021-04-15 04:00:00', NULL, '1', 'FREQ=WEEKLY;DSTART=20160420T000000Z;BYDAY=TU,TH;WKST=MO', 'Weekly on Tuesday and Thursday', '1', 'en_us', '2016-04-21 04:37:02', '2016-04-21 04:37:02', 'fc88345c-1f6f-426e-a689-76ff571320ef'),
 ('1248', '51', '2021-04-20 01:00:00', '2021-04-20 04:00:00', NULL, '1', 'FREQ=WEEKLY;DSTART=20160420T000000Z;BYDAY=TU,TH;WKST=MO', 'Weekly on Tuesday and Thursday', '1', 'en_us', '2016-04-21 04:37:02', '2016-04-21 04:37:02', 'a0e62e2a-c00b-49cd-9b59-0bee628053ea'),
 ('1249', '51', '2021-04-22 01:00:00', '2021-04-22 04:00:00', NULL, '1', 'FREQ=WEEKLY;DSTART=20160420T000000Z;BYDAY=TU,TH;WKST=MO', 'Weekly on Tuesday and Thursday', '1', 'en_us', '2016-04-21 04:37:02', '2016-04-21 04:37:02', 'dea92f5b-cbd7-4d87-bf1f-9b8154b7b2e0'),
 ('1250', '51', '2021-04-27 01:00:00', '2021-04-27 04:00:00', NULL, '1', 'FREQ=WEEKLY;DSTART=20160420T000000Z;BYDAY=TU,TH;WKST=MO', 'Weekly on Tuesday and Thursday', '1', 'en_us', '2016-04-21 04:37:02', '2016-04-21 04:37:02', '60a4827b-515d-4014-9eef-afb58d1bcb68'),
 ('1251', '51', '2021-04-29 01:00:00', '2021-04-29 04:00:00', NULL, '1', 'FREQ=WEEKLY;DSTART=20160420T000000Z;BYDAY=TU,TH;WKST=MO', 'Weekly on Tuesday and Thursday', '1', 'en_us', '2016-04-21 04:37:02', '2016-04-21 04:37:02', '1f2d2b7f-a843-440c-888c-d3e5071f8dfb'),
 ('1252', '51', '2021-05-04 01:00:00', '2021-05-04 04:00:00', NULL, '1', 'FREQ=WEEKLY;DSTART=20160420T000000Z;BYDAY=TU,TH;WKST=MO', 'Weekly on Tuesday and Thursday', '1', 'en_us', '2016-04-21 04:37:02', '2016-04-21 04:37:02', '13b4981c-885d-4af5-9d6e-18cece6db616'),
 ('1253', '51', '2021-05-06 01:00:00', '2021-05-06 04:00:00', NULL, '1', 'FREQ=WEEKLY;DSTART=20160420T000000Z;BYDAY=TU,TH;WKST=MO', 'Weekly on Tuesday and Thursday', '1', 'en_us', '2016-04-21 04:37:02', '2016-04-21 04:37:02', '0ef965f2-004d-4bcf-9936-22bf7658def8'),
 ('1254', '51', '2021-05-11 01:00:00', '2021-05-11 04:00:00', NULL, '1', 'FREQ=WEEKLY;DSTART=20160420T000000Z;BYDAY=TU,TH;WKST=MO', 'Weekly on Tuesday and Thursday', '1', 'en_us', '2016-04-21 04:37:02', '2016-04-21 04:37:02', 'dd9586dc-3127-4aea-b088-84be7c9c3245'),
 ('1255', '51', '2021-05-13 01:00:00', '2021-05-13 04:00:00', NULL, '1', 'FREQ=WEEKLY;DSTART=20160420T000000Z;BYDAY=TU,TH;WKST=MO', 'Weekly on Tuesday and Thursday', '1', 'en_us', '2016-04-21 04:37:02', '2016-04-21 04:37:02', 'a9219999-b599-4f27-bf88-57f468628220'),
 ('1256', '51', '2021-05-18 01:00:00', '2021-05-18 04:00:00', NULL, '1', 'FREQ=WEEKLY;DSTART=20160420T000000Z;BYDAY=TU,TH;WKST=MO', 'Weekly on Tuesday and Thursday', '1', 'en_us', '2016-04-21 04:37:02', '2016-04-21 04:37:02', '0b54632c-2949-4925-bd22-8d92844e4c13'),
 ('1257', '51', '2021-05-20 01:00:00', '2021-05-20 04:00:00', NULL, '1', 'FREQ=WEEKLY;DSTART=20160420T000000Z;BYDAY=TU,TH;WKST=MO', 'Weekly on Tuesday and Thursday', '1', 'en_us', '2016-04-21 04:37:02', '2016-04-21 04:37:02', 'd542f02e-52fb-401c-9842-1d98ff612834'),
 ('1258', '51', '2021-05-25 01:00:00', '2021-05-25 04:00:00', NULL, '1', 'FREQ=WEEKLY;DSTART=20160420T000000Z;BYDAY=TU,TH;WKST=MO', 'Weekly on Tuesday and Thursday', '1', 'en_us', '2016-04-21 04:37:02', '2016-04-21 04:37:02', '23810fc9-c8d1-47f3-b014-227722875175'),
 ('1259', '51', '2021-05-27 01:00:00', '2021-05-27 04:00:00', NULL, '1', 'FREQ=WEEKLY;DSTART=20160420T000000Z;BYDAY=TU,TH;WKST=MO', 'Weekly on Tuesday and Thursday', '1', 'en_us', '2016-04-21 04:37:02', '2016-04-21 04:37:02', 'a25296cc-320b-4af8-b237-fa0410f7c0bf'),
 ('1260', '51', '2021-06-01 01:00:00', '2021-06-01 04:00:00', NULL, '1', 'FREQ=WEEKLY;DSTART=20160420T000000Z;BYDAY=TU,TH;WKST=MO', 'Weekly on Tuesday and Thursday', '1', 'en_us', '2016-04-21 04:37:02', '2016-04-21 04:37:02', '50723e7a-ea9b-4c2b-807a-f08ebe51d6a2'),
 ('1261', '51', '2021-06-03 01:00:00', '2021-06-03 04:00:00', NULL, '1', 'FREQ=WEEKLY;DSTART=20160420T000000Z;BYDAY=TU,TH;WKST=MO', 'Weekly on Tuesday and Thursday', '1', 'en_us', '2016-04-21 04:37:02', '2016-04-21 04:37:02', '5d483535-577e-4e25-8fbe-0401ff0ef9e1'),
 ('1262', '51', '2021-06-08 01:00:00', '2021-06-08 04:00:00', NULL, '1', 'FREQ=WEEKLY;DSTART=20160420T000000Z;BYDAY=TU,TH;WKST=MO', 'Weekly on Tuesday and Thursday', '1', 'en_us', '2016-04-21 04:37:02', '2016-04-21 04:37:02', '0e894491-a2b5-4310-80e4-3ccc1e072cdd'),
 ('1263', '51', '2021-06-10 01:00:00', '2021-06-10 04:00:00', NULL, '1', 'FREQ=WEEKLY;DSTART=20160420T000000Z;BYDAY=TU,TH;WKST=MO', 'Weekly on Tuesday and Thursday', '1', 'en_us', '2016-04-21 04:37:02', '2016-04-21 04:37:02', '08b2eb6d-6eca-4df5-bf16-b23361b887b7'),
 ('1264', '51', '2021-06-15 01:00:00', '2021-06-15 04:00:00', NULL, '1', 'FREQ=WEEKLY;DSTART=20160420T000000Z;BYDAY=TU,TH;WKST=MO', 'Weekly on Tuesday and Thursday', '1', 'en_us', '2016-04-21 04:37:02', '2016-04-21 04:37:02', '1307c813-38fb-4b39-bf08-e373cea8c720'),
 ('1265', '51', '2021-06-17 01:00:00', '2021-06-17 04:00:00', NULL, '1', 'FREQ=WEEKLY;DSTART=20160420T000000Z;BYDAY=TU,TH;WKST=MO', 'Weekly on Tuesday and Thursday', '1', 'en_us', '2016-04-21 04:37:02', '2016-04-21 04:37:02', '576af2e8-6402-42f4-aa8a-cdea16afde49'),
 ('1266', '51', '2021-06-22 01:00:00', '2021-06-22 04:00:00', NULL, '1', 'FREQ=WEEKLY;DSTART=20160420T000000Z;BYDAY=TU,TH;WKST=MO', 'Weekly on Tuesday and Thursday', '1', 'en_us', '2016-04-21 04:37:02', '2016-04-21 04:37:02', '6cb37261-7d34-4cec-9442-1f7126165d0c'),
 ('1267', '51', '2021-06-24 01:00:00', '2021-06-24 04:00:00', NULL, '1', 'FREQ=WEEKLY;DSTART=20160420T000000Z;BYDAY=TU,TH;WKST=MO', 'Weekly on Tuesday and Thursday', '1', 'en_us', '2016-04-21 04:37:02', '2016-04-21 04:37:02', 'ff5f7432-50e3-499f-8957-450162bbe29a'),
 ('1268', '51', '2021-06-29 01:00:00', '2021-06-29 04:00:00', NULL, '1', 'FREQ=WEEKLY;DSTART=20160420T000000Z;BYDAY=TU,TH;WKST=MO', 'Weekly on Tuesday and Thursday', '1', 'en_us', '2016-04-21 04:37:02', '2016-04-21 04:37:02', 'fb6d93f3-74cd-4398-82b1-583691756ac9'),
 ('1269', '51', '2021-07-01 01:00:00', '2021-07-01 04:00:00', NULL, '1', 'FREQ=WEEKLY;DSTART=20160420T000000Z;BYDAY=TU,TH;WKST=MO', 'Weekly on Tuesday and Thursday', '1', 'en_us', '2016-04-21 04:37:02', '2016-04-21 04:37:02', '31d6b965-e90d-41a5-87a5-4dfdf7aebcdf'),
 ('1270', '51', '2021-07-06 01:00:00', '2021-07-06 04:00:00', NULL, '1', 'FREQ=WEEKLY;DSTART=20160420T000000Z;BYDAY=TU,TH;WKST=MO', 'Weekly on Tuesday and Thursday', '1', 'en_us', '2016-04-21 04:37:02', '2016-04-21 04:37:02', 'caa81f91-3de9-419f-be8c-6cad3187521a'),
 ('1271', '51', '2021-07-08 01:00:00', '2021-07-08 04:00:00', NULL, '1', 'FREQ=WEEKLY;DSTART=20160420T000000Z;BYDAY=TU,TH;WKST=MO', 'Weekly on Tuesday and Thursday', '1', 'en_us', '2016-04-21 04:37:02', '2016-04-21 04:37:02', 'b15b7b4b-6d25-4142-ace4-487286b6b428'),
 ('1272', '51', '2021-07-13 01:00:00', '2021-07-13 04:00:00', NULL, '1', 'FREQ=WEEKLY;DSTART=20160420T000000Z;BYDAY=TU,TH;WKST=MO', 'Weekly on Tuesday and Thursday', '1', 'en_us', '2016-04-21 04:37:02', '2016-04-21 04:37:02', '6b671f9e-9e80-4a61-a5c0-1b0041cbe40e'),
 ('1273', '51', '2021-07-15 01:00:00', '2021-07-15 04:00:00', NULL, '1', 'FREQ=WEEKLY;DSTART=20160420T000000Z;BYDAY=TU,TH;WKST=MO', 'Weekly on Tuesday and Thursday', '1', 'en_us', '2016-04-21 04:37:02', '2016-04-21 04:37:02', '01a813cc-d2e0-4019-839c-6aa46ab0256c'),
 ('1274', '51', '2021-07-20 01:00:00', '2021-07-20 04:00:00', NULL, '1', 'FREQ=WEEKLY;DSTART=20160420T000000Z;BYDAY=TU,TH;WKST=MO', 'Weekly on Tuesday and Thursday', '1', 'en_us', '2016-04-21 04:37:02', '2016-04-21 04:37:02', '7545a76e-db9e-43c8-b854-cec54e5c570f'),
 ('1275', '51', '2021-07-22 01:00:00', '2021-07-22 04:00:00', NULL, '1', 'FREQ=WEEKLY;DSTART=20160420T000000Z;BYDAY=TU,TH;WKST=MO', 'Weekly on Tuesday and Thursday', '1', 'en_us', '2016-04-21 04:37:02', '2016-04-21 04:37:02', 'b6397fe2-efed-46ef-814e-4a1a500db4f1'),
 ('1276', '51', '2021-07-27 01:00:00', '2021-07-27 04:00:00', NULL, '1', 'FREQ=WEEKLY;DSTART=20160420T000000Z;BYDAY=TU,TH;WKST=MO', 'Weekly on Tuesday and Thursday', '1', 'en_us', '2016-04-21 04:37:02', '2016-04-21 04:37:02', '78699b21-99b5-4c5e-ba2b-630ae54d037d'),
 ('1277', '51', '2021-07-29 01:00:00', '2021-07-29 04:00:00', NULL, '1', 'FREQ=WEEKLY;DSTART=20160420T000000Z;BYDAY=TU,TH;WKST=MO', 'Weekly on Tuesday and Thursday', '1', 'en_us', '2016-04-21 04:37:02', '2016-04-21 04:37:02', '8a551abd-8fcd-44f8-bd3e-8eb37b5bf882'),
 ('1278', '51', '2021-08-03 01:00:00', '2021-08-03 04:00:00', NULL, '1', 'FREQ=WEEKLY;DSTART=20160420T000000Z;BYDAY=TU,TH;WKST=MO', 'Weekly on Tuesday and Thursday', '1', 'en_us', '2016-04-21 04:37:02', '2016-04-21 04:37:02', '0343d643-0c24-4601-b82d-892443f910ff'),
 ('1279', '51', '2021-08-05 01:00:00', '2021-08-05 04:00:00', NULL, '1', 'FREQ=WEEKLY;DSTART=20160420T000000Z;BYDAY=TU,TH;WKST=MO', 'Weekly on Tuesday and Thursday', '1', 'en_us', '2016-04-21 04:37:02', '2016-04-21 04:37:02', 'effd0756-9d1b-4683-b07e-d29e81b9ab29'),
 ('1280', '51', '2021-08-10 01:00:00', '2021-08-10 04:00:00', NULL, '1', 'FREQ=WEEKLY;DSTART=20160420T000000Z;BYDAY=TU,TH;WKST=MO', 'Weekly on Tuesday and Thursday', '1', 'en_us', '2016-04-21 04:37:02', '2016-04-21 04:37:02', '679fe9e3-bc74-421f-948c-50a0f9f88331'),
 ('1281', '51', '2021-08-12 01:00:00', '2021-08-12 04:00:00', NULL, '1', 'FREQ=WEEKLY;DSTART=20160420T000000Z;BYDAY=TU,TH;WKST=MO', 'Weekly on Tuesday and Thursday', '1', 'en_us', '2016-04-21 04:37:02', '2016-04-21 04:37:02', '0b11c3d0-b548-4748-afd8-7495ec74fad2'),
 ('1282', '51', '2021-08-17 01:00:00', '2021-08-17 04:00:00', NULL, '1', 'FREQ=WEEKLY;DSTART=20160420T000000Z;BYDAY=TU,TH;WKST=MO', 'Weekly on Tuesday and Thursday', '1', 'en_us', '2016-04-21 04:37:02', '2016-04-21 04:37:02', '753e5186-122c-4de5-a1bc-766562afe8bf'),
 ('1283', '51', '2021-08-19 01:00:00', '2021-08-19 04:00:00', NULL, '1', 'FREQ=WEEKLY;DSTART=20160420T000000Z;BYDAY=TU,TH;WKST=MO', 'Weekly on Tuesday and Thursday', '1', 'en_us', '2016-04-21 04:37:02', '2016-04-21 04:37:02', '10b781f2-4ad3-4f67-b187-74cc9a655bd0'),
 ('1284', '51', '2021-08-24 01:00:00', '2021-08-24 04:00:00', NULL, '1', 'FREQ=WEEKLY;DSTART=20160420T000000Z;BYDAY=TU,TH;WKST=MO', 'Weekly on Tuesday and Thursday', '1', 'en_us', '2016-04-21 04:37:02', '2016-04-21 04:37:02', 'ab8e25b9-488a-49f1-9b68-8e4c8f6af4c4'),
 ('1285', '51', '2021-08-26 01:00:00', '2021-08-26 04:00:00', NULL, '1', 'FREQ=WEEKLY;DSTART=20160420T000000Z;BYDAY=TU,TH;WKST=MO', 'Weekly on Tuesday and Thursday', '1', 'en_us', '2016-04-21 04:37:02', '2016-04-21 04:37:02', '4c8d66cb-65e4-468f-9283-16e555e65823'),
 ('1286', '51', '2021-08-31 01:00:00', '2021-08-31 04:00:00', NULL, '1', 'FREQ=WEEKLY;DSTART=20160420T000000Z;BYDAY=TU,TH;WKST=MO', 'Weekly on Tuesday and Thursday', '1', 'en_us', '2016-04-21 04:37:02', '2016-04-21 04:37:02', 'd55e7ba5-b18f-4b62-9c53-963b1f5b2f10'),
 ('1287', '51', '2021-09-02 01:00:00', '2021-09-02 04:00:00', NULL, '1', 'FREQ=WEEKLY;DSTART=20160420T000000Z;BYDAY=TU,TH;WKST=MO', 'Weekly on Tuesday and Thursday', '1', 'en_us', '2016-04-21 04:37:02', '2016-04-21 04:37:02', '66e411ee-54c0-456b-8f9f-638752004faf'),
 ('1288', '51', '2021-09-07 01:00:00', '2021-09-07 04:00:00', NULL, '1', 'FREQ=WEEKLY;DSTART=20160420T000000Z;BYDAY=TU,TH;WKST=MO', 'Weekly on Tuesday and Thursday', '1', 'en_us', '2016-04-21 04:37:02', '2016-04-21 04:37:02', 'f4e7c819-30da-48b6-99b5-f7a089d1bc3b'),
 ('1289', '51', '2021-09-09 01:00:00', '2021-09-09 04:00:00', NULL, '1', 'FREQ=WEEKLY;DSTART=20160420T000000Z;BYDAY=TU,TH;WKST=MO', 'Weekly on Tuesday and Thursday', '1', 'en_us', '2016-04-21 04:37:02', '2016-04-21 04:37:02', '030a7a9d-e25c-471d-a3ba-bccb6bec94c3'),
 ('1290', '51', '2021-09-14 01:00:00', '2021-09-14 04:00:00', NULL, '1', 'FREQ=WEEKLY;DSTART=20160420T000000Z;BYDAY=TU,TH;WKST=MO', 'Weekly on Tuesday and Thursday', '1', 'en_us', '2016-04-21 04:37:02', '2016-04-21 04:37:02', 'ebe4164a-8851-478d-8dfd-e4a5604afaef'),
 ('1291', '51', '2021-09-16 01:00:00', '2021-09-16 04:00:00', NULL, '1', 'FREQ=WEEKLY;DSTART=20160420T000000Z;BYDAY=TU,TH;WKST=MO', 'Weekly on Tuesday and Thursday', '1', 'en_us', '2016-04-21 04:37:02', '2016-04-21 04:37:02', '56d136e7-d54f-4b38-a441-15e13ae52186'),
 ('1292', '51', '2021-09-21 01:00:00', '2021-09-21 04:00:00', NULL, '1', 'FREQ=WEEKLY;DSTART=20160420T000000Z;BYDAY=TU,TH;WKST=MO', 'Weekly on Tuesday and Thursday', '1', 'en_us', '2016-04-21 04:37:02', '2016-04-21 04:37:02', 'a62078aa-0833-4bb9-810e-d95af4e37991'),
 ('1293', '51', '2021-09-23 01:00:00', '2021-09-23 04:00:00', NULL, '1', 'FREQ=WEEKLY;DSTART=20160420T000000Z;BYDAY=TU,TH;WKST=MO', 'Weekly on Tuesday and Thursday', '1', 'en_us', '2016-04-21 04:37:02', '2016-04-21 04:37:02', '947cd454-3f9f-4ede-ad8c-775e61323d82'),
 ('1294', '51', '2021-09-28 01:00:00', '2021-09-28 04:00:00', NULL, '1', 'FREQ=WEEKLY;DSTART=20160420T000000Z;BYDAY=TU,TH;WKST=MO', 'Weekly on Tuesday and Thursday', '1', 'en_us', '2016-04-21 04:37:02', '2016-04-21 04:37:02', 'b5ac7269-07e7-4545-8eb7-6e021b2eebb5'),
 ('1295', '51', '2021-09-30 01:00:00', '2021-09-30 04:00:00', NULL, '1', 'FREQ=WEEKLY;DSTART=20160420T000000Z;BYDAY=TU,TH;WKST=MO', 'Weekly on Tuesday and Thursday', '1', 'en_us', '2016-04-21 04:37:02', '2016-04-21 04:37:02', '99aa3107-0126-4565-b6de-cdaaefe23b0b'),
 ('1296', '51', '2021-10-05 01:00:00', '2021-10-05 04:00:00', NULL, '1', 'FREQ=WEEKLY;DSTART=20160420T000000Z;BYDAY=TU,TH;WKST=MO', 'Weekly on Tuesday and Thursday', '1', 'en_us', '2016-04-21 04:37:02', '2016-04-21 04:37:02', 'f96d5b58-86ad-435c-a28c-b97f52053cc6'),
 ('1297', '51', '2021-10-07 01:00:00', '2021-10-07 04:00:00', NULL, '1', 'FREQ=WEEKLY;DSTART=20160420T000000Z;BYDAY=TU,TH;WKST=MO', 'Weekly on Tuesday and Thursday', '1', 'en_us', '2016-04-21 04:37:02', '2016-04-21 04:37:02', 'c7efe2a1-e81f-4e6e-9dfb-9372582991a9'),
 ('1298', '51', '2021-10-12 01:00:00', '2021-10-12 04:00:00', NULL, '1', 'FREQ=WEEKLY;DSTART=20160420T000000Z;BYDAY=TU,TH;WKST=MO', 'Weekly on Tuesday and Thursday', '1', 'en_us', '2016-04-21 04:37:02', '2016-04-21 04:37:02', '9a90d5b3-2231-4293-aaf0-92ddf5fe8ed4'),
 ('1299', '51', '2021-10-14 01:00:00', '2021-10-14 04:00:00', NULL, '1', 'FREQ=WEEKLY;DSTART=20160420T000000Z;BYDAY=TU,TH;WKST=MO', 'Weekly on Tuesday and Thursday', '1', 'en_us', '2016-04-21 04:37:02', '2016-04-21 04:37:02', 'ca405154-1409-4d0b-a300-b7291b683b46'),
 ('1300', '51', '2021-10-19 01:00:00', '2021-10-19 04:00:00', NULL, '1', 'FREQ=WEEKLY;DSTART=20160420T000000Z;BYDAY=TU,TH;WKST=MO', 'Weekly on Tuesday and Thursday', '1', 'en_us', '2016-04-21 04:37:02', '2016-04-21 04:37:02', 'cbd0a47a-33ac-4fb8-b193-15e5aef82577'),
 ('1301', '51', '2021-10-21 01:00:00', '2021-10-21 04:00:00', NULL, '1', 'FREQ=WEEKLY;DSTART=20160420T000000Z;BYDAY=TU,TH;WKST=MO', 'Weekly on Tuesday and Thursday', '1', 'en_us', '2016-04-21 04:37:02', '2016-04-21 04:37:02', '7a181cd1-a449-4fe0-b831-a55b1dc1dc1a'),
 ('1302', '51', '2021-10-26 01:00:00', '2021-10-26 04:00:00', NULL, '1', 'FREQ=WEEKLY;DSTART=20160420T000000Z;BYDAY=TU,TH;WKST=MO', 'Weekly on Tuesday and Thursday', '1', 'en_us', '2016-04-21 04:37:02', '2016-04-21 04:37:02', '0edebd36-50d4-4473-b0d0-cd90f5f68270'),
 ('1303', '51', '2021-10-28 01:00:00', '2021-10-28 04:00:00', NULL, '1', 'FREQ=WEEKLY;DSTART=20160420T000000Z;BYDAY=TU,TH;WKST=MO', 'Weekly on Tuesday and Thursday', '1', 'en_us', '2016-04-21 04:37:02', '2016-04-21 04:37:02', '336f8ea4-ce4d-4536-b8bb-fdffa842d4d8'),
 ('1304', '51', '2021-11-02 01:00:00', '2021-11-02 04:00:00', NULL, '1', 'FREQ=WEEKLY;DSTART=20160420T000000Z;BYDAY=TU,TH;WKST=MO', 'Weekly on Tuesday and Thursday', '1', 'en_us', '2016-04-21 04:37:02', '2016-04-21 04:37:02', '8494a653-6e11-4a74-9d03-28f515b46c4b'),
 ('1305', '51', '2021-11-04 01:00:00', '2021-11-04 04:00:00', NULL, '1', 'FREQ=WEEKLY;DSTART=20160420T000000Z;BYDAY=TU,TH;WKST=MO', 'Weekly on Tuesday and Thursday', '1', 'en_us', '2016-04-21 04:37:02', '2016-04-21 04:37:02', '9fc78453-5311-4596-99fb-4cfd091e3dab'),
 ('1306', '51', '2021-11-09 01:00:00', '2021-11-09 04:00:00', NULL, '1', 'FREQ=WEEKLY;DSTART=20160420T000000Z;BYDAY=TU,TH;WKST=MO', 'Weekly on Tuesday and Thursday', '1', 'en_us', '2016-04-21 04:37:02', '2016-04-21 04:37:02', 'd7ef09e2-efcb-4f1f-964a-dddca372fb17'),
 ('1307', '51', '2021-11-11 01:00:00', '2021-11-11 04:00:00', NULL, '1', 'FREQ=WEEKLY;DSTART=20160420T000000Z;BYDAY=TU,TH;WKST=MO', 'Weekly on Tuesday and Thursday', '1', 'en_us', '2016-04-21 04:37:02', '2016-04-21 04:37:02', '0773f22c-b83b-421b-ba0d-80936ae8ad15'),
 ('1308', '51', '2021-11-16 01:00:00', '2021-11-16 04:00:00', NULL, '1', 'FREQ=WEEKLY;DSTART=20160420T000000Z;BYDAY=TU,TH;WKST=MO', 'Weekly on Tuesday and Thursday', '1', 'en_us', '2016-04-21 04:37:02', '2016-04-21 04:37:02', 'a7cf70f5-c32e-463f-a6a9-db7aaeb01457'),
 ('1309', '51', '2021-11-18 01:00:00', '2021-11-18 04:00:00', NULL, '1', 'FREQ=WEEKLY;DSTART=20160420T000000Z;BYDAY=TU,TH;WKST=MO', 'Weekly on Tuesday and Thursday', '1', 'en_us', '2016-04-21 04:37:02', '2016-04-21 04:37:02', '48000f08-ef23-4203-b22c-a26093a34462'),
 ('1310', '51', '2021-11-23 01:00:00', '2021-11-23 04:00:00', NULL, '1', 'FREQ=WEEKLY;DSTART=20160420T000000Z;BYDAY=TU,TH;WKST=MO', 'Weekly on Tuesday and Thursday', '1', 'en_us', '2016-04-21 04:37:02', '2016-04-21 04:37:02', 'd4d11cb0-f3c5-4c4c-8e49-1e64e86f50f6'),
 ('1311', '51', '2021-11-25 01:00:00', '2021-11-25 04:00:00', NULL, '1', 'FREQ=WEEKLY;DSTART=20160420T000000Z;BYDAY=TU,TH;WKST=MO', 'Weekly on Tuesday and Thursday', '1', 'en_us', '2016-04-21 04:37:02', '2016-04-21 04:37:02', 'd0116da5-2533-4cc0-ae0f-b9639e6a2fed'),
 ('1312', '51', '2021-11-30 01:00:00', '2021-11-30 04:00:00', NULL, '1', 'FREQ=WEEKLY;DSTART=20160420T000000Z;BYDAY=TU,TH;WKST=MO', 'Weekly on Tuesday and Thursday', '1', 'en_us', '2016-04-21 04:37:02', '2016-04-21 04:37:02', '7e5bf0ca-d010-4054-ad08-2792e041bef1'),
 ('1313', '51', '2021-12-02 01:00:00', '2021-12-02 04:00:00', NULL, '1', 'FREQ=WEEKLY;DSTART=20160420T000000Z;BYDAY=TU,TH;WKST=MO', 'Weekly on Tuesday and Thursday', '1', 'en_us', '2016-04-21 04:37:02', '2016-04-21 04:37:02', '91985caa-d6db-4518-9d3e-05ae3e05eb2f'),
 ('1314', '51', '2021-12-07 01:00:00', '2021-12-07 04:00:00', NULL, '1', 'FREQ=WEEKLY;DSTART=20160420T000000Z;BYDAY=TU,TH;WKST=MO', 'Weekly on Tuesday and Thursday', '1', 'en_us', '2016-04-21 04:37:02', '2016-04-21 04:37:02', 'e83b73c3-90d0-4595-94ca-411c7e0a0c44'),
 ('1315', '51', '2021-12-09 01:00:00', '2021-12-09 04:00:00', NULL, '1', 'FREQ=WEEKLY;DSTART=20160420T000000Z;BYDAY=TU,TH;WKST=MO', 'Weekly on Tuesday and Thursday', '1', 'en_us', '2016-04-21 04:37:02', '2016-04-21 04:37:02', '98fbca3d-344a-4cf6-90e0-93cb8e11ca71'),
 ('1316', '51', '2021-12-14 01:00:00', '2021-12-14 04:00:00', NULL, '1', 'FREQ=WEEKLY;DSTART=20160420T000000Z;BYDAY=TU,TH;WKST=MO', 'Weekly on Tuesday and Thursday', '1', 'en_us', '2016-04-21 04:37:02', '2016-04-21 04:37:02', '8fd7e6e8-2ad9-455f-bbd5-b7f4ffa02a8f'),
 ('1317', '51', '2021-12-16 01:00:00', '2021-12-16 04:00:00', NULL, '1', 'FREQ=WEEKLY;DSTART=20160420T000000Z;BYDAY=TU,TH;WKST=MO', 'Weekly on Tuesday and Thursday', '1', 'en_us', '2016-04-21 04:37:02', '2016-04-21 04:37:02', '0cf39a48-69c4-4356-9e1f-7c5a287535e5'),
 ('1318', '51', '2021-12-21 01:00:00', '2021-12-21 04:00:00', NULL, '1', 'FREQ=WEEKLY;DSTART=20160420T000000Z;BYDAY=TU,TH;WKST=MO', 'Weekly on Tuesday and Thursday', '1', 'en_us', '2016-04-21 04:37:02', '2016-04-21 04:37:02', 'b6e40582-f953-4391-82d6-0addfff2df06'),
 ('1319', '51', '2021-12-23 01:00:00', '2021-12-23 04:00:00', NULL, '1', 'FREQ=WEEKLY;DSTART=20160420T000000Z;BYDAY=TU,TH;WKST=MO', 'Weekly on Tuesday and Thursday', '1', 'en_us', '2016-04-21 04:37:02', '2016-04-21 04:37:02', '81b73b38-9a02-4057-95a3-b1608e533511'),
 ('1320', '51', '2021-12-28 01:00:00', '2021-12-28 04:00:00', NULL, '1', 'FREQ=WEEKLY;DSTART=20160420T000000Z;BYDAY=TU,TH;WKST=MO', 'Weekly on Tuesday and Thursday', '1', 'en_us', '2016-04-21 04:37:02', '2016-04-21 04:37:02', 'efc4869e-8403-43f6-bad7-79ee54e9897d'),
 ('1321', '51', '2021-12-30 01:00:00', '2021-12-30 04:00:00', NULL, '1', 'FREQ=WEEKLY;DSTART=20160420T000000Z;BYDAY=TU,TH;WKST=MO', 'Weekly on Tuesday and Thursday', '1', 'en_us', '2016-04-21 04:37:02', '2016-04-21 04:37:02', 'f7e1200b-e72c-4b31-9a6b-33b50ae50a7e'),
 ('1322', '51', '2022-01-04 01:00:00', '2022-01-04 04:00:00', NULL, '1', 'FREQ=WEEKLY;DSTART=20160420T000000Z;BYDAY=TU,TH;WKST=MO', 'Weekly on Tuesday and Thursday', '1', 'en_us', '2016-04-21 04:37:02', '2016-04-21 04:37:02', 'f5ca0528-dd79-4b9f-8514-42991eccc6f7'),
 ('1323', '51', '2022-01-06 01:00:00', '2022-01-06 04:00:00', NULL, '1', 'FREQ=WEEKLY;DSTART=20160420T000000Z;BYDAY=TU,TH;WKST=MO', 'Weekly on Tuesday and Thursday', '1', 'en_us', '2016-04-21 04:37:02', '2016-04-21 04:37:02', '2fa688a4-2815-4f7a-a292-ab21dd9992c0'),
 ('1324', '51', '2022-01-11 01:00:00', '2022-01-11 04:00:00', NULL, '1', 'FREQ=WEEKLY;DSTART=20160420T000000Z;BYDAY=TU,TH;WKST=MO', 'Weekly on Tuesday and Thursday', '1', 'en_us', '2016-04-21 04:37:02', '2016-04-21 04:37:02', '2d9bd96b-9ab6-4666-9c92-6bc20c149f3d'),
 ('1325', '51', '2022-01-13 01:00:00', '2022-01-13 04:00:00', NULL, '1', 'FREQ=WEEKLY;DSTART=20160420T000000Z;BYDAY=TU,TH;WKST=MO', 'Weekly on Tuesday and Thursday', '1', 'en_us', '2016-04-21 04:37:02', '2016-04-21 04:37:02', '20fbc0bf-cf55-4245-a2e5-38a8cc1454f8'),
 ('1326', '51', '2022-01-18 01:00:00', '2022-01-18 04:00:00', NULL, '1', 'FREQ=WEEKLY;DSTART=20160420T000000Z;BYDAY=TU,TH;WKST=MO', 'Weekly on Tuesday and Thursday', '1', 'en_us', '2016-04-21 04:37:02', '2016-04-21 04:37:02', 'd801c323-9564-4f0a-8542-3ed1c6b247ed'),
 ('1327', '51', '2022-01-20 01:00:00', '2022-01-20 04:00:00', NULL, '1', 'FREQ=WEEKLY;DSTART=20160420T000000Z;BYDAY=TU,TH;WKST=MO', 'Weekly on Tuesday and Thursday', '1', 'en_us', '2016-04-21 04:37:02', '2016-04-21 04:37:02', '3e5e9ed0-ff69-4c8f-bcff-69c43adfd1d1');
INSERT INTO `craft_venti_events` (`eid`, `eventid`, `startDate`, `endDate`, `allDay`, `repeat`, `rRule`, `summary`, `isrepeat`, `locale`, `dateCreated`, `dateUpdated`, `uid`) VALUES
 ('1328', '51', '2022-01-25 01:00:00', '2022-01-25 04:00:00', NULL, '1', 'FREQ=WEEKLY;DSTART=20160420T000000Z;BYDAY=TU,TH;WKST=MO', 'Weekly on Tuesday and Thursday', '1', 'en_us', '2016-04-21 04:37:02', '2016-04-21 04:37:02', 'b72e246d-693e-4a81-b503-58723f6ef501'),
 ('1329', '51', '2022-01-27 01:00:00', '2022-01-27 04:00:00', NULL, '1', 'FREQ=WEEKLY;DSTART=20160420T000000Z;BYDAY=TU,TH;WKST=MO', 'Weekly on Tuesday and Thursday', '1', 'en_us', '2016-04-21 04:37:02', '2016-04-21 04:37:02', '406ae48f-d91e-4bb5-9749-60ae9dffd087'),
 ('1330', '51', '2022-02-01 01:00:00', '2022-02-01 04:00:00', NULL, '1', 'FREQ=WEEKLY;DSTART=20160420T000000Z;BYDAY=TU,TH;WKST=MO', 'Weekly on Tuesday and Thursday', '1', 'en_us', '2016-04-21 04:37:02', '2016-04-21 04:37:02', 'bdffea8b-fd03-421c-a427-3ee45d1056bf'),
 ('1331', '51', '2022-02-03 01:00:00', '2022-02-03 04:00:00', NULL, '1', 'FREQ=WEEKLY;DSTART=20160420T000000Z;BYDAY=TU,TH;WKST=MO', 'Weekly on Tuesday and Thursday', '1', 'en_us', '2016-04-21 04:37:02', '2016-04-21 04:37:02', '6894d1c6-9a79-4c85-9a16-87e4b4ce4eec'),
 ('1332', '51', '2022-02-08 01:00:00', '2022-02-08 04:00:00', NULL, '1', 'FREQ=WEEKLY;DSTART=20160420T000000Z;BYDAY=TU,TH;WKST=MO', 'Weekly on Tuesday and Thursday', '1', 'en_us', '2016-04-21 04:37:02', '2016-04-21 04:37:02', '065b32a7-2d73-4d9a-b896-8f17a5229bb5'),
 ('1333', '51', '2022-02-10 01:00:00', '2022-02-10 04:00:00', NULL, '1', 'FREQ=WEEKLY;DSTART=20160420T000000Z;BYDAY=TU,TH;WKST=MO', 'Weekly on Tuesday and Thursday', '1', 'en_us', '2016-04-21 04:37:02', '2016-04-21 04:37:02', 'f660f713-f7b7-4c7d-b1cc-188a58f32a1b'),
 ('1334', '51', '2022-02-15 01:00:00', '2022-02-15 04:00:00', NULL, '1', 'FREQ=WEEKLY;DSTART=20160420T000000Z;BYDAY=TU,TH;WKST=MO', 'Weekly on Tuesday and Thursday', '1', 'en_us', '2016-04-21 04:37:02', '2016-04-21 04:37:02', '11b002d1-0a06-420f-92c5-648ff0d471c9'),
 ('1335', '51', '2022-02-17 01:00:00', '2022-02-17 04:00:00', NULL, '1', 'FREQ=WEEKLY;DSTART=20160420T000000Z;BYDAY=TU,TH;WKST=MO', 'Weekly on Tuesday and Thursday', '1', 'en_us', '2016-04-21 04:37:02', '2016-04-21 04:37:02', 'ded0a197-c6e8-4669-9154-92aafe10aced'),
 ('1336', '51', '2022-02-22 01:00:00', '2022-02-22 04:00:00', NULL, '1', 'FREQ=WEEKLY;DSTART=20160420T000000Z;BYDAY=TU,TH;WKST=MO', 'Weekly on Tuesday and Thursday', '1', 'en_us', '2016-04-21 04:37:02', '2016-04-21 04:37:02', '9e9ddabd-72dc-41ce-8631-6174851a5d3c'),
 ('1337', '51', '2022-02-24 01:00:00', '2022-02-24 04:00:00', NULL, '1', 'FREQ=WEEKLY;DSTART=20160420T000000Z;BYDAY=TU,TH;WKST=MO', 'Weekly on Tuesday and Thursday', '1', 'en_us', '2016-04-21 04:37:02', '2016-04-21 04:37:02', '4e2b8139-4d61-46c1-a93a-2fbc0c649b04'),
 ('1338', '51', '2022-03-01 01:00:00', '2022-03-01 04:00:00', NULL, '1', 'FREQ=WEEKLY;DSTART=20160420T000000Z;BYDAY=TU,TH;WKST=MO', 'Weekly on Tuesday and Thursday', '1', 'en_us', '2016-04-21 04:37:02', '2016-04-21 04:37:02', '4aa11a3d-f04c-40a8-a063-e8dc2e5f093a'),
 ('1339', '51', '2022-03-03 01:00:00', '2022-03-03 04:00:00', NULL, '1', 'FREQ=WEEKLY;DSTART=20160420T000000Z;BYDAY=TU,TH;WKST=MO', 'Weekly on Tuesday and Thursday', '1', 'en_us', '2016-04-21 04:37:02', '2016-04-21 04:37:02', 'd28c40ad-fc1d-4163-9bc6-985443b02920'),
 ('1340', '51', '2022-03-08 01:00:00', '2022-03-08 04:00:00', NULL, '1', 'FREQ=WEEKLY;DSTART=20160420T000000Z;BYDAY=TU,TH;WKST=MO', 'Weekly on Tuesday and Thursday', '1', 'en_us', '2016-04-21 04:37:02', '2016-04-21 04:37:02', '7122321a-0496-4e15-811b-c589b1b253e1'),
 ('1341', '51', '2022-03-10 01:00:00', '2022-03-10 04:00:00', NULL, '1', 'FREQ=WEEKLY;DSTART=20160420T000000Z;BYDAY=TU,TH;WKST=MO', 'Weekly on Tuesday and Thursday', '1', 'en_us', '2016-04-21 04:37:02', '2016-04-21 04:37:02', '62f66252-5102-4405-aa84-c9db63eb47b1'),
 ('1342', '51', '2022-03-15 01:00:00', '2022-03-15 04:00:00', NULL, '1', 'FREQ=WEEKLY;DSTART=20160420T000000Z;BYDAY=TU,TH;WKST=MO', 'Weekly on Tuesday and Thursday', '1', 'en_us', '2016-04-21 04:37:02', '2016-04-21 04:37:02', '87c13d3d-3e75-4789-a03e-b5551ebb526c'),
 ('1343', '51', '2022-03-17 01:00:00', '2022-03-17 04:00:00', NULL, '1', 'FREQ=WEEKLY;DSTART=20160420T000000Z;BYDAY=TU,TH;WKST=MO', 'Weekly on Tuesday and Thursday', '1', 'en_us', '2016-04-21 04:37:02', '2016-04-21 04:37:02', '392af974-09e4-4403-a5d3-f6d735313eea'),
 ('1344', '51', '2022-03-22 01:00:00', '2022-03-22 04:00:00', NULL, '1', 'FREQ=WEEKLY;DSTART=20160420T000000Z;BYDAY=TU,TH;WKST=MO', 'Weekly on Tuesday and Thursday', '1', 'en_us', '2016-04-21 04:37:02', '2016-04-21 04:37:02', '529bd70c-11be-47ae-95d3-664b85bf48c5'),
 ('1345', '51', '2022-03-24 01:00:00', '2022-03-24 04:00:00', NULL, '1', 'FREQ=WEEKLY;DSTART=20160420T000000Z;BYDAY=TU,TH;WKST=MO', 'Weekly on Tuesday and Thursday', '1', 'en_us', '2016-04-21 04:37:02', '2016-04-21 04:37:02', 'e2d873d6-2623-4259-943d-b95c56d683d8'),
 ('1346', '51', '2022-03-29 01:00:00', '2022-03-29 04:00:00', NULL, '1', 'FREQ=WEEKLY;DSTART=20160420T000000Z;BYDAY=TU,TH;WKST=MO', 'Weekly on Tuesday and Thursday', '1', 'en_us', '2016-04-21 04:37:02', '2016-04-21 04:37:02', '172e3805-f9b3-4cce-a85f-ad595f052226'),
 ('1347', '51', '2022-03-31 01:00:00', '2022-03-31 04:00:00', NULL, '1', 'FREQ=WEEKLY;DSTART=20160420T000000Z;BYDAY=TU,TH;WKST=MO', 'Weekly on Tuesday and Thursday', '1', 'en_us', '2016-04-21 04:37:02', '2016-04-21 04:37:02', '7a59f0d9-24c2-4ac1-8693-9f8640c7d05b'),
 ('1348', '51', '2022-04-05 01:00:00', '2022-04-05 04:00:00', NULL, '1', 'FREQ=WEEKLY;DSTART=20160420T000000Z;BYDAY=TU,TH;WKST=MO', 'Weekly on Tuesday and Thursday', '1', 'en_us', '2016-04-21 04:37:02', '2016-04-21 04:37:02', '1eb89664-f179-4cbd-bfb3-a5b38a636ae1'),
 ('1349', '51', '2022-04-07 01:00:00', '2022-04-07 04:00:00', NULL, '1', 'FREQ=WEEKLY;DSTART=20160420T000000Z;BYDAY=TU,TH;WKST=MO', 'Weekly on Tuesday and Thursday', '1', 'en_us', '2016-04-21 04:37:02', '2016-04-21 04:37:02', '4e571e7c-0b25-4739-b5f0-eac2ef83e1d8'),
 ('1350', '51', '2022-04-12 01:00:00', '2022-04-12 04:00:00', NULL, '1', 'FREQ=WEEKLY;DSTART=20160420T000000Z;BYDAY=TU,TH;WKST=MO', 'Weekly on Tuesday and Thursday', '1', 'en_us', '2016-04-21 04:37:02', '2016-04-21 04:37:02', 'bd0fda6f-3459-44fb-8c67-ccdb36acf837'),
 ('1351', '51', '2022-04-14 01:00:00', '2022-04-14 04:00:00', NULL, '1', 'FREQ=WEEKLY;DSTART=20160420T000000Z;BYDAY=TU,TH;WKST=MO', 'Weekly on Tuesday and Thursday', '1', 'en_us', '2016-04-21 04:37:02', '2016-04-21 04:37:02', 'df056978-001d-41b6-a2dd-123f4a71c1b5'),
 ('1352', '51', '2022-04-19 01:00:00', '2022-04-19 04:00:00', NULL, '1', 'FREQ=WEEKLY;DSTART=20160420T000000Z;BYDAY=TU,TH;WKST=MO', 'Weekly on Tuesday and Thursday', '1', 'en_us', '2016-04-21 04:37:02', '2016-04-21 04:37:02', 'd3d7ddee-b7aa-4748-a1ab-492c091d6bf6'),
 ('1353', '51', '2022-04-21 01:00:00', '2022-04-21 04:00:00', NULL, '1', 'FREQ=WEEKLY;DSTART=20160420T000000Z;BYDAY=TU,TH;WKST=MO', 'Weekly on Tuesday and Thursday', '1', 'en_us', '2016-04-21 04:37:02', '2016-04-21 04:37:02', '73868396-ff00-49a3-bb7b-93c0a0793112'),
 ('1354', '51', '2022-04-26 01:00:00', '2022-04-26 04:00:00', NULL, '1', 'FREQ=WEEKLY;DSTART=20160420T000000Z;BYDAY=TU,TH;WKST=MO', 'Weekly on Tuesday and Thursday', '1', 'en_us', '2016-04-21 04:37:02', '2016-04-21 04:37:02', 'bbe83386-53bd-459d-81b0-191f682f5cec'),
 ('1355', '51', '2022-04-28 01:00:00', '2022-04-28 04:00:00', NULL, '1', 'FREQ=WEEKLY;DSTART=20160420T000000Z;BYDAY=TU,TH;WKST=MO', 'Weekly on Tuesday and Thursday', '1', 'en_us', '2016-04-21 04:37:02', '2016-04-21 04:37:02', '90012374-4c84-4a42-a41a-755bba48eb5b'),
 ('1356', '51', '2022-05-03 01:00:00', '2022-05-03 04:00:00', NULL, '1', 'FREQ=WEEKLY;DSTART=20160420T000000Z;BYDAY=TU,TH;WKST=MO', 'Weekly on Tuesday and Thursday', '1', 'en_us', '2016-04-21 04:37:02', '2016-04-21 04:37:02', 'd582860f-703d-49b3-985f-be6616caf63a'),
 ('1357', '51', '2022-05-05 01:00:00', '2022-05-05 04:00:00', NULL, '1', 'FREQ=WEEKLY;DSTART=20160420T000000Z;BYDAY=TU,TH;WKST=MO', 'Weekly on Tuesday and Thursday', '1', 'en_us', '2016-04-21 04:37:02', '2016-04-21 04:37:02', '712c9d1e-d17e-41c6-ad1c-3720ebecbe65'),
 ('1358', '51', '2022-05-10 01:00:00', '2022-05-10 04:00:00', NULL, '1', 'FREQ=WEEKLY;DSTART=20160420T000000Z;BYDAY=TU,TH;WKST=MO', 'Weekly on Tuesday and Thursday', '1', 'en_us', '2016-04-21 04:37:02', '2016-04-21 04:37:02', '7db2a127-81fc-47bc-b321-a0a111d9e421'),
 ('1359', '51', '2022-05-12 01:00:00', '2022-05-12 04:00:00', NULL, '1', 'FREQ=WEEKLY;DSTART=20160420T000000Z;BYDAY=TU,TH;WKST=MO', 'Weekly on Tuesday and Thursday', '1', 'en_us', '2016-04-21 04:37:02', '2016-04-21 04:37:02', '2ac92c7b-304e-49cf-b6ea-f2ca270aab99'),
 ('1360', '51', '2022-05-17 01:00:00', '2022-05-17 04:00:00', NULL, '1', 'FREQ=WEEKLY;DSTART=20160420T000000Z;BYDAY=TU,TH;WKST=MO', 'Weekly on Tuesday and Thursday', '1', 'en_us', '2016-04-21 04:37:02', '2016-04-21 04:37:02', '00037042-0ef0-4d58-8a99-9a52a170e324'),
 ('1361', '51', '2022-05-19 01:00:00', '2022-05-19 04:00:00', NULL, '1', 'FREQ=WEEKLY;DSTART=20160420T000000Z;BYDAY=TU,TH;WKST=MO', 'Weekly on Tuesday and Thursday', '1', 'en_us', '2016-04-21 04:37:02', '2016-04-21 04:37:02', 'd9b4e042-c589-4d3c-b5c8-c601810c7d29'),
 ('1362', '51', '2022-05-24 01:00:00', '2022-05-24 04:00:00', NULL, '1', 'FREQ=WEEKLY;DSTART=20160420T000000Z;BYDAY=TU,TH;WKST=MO', 'Weekly on Tuesday and Thursday', '1', 'en_us', '2016-04-21 04:37:02', '2016-04-21 04:37:02', 'c75b7855-6194-4016-9d7e-f583656d0286'),
 ('1363', '51', '2022-05-26 01:00:00', '2022-05-26 04:00:00', NULL, '1', 'FREQ=WEEKLY;DSTART=20160420T000000Z;BYDAY=TU,TH;WKST=MO', 'Weekly on Tuesday and Thursday', '1', 'en_us', '2016-04-21 04:37:02', '2016-04-21 04:37:02', 'd27f0681-38b2-4ca1-8a78-41b15475de80'),
 ('1364', '51', '2022-05-31 01:00:00', '2022-05-31 04:00:00', NULL, '1', 'FREQ=WEEKLY;DSTART=20160420T000000Z;BYDAY=TU,TH;WKST=MO', 'Weekly on Tuesday and Thursday', '1', 'en_us', '2016-04-21 04:37:02', '2016-04-21 04:37:02', '911e3c14-5c41-4702-8b6f-d83cd9ffc6bc'),
 ('1365', '51', '2022-06-02 01:00:00', '2022-06-02 04:00:00', NULL, '1', 'FREQ=WEEKLY;DSTART=20160420T000000Z;BYDAY=TU,TH;WKST=MO', 'Weekly on Tuesday and Thursday', '1', 'en_us', '2016-04-21 04:37:02', '2016-04-21 04:37:02', '46291481-a44c-40b6-a772-a922efac2dc6'),
 ('1366', '51', '2022-06-07 01:00:00', '2022-06-07 04:00:00', NULL, '1', 'FREQ=WEEKLY;DSTART=20160420T000000Z;BYDAY=TU,TH;WKST=MO', 'Weekly on Tuesday and Thursday', '1', 'en_us', '2016-04-21 04:37:02', '2016-04-21 04:37:02', '77faacc0-9eeb-439a-846d-cd20012a6d71'),
 ('1367', '51', '2022-06-09 01:00:00', '2022-06-09 04:00:00', NULL, '1', 'FREQ=WEEKLY;DSTART=20160420T000000Z;BYDAY=TU,TH;WKST=MO', 'Weekly on Tuesday and Thursday', '1', 'en_us', '2016-04-21 04:37:02', '2016-04-21 04:37:02', '534b50f0-8d6b-419d-9e3c-bf6f8572d4d4'),
 ('1368', '51', '2022-06-14 01:00:00', '2022-06-14 04:00:00', NULL, '1', 'FREQ=WEEKLY;DSTART=20160420T000000Z;BYDAY=TU,TH;WKST=MO', 'Weekly on Tuesday and Thursday', '1', 'en_us', '2016-04-21 04:37:02', '2016-04-21 04:37:02', 'd25cfb17-d797-43ca-a414-0b05a0149e16'),
 ('1369', '51', '2022-06-16 01:00:00', '2022-06-16 04:00:00', NULL, '1', 'FREQ=WEEKLY;DSTART=20160420T000000Z;BYDAY=TU,TH;WKST=MO', 'Weekly on Tuesday and Thursday', '1', 'en_us', '2016-04-21 04:37:02', '2016-04-21 04:37:02', 'dd6e0348-f51d-474a-ae6e-34577f129eae'),
 ('1370', '51', '2022-06-21 01:00:00', '2022-06-21 04:00:00', NULL, '1', 'FREQ=WEEKLY;DSTART=20160420T000000Z;BYDAY=TU,TH;WKST=MO', 'Weekly on Tuesday and Thursday', '1', 'en_us', '2016-04-21 04:37:02', '2016-04-21 04:37:02', '18cd2c2c-b62d-43cf-adf8-34c88a13b470'),
 ('1371', '51', '2022-06-23 01:00:00', '2022-06-23 04:00:00', NULL, '1', 'FREQ=WEEKLY;DSTART=20160420T000000Z;BYDAY=TU,TH;WKST=MO', 'Weekly on Tuesday and Thursday', '1', 'en_us', '2016-04-21 04:37:02', '2016-04-21 04:37:02', '2d697d89-1afb-400c-a26e-1d46243b1ef2'),
 ('1372', '51', '2022-06-28 01:00:00', '2022-06-28 04:00:00', NULL, '1', 'FREQ=WEEKLY;DSTART=20160420T000000Z;BYDAY=TU,TH;WKST=MO', 'Weekly on Tuesday and Thursday', '1', 'en_us', '2016-04-21 04:37:02', '2016-04-21 04:37:02', '9c37d2f5-4830-48a2-b550-e72a03dd591a'),
 ('1373', '51', '2022-06-30 01:00:00', '2022-06-30 04:00:00', NULL, '1', 'FREQ=WEEKLY;DSTART=20160420T000000Z;BYDAY=TU,TH;WKST=MO', 'Weekly on Tuesday and Thursday', '1', 'en_us', '2016-04-21 04:37:02', '2016-04-21 04:37:02', 'bf3599c2-f8d7-4a0d-9109-4c0f1c9cc728'),
 ('1374', '51', '2022-07-05 01:00:00', '2022-07-05 04:00:00', NULL, '1', 'FREQ=WEEKLY;DSTART=20160420T000000Z;BYDAY=TU,TH;WKST=MO', 'Weekly on Tuesday and Thursday', '1', 'en_us', '2016-04-21 04:37:02', '2016-04-21 04:37:02', 'ef21efde-8eb0-48a6-9df1-6ea1b8b765d7'),
 ('1375', '51', '2022-07-07 01:00:00', '2022-07-07 04:00:00', NULL, '1', 'FREQ=WEEKLY;DSTART=20160420T000000Z;BYDAY=TU,TH;WKST=MO', 'Weekly on Tuesday and Thursday', '1', 'en_us', '2016-04-21 04:37:02', '2016-04-21 04:37:02', 'cecae97c-646b-4be5-a217-933d3b49f5e8'),
 ('1376', '51', '2022-07-12 01:00:00', '2022-07-12 04:00:00', NULL, '1', 'FREQ=WEEKLY;DSTART=20160420T000000Z;BYDAY=TU,TH;WKST=MO', 'Weekly on Tuesday and Thursday', '1', 'en_us', '2016-04-21 04:37:02', '2016-04-21 04:37:02', '75faead8-9365-43d8-91f5-59f7ab77a985'),
 ('1377', '51', '2022-07-14 01:00:00', '2022-07-14 04:00:00', NULL, '1', 'FREQ=WEEKLY;DSTART=20160420T000000Z;BYDAY=TU,TH;WKST=MO', 'Weekly on Tuesday and Thursday', '1', 'en_us', '2016-04-21 04:37:02', '2016-04-21 04:37:02', '6e2174d9-4bae-426f-a64c-ae1a5745ae4a'),
 ('1378', '51', '2022-07-19 01:00:00', '2022-07-19 04:00:00', NULL, '1', 'FREQ=WEEKLY;DSTART=20160420T000000Z;BYDAY=TU,TH;WKST=MO', 'Weekly on Tuesday and Thursday', '1', 'en_us', '2016-04-21 04:37:02', '2016-04-21 04:37:02', '6a72f68e-fe3f-4126-a733-6d6fbb792a91'),
 ('1379', '51', '2022-07-21 01:00:00', '2022-07-21 04:00:00', NULL, '1', 'FREQ=WEEKLY;DSTART=20160420T000000Z;BYDAY=TU,TH;WKST=MO', 'Weekly on Tuesday and Thursday', '1', 'en_us', '2016-04-21 04:37:02', '2016-04-21 04:37:02', 'c57f7657-c4f6-4454-ab4b-03b55d4afcbd'),
 ('1380', '51', '2022-07-26 01:00:00', '2022-07-26 04:00:00', NULL, '1', 'FREQ=WEEKLY;DSTART=20160420T000000Z;BYDAY=TU,TH;WKST=MO', 'Weekly on Tuesday and Thursday', '1', 'en_us', '2016-04-21 04:37:02', '2016-04-21 04:37:02', '93dbe56b-34c6-4690-8a9d-197ca4f2af78'),
 ('1381', '51', '2022-07-28 01:00:00', '2022-07-28 04:00:00', NULL, '1', 'FREQ=WEEKLY;DSTART=20160420T000000Z;BYDAY=TU,TH;WKST=MO', 'Weekly on Tuesday and Thursday', '1', 'en_us', '2016-04-21 04:37:02', '2016-04-21 04:37:02', '5f03a638-c1d2-4e9e-9f00-373549b0c271'),
 ('1382', '51', '2022-08-02 01:00:00', '2022-08-02 04:00:00', NULL, '1', 'FREQ=WEEKLY;DSTART=20160420T000000Z;BYDAY=TU,TH;WKST=MO', 'Weekly on Tuesday and Thursday', '1', 'en_us', '2016-04-21 04:37:02', '2016-04-21 04:37:02', '109e2136-8557-49af-8c38-89a2d1aa45ee'),
 ('1383', '51', '2022-08-04 01:00:00', '2022-08-04 04:00:00', NULL, '1', 'FREQ=WEEKLY;DSTART=20160420T000000Z;BYDAY=TU,TH;WKST=MO', 'Weekly on Tuesday and Thursday', '1', 'en_us', '2016-04-21 04:37:02', '2016-04-21 04:37:02', '5f9ab07b-44bb-4fd8-818c-290055e424d8'),
 ('1384', '51', '2022-08-09 01:00:00', '2022-08-09 04:00:00', NULL, '1', 'FREQ=WEEKLY;DSTART=20160420T000000Z;BYDAY=TU,TH;WKST=MO', 'Weekly on Tuesday and Thursday', '1', 'en_us', '2016-04-21 04:37:02', '2016-04-21 04:37:02', 'e5d80aa3-720c-42eb-9794-ac83dea83560'),
 ('1385', '51', '2022-08-11 01:00:00', '2022-08-11 04:00:00', NULL, '1', 'FREQ=WEEKLY;DSTART=20160420T000000Z;BYDAY=TU,TH;WKST=MO', 'Weekly on Tuesday and Thursday', '1', 'en_us', '2016-04-21 04:37:02', '2016-04-21 04:37:02', 'abaa6bbf-d9b4-43c6-b9f1-de6dce217299'),
 ('1386', '51', '2022-08-16 01:00:00', '2022-08-16 04:00:00', NULL, '1', 'FREQ=WEEKLY;DSTART=20160420T000000Z;BYDAY=TU,TH;WKST=MO', 'Weekly on Tuesday and Thursday', '1', 'en_us', '2016-04-21 04:37:02', '2016-04-21 04:37:02', '0617f28f-ef5a-47a8-97da-fbd593106943'),
 ('1387', '51', '2022-08-18 01:00:00', '2022-08-18 04:00:00', NULL, '1', 'FREQ=WEEKLY;DSTART=20160420T000000Z;BYDAY=TU,TH;WKST=MO', 'Weekly on Tuesday and Thursday', '1', 'en_us', '2016-04-21 04:37:02', '2016-04-21 04:37:02', '27e21c14-4932-480d-98e1-fb6e101938ad'),
 ('1388', '51', '2022-08-23 01:00:00', '2022-08-23 04:00:00', NULL, '1', 'FREQ=WEEKLY;DSTART=20160420T000000Z;BYDAY=TU,TH;WKST=MO', 'Weekly on Tuesday and Thursday', '1', 'en_us', '2016-04-21 04:37:02', '2016-04-21 04:37:02', '803a6ac2-c9e8-4f4f-996d-e5fa46aa0f0e'),
 ('1389', '51', '2022-08-25 01:00:00', '2022-08-25 04:00:00', NULL, '1', 'FREQ=WEEKLY;DSTART=20160420T000000Z;BYDAY=TU,TH;WKST=MO', 'Weekly on Tuesday and Thursday', '1', 'en_us', '2016-04-21 04:37:02', '2016-04-21 04:37:02', '806641e6-e2ee-4120-b556-e79667977151'),
 ('1390', '51', '2022-08-30 01:00:00', '2022-08-30 04:00:00', NULL, '1', 'FREQ=WEEKLY;DSTART=20160420T000000Z;BYDAY=TU,TH;WKST=MO', 'Weekly on Tuesday and Thursday', '1', 'en_us', '2016-04-21 04:37:02', '2016-04-21 04:37:02', '9a01d90c-7d2c-480d-8798-4690a6c0d440'),
 ('1391', '51', '2022-09-01 01:00:00', '2022-09-01 04:00:00', NULL, '1', 'FREQ=WEEKLY;DSTART=20160420T000000Z;BYDAY=TU,TH;WKST=MO', 'Weekly on Tuesday and Thursday', '1', 'en_us', '2016-04-21 04:37:02', '2016-04-21 04:37:02', '0fc8e10a-367d-4d34-bdda-c1885b2998f8'),
 ('1392', '51', '2022-09-06 01:00:00', '2022-09-06 04:00:00', NULL, '1', 'FREQ=WEEKLY;DSTART=20160420T000000Z;BYDAY=TU,TH;WKST=MO', 'Weekly on Tuesday and Thursday', '1', 'en_us', '2016-04-21 04:37:02', '2016-04-21 04:37:02', '65542ad8-20e8-409d-95d8-aea9763a3226'),
 ('1393', '51', '2022-09-08 01:00:00', '2022-09-08 04:00:00', NULL, '1', 'FREQ=WEEKLY;DSTART=20160420T000000Z;BYDAY=TU,TH;WKST=MO', 'Weekly on Tuesday and Thursday', '1', 'en_us', '2016-04-21 04:37:02', '2016-04-21 04:37:02', '13fce731-72dc-4ab6-853d-bfbc50633f12'),
 ('1394', '51', '2022-09-13 01:00:00', '2022-09-13 04:00:00', NULL, '1', 'FREQ=WEEKLY;DSTART=20160420T000000Z;BYDAY=TU,TH;WKST=MO', 'Weekly on Tuesday and Thursday', '1', 'en_us', '2016-04-21 04:37:02', '2016-04-21 04:37:02', '077c5149-d92b-4959-8c0a-428cf72a4357'),
 ('1395', '51', '2022-09-15 01:00:00', '2022-09-15 04:00:00', NULL, '1', 'FREQ=WEEKLY;DSTART=20160420T000000Z;BYDAY=TU,TH;WKST=MO', 'Weekly on Tuesday and Thursday', '1', 'en_us', '2016-04-21 04:37:02', '2016-04-21 04:37:02', '6285a10c-f6b1-4620-9815-ac433204dc5e'),
 ('1396', '51', '2022-09-20 01:00:00', '2022-09-20 04:00:00', NULL, '1', 'FREQ=WEEKLY;DSTART=20160420T000000Z;BYDAY=TU,TH;WKST=MO', 'Weekly on Tuesday and Thursday', '1', 'en_us', '2016-04-21 04:37:03', '2016-04-21 04:37:03', '2e5e1d5a-9646-4234-bb3a-e0d33d6ac7fe'),
 ('1397', '51', '2022-09-22 01:00:00', '2022-09-22 04:00:00', NULL, '1', 'FREQ=WEEKLY;DSTART=20160420T000000Z;BYDAY=TU,TH;WKST=MO', 'Weekly on Tuesday and Thursday', '1', 'en_us', '2016-04-21 04:37:03', '2016-04-21 04:37:03', '52b63ad1-66fa-4c12-bc99-eedf165b6f57'),
 ('1398', '51', '2022-09-27 01:00:00', '2022-09-27 04:00:00', NULL, '1', 'FREQ=WEEKLY;DSTART=20160420T000000Z;BYDAY=TU,TH;WKST=MO', 'Weekly on Tuesday and Thursday', '1', 'en_us', '2016-04-21 04:37:03', '2016-04-21 04:37:03', '5ea76c71-d4cb-4422-9397-620532c4efdc'),
 ('1399', '51', '2022-09-29 01:00:00', '2022-09-29 04:00:00', NULL, '1', 'FREQ=WEEKLY;DSTART=20160420T000000Z;BYDAY=TU,TH;WKST=MO', 'Weekly on Tuesday and Thursday', '1', 'en_us', '2016-04-21 04:37:03', '2016-04-21 04:37:03', 'd3a18407-ed6a-4fdb-a4aa-698fce43a0d3'),
 ('1400', '51', '2022-10-04 01:00:00', '2022-10-04 04:00:00', NULL, '1', 'FREQ=WEEKLY;DSTART=20160420T000000Z;BYDAY=TU,TH;WKST=MO', 'Weekly on Tuesday and Thursday', '1', 'en_us', '2016-04-21 04:37:03', '2016-04-21 04:37:03', '300008f2-9324-4054-909f-b937afe1daf1'),
 ('1401', '51', '2022-10-06 01:00:00', '2022-10-06 04:00:00', NULL, '1', 'FREQ=WEEKLY;DSTART=20160420T000000Z;BYDAY=TU,TH;WKST=MO', 'Weekly on Tuesday and Thursday', '1', 'en_us', '2016-04-21 04:37:03', '2016-04-21 04:37:03', '00bf89ac-2a17-49f3-bac9-ebf3a215c4ab'),
 ('1402', '51', '2022-10-11 01:00:00', '2022-10-11 04:00:00', NULL, '1', 'FREQ=WEEKLY;DSTART=20160420T000000Z;BYDAY=TU,TH;WKST=MO', 'Weekly on Tuesday and Thursday', '1', 'en_us', '2016-04-21 04:37:03', '2016-04-21 04:37:03', 'dd4d1937-40e6-4a2c-9409-17fb486df910'),
 ('1403', '51', '2022-10-13 01:00:00', '2022-10-13 04:00:00', NULL, '1', 'FREQ=WEEKLY;DSTART=20160420T000000Z;BYDAY=TU,TH;WKST=MO', 'Weekly on Tuesday and Thursday', '1', 'en_us', '2016-04-21 04:37:03', '2016-04-21 04:37:03', '034379b8-1d00-45e8-b662-f943e114a00f'),
 ('1404', '51', '2022-10-18 01:00:00', '2022-10-18 04:00:00', NULL, '1', 'FREQ=WEEKLY;DSTART=20160420T000000Z;BYDAY=TU,TH;WKST=MO', 'Weekly on Tuesday and Thursday', '1', 'en_us', '2016-04-21 04:37:03', '2016-04-21 04:37:03', 'b74b9950-de13-44ea-ae32-58e8e9bf5ae2'),
 ('1405', '51', '2022-10-20 01:00:00', '2022-10-20 04:00:00', NULL, '1', 'FREQ=WEEKLY;DSTART=20160420T000000Z;BYDAY=TU,TH;WKST=MO', 'Weekly on Tuesday and Thursday', '1', 'en_us', '2016-04-21 04:37:03', '2016-04-21 04:37:03', '84338303-70ee-4294-942f-10ed78881488'),
 ('1406', '51', '2022-10-25 01:00:00', '2022-10-25 04:00:00', NULL, '1', 'FREQ=WEEKLY;DSTART=20160420T000000Z;BYDAY=TU,TH;WKST=MO', 'Weekly on Tuesday and Thursday', '1', 'en_us', '2016-04-21 04:37:03', '2016-04-21 04:37:03', '771c23d7-3e6c-4a66-84b7-b57a5c4138d9'),
 ('1407', '51', '2022-10-27 01:00:00', '2022-10-27 04:00:00', NULL, '1', 'FREQ=WEEKLY;DSTART=20160420T000000Z;BYDAY=TU,TH;WKST=MO', 'Weekly on Tuesday and Thursday', '1', 'en_us', '2016-04-21 04:37:03', '2016-04-21 04:37:03', '7931056c-5124-4976-83e6-7f504fc6b165'),
 ('1408', '51', '2022-11-01 01:00:00', '2022-11-01 04:00:00', NULL, '1', 'FREQ=WEEKLY;DSTART=20160420T000000Z;BYDAY=TU,TH;WKST=MO', 'Weekly on Tuesday and Thursday', '1', 'en_us', '2016-04-21 04:37:03', '2016-04-21 04:37:03', '3791904e-6822-41b2-aab6-f7a52093558a'),
 ('1409', '51', '2022-11-03 01:00:00', '2022-11-03 04:00:00', NULL, '1', 'FREQ=WEEKLY;DSTART=20160420T000000Z;BYDAY=TU,TH;WKST=MO', 'Weekly on Tuesday and Thursday', '1', 'en_us', '2016-04-21 04:37:03', '2016-04-21 04:37:03', '8abacb6f-327a-4ef5-b1ff-8e53d8de069c'),
 ('1410', '51', '2022-11-08 01:00:00', '2022-11-08 04:00:00', NULL, '1', 'FREQ=WEEKLY;DSTART=20160420T000000Z;BYDAY=TU,TH;WKST=MO', 'Weekly on Tuesday and Thursday', '1', 'en_us', '2016-04-21 04:37:03', '2016-04-21 04:37:03', '5223d6d2-d13e-48ff-a2f4-546113e0e384'),
 ('1411', '51', '2022-11-10 01:00:00', '2022-11-10 04:00:00', NULL, '1', 'FREQ=WEEKLY;DSTART=20160420T000000Z;BYDAY=TU,TH;WKST=MO', 'Weekly on Tuesday and Thursday', '1', 'en_us', '2016-04-21 04:37:03', '2016-04-21 04:37:03', '34097678-d5f7-44e9-b093-70751d1de3cd'),
 ('1412', '51', '2022-11-15 01:00:00', '2022-11-15 04:00:00', NULL, '1', 'FREQ=WEEKLY;DSTART=20160420T000000Z;BYDAY=TU,TH;WKST=MO', 'Weekly on Tuesday and Thursday', '1', 'en_us', '2016-04-21 04:37:03', '2016-04-21 04:37:03', '1838114d-9fe1-45b6-92f0-3745424a5aad'),
 ('1413', '51', '2022-11-17 01:00:00', '2022-11-17 04:00:00', NULL, '1', 'FREQ=WEEKLY;DSTART=20160420T000000Z;BYDAY=TU,TH;WKST=MO', 'Weekly on Tuesday and Thursday', '1', 'en_us', '2016-04-21 04:37:03', '2016-04-21 04:37:03', 'b0d9fa3e-cf95-45b6-b3db-ba74b732e04d'),
 ('1414', '51', '2022-11-22 01:00:00', '2022-11-22 04:00:00', NULL, '1', 'FREQ=WEEKLY;DSTART=20160420T000000Z;BYDAY=TU,TH;WKST=MO', 'Weekly on Tuesday and Thursday', '1', 'en_us', '2016-04-21 04:37:03', '2016-04-21 04:37:03', '96b554cd-86d1-4cfe-9d70-1e84cb240f52'),
 ('1415', '51', '2022-11-24 01:00:00', '2022-11-24 04:00:00', NULL, '1', 'FREQ=WEEKLY;DSTART=20160420T000000Z;BYDAY=TU,TH;WKST=MO', 'Weekly on Tuesday and Thursday', '1', 'en_us', '2016-04-21 04:37:03', '2016-04-21 04:37:03', 'c42a489f-0ce1-45ca-a887-b12b23fdb293'),
 ('1416', '51', '2022-11-29 01:00:00', '2022-11-29 04:00:00', NULL, '1', 'FREQ=WEEKLY;DSTART=20160420T000000Z;BYDAY=TU,TH;WKST=MO', 'Weekly on Tuesday and Thursday', '1', 'en_us', '2016-04-21 04:37:03', '2016-04-21 04:37:03', '6aed8b5c-e905-44c8-a3b8-f6e0df90af24'),
 ('1417', '51', '2022-12-01 01:00:00', '2022-12-01 04:00:00', NULL, '1', 'FREQ=WEEKLY;DSTART=20160420T000000Z;BYDAY=TU,TH;WKST=MO', 'Weekly on Tuesday and Thursday', '1', 'en_us', '2016-04-21 04:37:03', '2016-04-21 04:37:03', '302ae650-d1e8-4fc3-943a-571caa729324'),
 ('1418', '51', '2022-12-06 01:00:00', '2022-12-06 04:00:00', NULL, '1', 'FREQ=WEEKLY;DSTART=20160420T000000Z;BYDAY=TU,TH;WKST=MO', 'Weekly on Tuesday and Thursday', '1', 'en_us', '2016-04-21 04:37:03', '2016-04-21 04:37:03', '0533bfcb-e285-4751-bf1c-ab9d190f0c0f'),
 ('1419', '51', '2022-12-08 01:00:00', '2022-12-08 04:00:00', NULL, '1', 'FREQ=WEEKLY;DSTART=20160420T000000Z;BYDAY=TU,TH;WKST=MO', 'Weekly on Tuesday and Thursday', '1', 'en_us', '2016-04-21 04:37:03', '2016-04-21 04:37:03', '95cff6e3-d3e1-4e59-b2a9-e9f7fead21c1'),
 ('1420', '51', '2022-12-13 01:00:00', '2022-12-13 04:00:00', NULL, '1', 'FREQ=WEEKLY;DSTART=20160420T000000Z;BYDAY=TU,TH;WKST=MO', 'Weekly on Tuesday and Thursday', '1', 'en_us', '2016-04-21 04:37:03', '2016-04-21 04:37:03', 'fd20f3fa-150f-4e91-b643-7334682018ad'),
 ('1421', '51', '2022-12-15 01:00:00', '2022-12-15 04:00:00', NULL, '1', 'FREQ=WEEKLY;DSTART=20160420T000000Z;BYDAY=TU,TH;WKST=MO', 'Weekly on Tuesday and Thursday', '1', 'en_us', '2016-04-21 04:37:03', '2016-04-21 04:37:03', 'b2e67c44-58ea-4602-b38d-2f0e13774411'),
 ('1422', '51', '2022-12-20 01:00:00', '2022-12-20 04:00:00', NULL, '1', 'FREQ=WEEKLY;DSTART=20160420T000000Z;BYDAY=TU,TH;WKST=MO', 'Weekly on Tuesday and Thursday', '1', 'en_us', '2016-04-21 04:37:03', '2016-04-21 04:37:03', '58e2c299-cfae-4eb2-a0aa-3de225c0de76'),
 ('1423', '51', '2022-12-22 01:00:00', '2022-12-22 04:00:00', NULL, '1', 'FREQ=WEEKLY;DSTART=20160420T000000Z;BYDAY=TU,TH;WKST=MO', 'Weekly on Tuesday and Thursday', '1', 'en_us', '2016-04-21 04:37:03', '2016-04-21 04:37:03', '35d90b44-4c3c-43de-8780-2d4405f55f0e'),
 ('1424', '51', '2022-12-27 01:00:00', '2022-12-27 04:00:00', NULL, '1', 'FREQ=WEEKLY;DSTART=20160420T000000Z;BYDAY=TU,TH;WKST=MO', 'Weekly on Tuesday and Thursday', '1', 'en_us', '2016-04-21 04:37:03', '2016-04-21 04:37:03', '99595caa-67c3-4982-ade6-df1bf34e1acc'),
 ('1425', '51', '2022-12-29 01:00:00', '2022-12-29 04:00:00', NULL, '1', 'FREQ=WEEKLY;DSTART=20160420T000000Z;BYDAY=TU,TH;WKST=MO', 'Weekly on Tuesday and Thursday', '1', 'en_us', '2016-04-21 04:37:03', '2016-04-21 04:37:03', '00855c0d-84b8-4b41-a4d1-48ce59a7c6a0'),
 ('1426', '51', '2023-01-03 01:00:00', '2023-01-03 04:00:00', NULL, '1', 'FREQ=WEEKLY;DSTART=20160420T000000Z;BYDAY=TU,TH;WKST=MO', 'Weekly on Tuesday and Thursday', '1', 'en_us', '2016-04-21 04:37:03', '2016-04-21 04:37:03', '2e9204ec-f2fb-41c5-93f8-bfa072a5d500'),
 ('1427', '51', '2023-01-05 01:00:00', '2023-01-05 04:00:00', NULL, '1', 'FREQ=WEEKLY;DSTART=20160420T000000Z;BYDAY=TU,TH;WKST=MO', 'Weekly on Tuesday and Thursday', '1', 'en_us', '2016-04-21 04:37:03', '2016-04-21 04:37:03', 'e6be98fc-cf03-4c28-820e-8ab84cfb2bea');
INSERT INTO `craft_venti_events` (`eid`, `eventid`, `startDate`, `endDate`, `allDay`, `repeat`, `rRule`, `summary`, `isrepeat`, `locale`, `dateCreated`, `dateUpdated`, `uid`) VALUES
 ('1428', '51', '2023-01-10 01:00:00', '2023-01-10 04:00:00', NULL, '1', 'FREQ=WEEKLY;DSTART=20160420T000000Z;BYDAY=TU,TH;WKST=MO', 'Weekly on Tuesday and Thursday', '1', 'en_us', '2016-04-21 04:37:03', '2016-04-21 04:37:03', '4141709a-699c-4443-a252-1c4df876c09a'),
 ('1429', '51', '2023-01-12 01:00:00', '2023-01-12 04:00:00', NULL, '1', 'FREQ=WEEKLY;DSTART=20160420T000000Z;BYDAY=TU,TH;WKST=MO', 'Weekly on Tuesday and Thursday', '1', 'en_us', '2016-04-21 04:37:03', '2016-04-21 04:37:03', 'b70861f8-ad56-40d2-887a-c3b6b9a7debb'),
 ('1430', '51', '2023-01-17 01:00:00', '2023-01-17 04:00:00', NULL, '1', 'FREQ=WEEKLY;DSTART=20160420T000000Z;BYDAY=TU,TH;WKST=MO', 'Weekly on Tuesday and Thursday', '1', 'en_us', '2016-04-21 04:37:03', '2016-04-21 04:37:03', '604e456c-c904-44a2-ad89-e547fedd919d'),
 ('1431', '51', '2023-01-19 01:00:00', '2023-01-19 04:00:00', NULL, '1', 'FREQ=WEEKLY;DSTART=20160420T000000Z;BYDAY=TU,TH;WKST=MO', 'Weekly on Tuesday and Thursday', '1', 'en_us', '2016-04-21 04:37:03', '2016-04-21 04:37:03', '8cc8b585-35ec-4973-b59a-7301d8713b9f'),
 ('1432', '51', '2023-01-24 01:00:00', '2023-01-24 04:00:00', NULL, '1', 'FREQ=WEEKLY;DSTART=20160420T000000Z;BYDAY=TU,TH;WKST=MO', 'Weekly on Tuesday and Thursday', '1', 'en_us', '2016-04-21 04:37:03', '2016-04-21 04:37:03', '1c1cebf5-6dc6-4da1-a5f0-b44a745fbffe'),
 ('1433', '51', '2023-01-26 01:00:00', '2023-01-26 04:00:00', NULL, '1', 'FREQ=WEEKLY;DSTART=20160420T000000Z;BYDAY=TU,TH;WKST=MO', 'Weekly on Tuesday and Thursday', '1', 'en_us', '2016-04-21 04:37:03', '2016-04-21 04:37:03', '3288e21a-202e-43ab-acac-8b37490276f0'),
 ('1434', '51', '2023-01-31 01:00:00', '2023-01-31 04:00:00', NULL, '1', 'FREQ=WEEKLY;DSTART=20160420T000000Z;BYDAY=TU,TH;WKST=MO', 'Weekly on Tuesday and Thursday', '1', 'en_us', '2016-04-21 04:37:03', '2016-04-21 04:37:03', '721e1efb-6716-45c5-8a2c-4f2bc17dfa73'),
 ('1435', '51', '2023-02-02 01:00:00', '2023-02-02 04:00:00', NULL, '1', 'FREQ=WEEKLY;DSTART=20160420T000000Z;BYDAY=TU,TH;WKST=MO', 'Weekly on Tuesday and Thursday', '1', 'en_us', '2016-04-21 04:37:03', '2016-04-21 04:37:03', 'fa7f5693-0278-42f6-98c1-96f749fcb72d'),
 ('1436', '51', '2023-02-07 01:00:00', '2023-02-07 04:00:00', NULL, '1', 'FREQ=WEEKLY;DSTART=20160420T000000Z;BYDAY=TU,TH;WKST=MO', 'Weekly on Tuesday and Thursday', '1', 'en_us', '2016-04-21 04:37:03', '2016-04-21 04:37:03', '69dd9cc0-103d-41c8-bc01-c022ecc5926b'),
 ('1437', '51', '2023-02-09 01:00:00', '2023-02-09 04:00:00', NULL, '1', 'FREQ=WEEKLY;DSTART=20160420T000000Z;BYDAY=TU,TH;WKST=MO', 'Weekly on Tuesday and Thursday', '1', 'en_us', '2016-04-21 04:37:03', '2016-04-21 04:37:03', '94f82ff5-92ff-477d-89eb-8cc0c3641336'),
 ('1438', '51', '2023-02-14 01:00:00', '2023-02-14 04:00:00', NULL, '1', 'FREQ=WEEKLY;DSTART=20160420T000000Z;BYDAY=TU,TH;WKST=MO', 'Weekly on Tuesday and Thursday', '1', 'en_us', '2016-04-21 04:37:03', '2016-04-21 04:37:03', '8dc64b69-188c-4762-80bd-b0a6ff463791'),
 ('1439', '51', '2023-02-16 01:00:00', '2023-02-16 04:00:00', NULL, '1', 'FREQ=WEEKLY;DSTART=20160420T000000Z;BYDAY=TU,TH;WKST=MO', 'Weekly on Tuesday and Thursday', '1', 'en_us', '2016-04-21 04:37:03', '2016-04-21 04:37:03', '0b6df9cb-0e56-4abd-a908-cd71569e4ef6'),
 ('1440', '51', '2023-02-21 01:00:00', '2023-02-21 04:00:00', NULL, '1', 'FREQ=WEEKLY;DSTART=20160420T000000Z;BYDAY=TU,TH;WKST=MO', 'Weekly on Tuesday and Thursday', '1', 'en_us', '2016-04-21 04:37:03', '2016-04-21 04:37:03', '349c5f0d-2eb9-4afe-9433-e8561d25caba'),
 ('1441', '51', '2023-02-23 01:00:00', '2023-02-23 04:00:00', NULL, '1', 'FREQ=WEEKLY;DSTART=20160420T000000Z;BYDAY=TU,TH;WKST=MO', 'Weekly on Tuesday and Thursday', '1', 'en_us', '2016-04-21 04:37:03', '2016-04-21 04:37:03', '74b28ae4-dd3e-44cc-b56c-8b5e598ea45d'),
 ('1442', '51', '2023-02-28 01:00:00', '2023-02-28 04:00:00', NULL, '1', 'FREQ=WEEKLY;DSTART=20160420T000000Z;BYDAY=TU,TH;WKST=MO', 'Weekly on Tuesday and Thursday', '1', 'en_us', '2016-04-21 04:37:03', '2016-04-21 04:37:03', '0371a14a-294c-4b8a-bf3b-374215850e10'),
 ('1443', '51', '2023-03-02 01:00:00', '2023-03-02 04:00:00', NULL, '1', 'FREQ=WEEKLY;DSTART=20160420T000000Z;BYDAY=TU,TH;WKST=MO', 'Weekly on Tuesday and Thursday', '1', 'en_us', '2016-04-21 04:37:03', '2016-04-21 04:37:03', '8a1c392f-6bb8-4dfa-a9f6-59698557020f'),
 ('1444', '51', '2023-03-07 01:00:00', '2023-03-07 04:00:00', NULL, '1', 'FREQ=WEEKLY;DSTART=20160420T000000Z;BYDAY=TU,TH;WKST=MO', 'Weekly on Tuesday and Thursday', '1', 'en_us', '2016-04-21 04:37:03', '2016-04-21 04:37:03', '95b566f4-71dc-4842-b4de-3f1bf2d9100e'),
 ('1445', '51', '2023-03-09 01:00:00', '2023-03-09 04:00:00', NULL, '1', 'FREQ=WEEKLY;DSTART=20160420T000000Z;BYDAY=TU,TH;WKST=MO', 'Weekly on Tuesday and Thursday', '1', 'en_us', '2016-04-21 04:37:03', '2016-04-21 04:37:03', 'ef367fd0-f656-4be9-8e7a-f1d5d3141761'),
 ('1446', '51', '2023-03-14 01:00:00', '2023-03-14 04:00:00', NULL, '1', 'FREQ=WEEKLY;DSTART=20160420T000000Z;BYDAY=TU,TH;WKST=MO', 'Weekly on Tuesday and Thursday', '1', 'en_us', '2016-04-21 04:37:03', '2016-04-21 04:37:03', 'ef333bc2-26af-44c1-b31c-66e8c13c89d3'),
 ('1447', '51', '2023-03-16 01:00:00', '2023-03-16 04:00:00', NULL, '1', 'FREQ=WEEKLY;DSTART=20160420T000000Z;BYDAY=TU,TH;WKST=MO', 'Weekly on Tuesday and Thursday', '1', 'en_us', '2016-04-21 04:37:03', '2016-04-21 04:37:03', 'ab4a0a3e-baea-4e7d-83eb-1a8071e5759d'),
 ('1448', '51', '2023-03-21 01:00:00', '2023-03-21 04:00:00', NULL, '1', 'FREQ=WEEKLY;DSTART=20160420T000000Z;BYDAY=TU,TH;WKST=MO', 'Weekly on Tuesday and Thursday', '1', 'en_us', '2016-04-21 04:37:03', '2016-04-21 04:37:03', '171e213e-bcb3-469b-9cd2-cdea7f6f58f6'),
 ('1449', '51', '2023-03-23 01:00:00', '2023-03-23 04:00:00', NULL, '1', 'FREQ=WEEKLY;DSTART=20160420T000000Z;BYDAY=TU,TH;WKST=MO', 'Weekly on Tuesday and Thursday', '1', 'en_us', '2016-04-21 04:37:03', '2016-04-21 04:37:03', 'de0b1dc9-d3f4-481a-9697-673bbe97620f'),
 ('1450', '51', '2023-03-28 01:00:00', '2023-03-28 04:00:00', NULL, '1', 'FREQ=WEEKLY;DSTART=20160420T000000Z;BYDAY=TU,TH;WKST=MO', 'Weekly on Tuesday and Thursday', '1', 'en_us', '2016-04-21 04:37:03', '2016-04-21 04:37:03', 'be2db359-0f58-4798-9225-30d4d359aeab'),
 ('1451', '51', '2023-03-30 01:00:00', '2023-03-30 04:00:00', NULL, '1', 'FREQ=WEEKLY;DSTART=20160420T000000Z;BYDAY=TU,TH;WKST=MO', 'Weekly on Tuesday and Thursday', '1', 'en_us', '2016-04-21 04:37:03', '2016-04-21 04:37:03', 'a827063c-def4-45af-baf3-2600b259e12a'),
 ('1452', '51', '2023-04-04 01:00:00', '2023-04-04 04:00:00', NULL, '1', 'FREQ=WEEKLY;DSTART=20160420T000000Z;BYDAY=TU,TH;WKST=MO', 'Weekly on Tuesday and Thursday', '1', 'en_us', '2016-04-21 04:37:03', '2016-04-21 04:37:03', 'b213e6d2-6900-4c9b-b387-02995eb80519'),
 ('1453', '51', '2023-04-06 01:00:00', '2023-04-06 04:00:00', NULL, '1', 'FREQ=WEEKLY;DSTART=20160420T000000Z;BYDAY=TU,TH;WKST=MO', 'Weekly on Tuesday and Thursday', '1', 'en_us', '2016-04-21 04:37:03', '2016-04-21 04:37:03', 'd1be2b27-1f58-4217-aac2-386b6f699206'),
 ('1454', '51', '2023-04-11 01:00:00', '2023-04-11 04:00:00', NULL, '1', 'FREQ=WEEKLY;DSTART=20160420T000000Z;BYDAY=TU,TH;WKST=MO', 'Weekly on Tuesday and Thursday', '1', 'en_us', '2016-04-21 04:37:03', '2016-04-21 04:37:03', '1931a6df-dc03-4418-946b-b74d02dea895'),
 ('1455', '51', '2023-04-13 01:00:00', '2023-04-13 04:00:00', NULL, '1', 'FREQ=WEEKLY;DSTART=20160420T000000Z;BYDAY=TU,TH;WKST=MO', 'Weekly on Tuesday and Thursday', '1', 'en_us', '2016-04-21 04:37:03', '2016-04-21 04:37:03', '444e87e4-a9bc-4073-a139-38a44dda2619'),
 ('1456', '51', '2023-04-18 01:00:00', '2023-04-18 04:00:00', NULL, '1', 'FREQ=WEEKLY;DSTART=20160420T000000Z;BYDAY=TU,TH;WKST=MO', 'Weekly on Tuesday and Thursday', '1', 'en_us', '2016-04-21 04:37:03', '2016-04-21 04:37:03', 'df501d08-1243-416d-9edf-1608386adaf3'),
 ('1457', '51', '2023-04-20 01:00:00', '2023-04-20 04:00:00', NULL, '1', 'FREQ=WEEKLY;DSTART=20160420T000000Z;BYDAY=TU,TH;WKST=MO', 'Weekly on Tuesday and Thursday', '1', 'en_us', '2016-04-21 04:37:03', '2016-04-21 04:37:03', 'a3df233c-cadb-410d-95ac-e6c0c2740562'),
 ('1458', '51', '2023-04-25 01:00:00', '2023-04-25 04:00:00', NULL, '1', 'FREQ=WEEKLY;DSTART=20160420T000000Z;BYDAY=TU,TH;WKST=MO', 'Weekly on Tuesday and Thursday', '1', 'en_us', '2016-04-21 04:37:03', '2016-04-21 04:37:03', '8ebb2ab6-cb2e-4b60-a03b-8bbe11c06141');



DROP TABLE IF EXISTS `craft_widgets`;


--
-- Schema for table `craft_widgets`
--
CREATE TABLE `craft_widgets` (
  `id` int(11) NOT NULL AUTO_INCREMENT,
  `userId` int(11) NOT NULL,
  `type` varchar(150) COLLATE utf8_unicode_ci NOT NULL,
  `sortOrder` smallint(6) unsigned DEFAULT NULL,
  `colspan` tinyint(4) unsigned DEFAULT NULL,
  `settings` text COLLATE utf8_unicode_ci,
  `enabled` tinyint(1) unsigned NOT NULL DEFAULT '1',
  `dateCreated` datetime NOT NULL,
  `dateUpdated` datetime NOT NULL,
  `uid` char(36) COLLATE utf8_unicode_ci NOT NULL DEFAULT '0',
  PRIMARY KEY (`id`),
  KEY `craft_widgets_userId_fk` (`userId`)
) ENGINE=InnoDB AUTO_INCREMENT=5 DEFAULT CHARSET=utf8 COLLATE=utf8_unicode_ci;

--
-- Data for table `craft_widgets`
--

INSERT INTO `craft_widgets` (`id`, `userId`, `type`, `sortOrder`, `colspan`, `settings`, `enabled`, `dateCreated`, `dateUpdated`, `uid`) VALUES
 ('1', '1', 'RecentEntries', '1', NULL, NULL, '1', '2016-03-12 17:48:29', '2016-03-12 17:48:29', 'a8b82364-63cf-4a9f-964d-2edc7c920aa6'),
 ('2', '1', 'GetHelp', '2', NULL, NULL, '1', '2016-03-12 17:48:29', '2016-03-12 17:48:29', '42c63061-d712-4075-8ee3-4a06946cdefa'),
 ('3', '1', 'Updates', '3', NULL, NULL, '1', '2016-03-12 17:48:29', '2016-03-12 17:48:29', '485757fe-59ca-4df3-a248-160b48219713'),
 ('4', '1', 'Feed', '4', NULL, '{\"url\":\"https:\\/\\/craftcms.com\\/news.rss\",\"title\":\"Craft News\"}', '1', '2016-03-12 17:48:29', '2016-03-12 17:48:29', '5c968459-31a5-4800-b807-2033c12c65fc');


--
-- Constraints for tables
--


--
-- Constraints for table `craft_assetfiles`
--
ALTER TABLE `craft_assetfiles`
	ADD CONSTRAINT `craft_assetfiles_folderId_fk` FOREIGN KEY (`folderId`) REFERENCES `craft_assetfolders` (`id`) ON DELETE CASCADE,
	ADD CONSTRAINT `craft_assetfiles_id_fk` FOREIGN KEY (`id`) REFERENCES `craft_elements` (`id`) ON DELETE CASCADE,
	ADD CONSTRAINT `craft_assetfiles_sourceId_fk` FOREIGN KEY (`sourceId`) REFERENCES `craft_assetsources` (`id`) ON DELETE CASCADE;

--
-- Constraints for table `craft_assetfolders`
--
ALTER TABLE `craft_assetfolders`
	ADD CONSTRAINT `craft_assetfolders_parentId_fk` FOREIGN KEY (`parentId`) REFERENCES `craft_assetfolders` (`id`) ON DELETE CASCADE,
	ADD CONSTRAINT `craft_assetfolders_sourceId_fk` FOREIGN KEY (`sourceId`) REFERENCES `craft_assetsources` (`id`) ON DELETE CASCADE;

--
-- Constraints for table `craft_assetindexdata`
--
ALTER TABLE `craft_assetindexdata`
	ADD CONSTRAINT `craft_assetindexdata_sourceId_fk` FOREIGN KEY (`sourceId`) REFERENCES `craft_assetsources` (`id`) ON DELETE CASCADE;

--
-- Constraints for table `craft_assetsources`
--
ALTER TABLE `craft_assetsources`
	ADD CONSTRAINT `craft_assetsources_fieldLayoutId_fk` FOREIGN KEY (`fieldLayoutId`) REFERENCES `craft_fieldlayouts` (`id`) ON DELETE SET NULL;

--
-- Constraints for table `craft_categories`
--
ALTER TABLE `craft_categories`
	ADD CONSTRAINT `craft_categories_groupId_fk` FOREIGN KEY (`groupId`) REFERENCES `craft_categorygroups` (`id`) ON DELETE CASCADE,
	ADD CONSTRAINT `craft_categories_id_fk` FOREIGN KEY (`id`) REFERENCES `craft_elements` (`id`) ON DELETE CASCADE;

--
-- Constraints for table `craft_categorygroups`
--
ALTER TABLE `craft_categorygroups`
	ADD CONSTRAINT `craft_categorygroups_fieldLayoutId_fk` FOREIGN KEY (`fieldLayoutId`) REFERENCES `craft_fieldlayouts` (`id`) ON DELETE SET NULL,
	ADD CONSTRAINT `craft_categorygroups_structureId_fk` FOREIGN KEY (`structureId`) REFERENCES `craft_structures` (`id`) ON DELETE CASCADE;

--
-- Constraints for table `craft_categorygroups_i18n`
--
ALTER TABLE `craft_categorygroups_i18n`
	ADD CONSTRAINT `craft_categorygroups_i18n_groupId_fk` FOREIGN KEY (`groupId`) REFERENCES `craft_categorygroups` (`id`) ON DELETE CASCADE,
	ADD CONSTRAINT `craft_categorygroups_i18n_locale_fk` FOREIGN KEY (`locale`) REFERENCES `craft_locales` (`locale`) ON DELETE CASCADE ON UPDATE CASCADE;

--
-- Constraints for table `craft_content`
--
ALTER TABLE `craft_content`
	ADD CONSTRAINT `craft_content_elementId_fk` FOREIGN KEY (`elementId`) REFERENCES `craft_elements` (`id`) ON DELETE CASCADE,
	ADD CONSTRAINT `craft_content_locale_fk` FOREIGN KEY (`locale`) REFERENCES `craft_locales` (`locale`) ON DELETE CASCADE ON UPDATE CASCADE;

--
-- Constraints for table `craft_elements_i18n`
--
ALTER TABLE `craft_elements_i18n`
	ADD CONSTRAINT `craft_elements_i18n_elementId_fk` FOREIGN KEY (`elementId`) REFERENCES `craft_elements` (`id`) ON DELETE CASCADE,
	ADD CONSTRAINT `craft_elements_i18n_locale_fk` FOREIGN KEY (`locale`) REFERENCES `craft_locales` (`locale`) ON DELETE CASCADE ON UPDATE CASCADE;

--
-- Constraints for table `craft_emailmessages`
--
ALTER TABLE `craft_emailmessages`
	ADD CONSTRAINT `craft_emailmessages_locale_fk` FOREIGN KEY (`locale`) REFERENCES `craft_locales` (`locale`) ON DELETE CASCADE ON UPDATE CASCADE;

--
-- Constraints for table `craft_entries`
--
ALTER TABLE `craft_entries`
	ADD CONSTRAINT `craft_entries_authorId_fk` FOREIGN KEY (`authorId`) REFERENCES `craft_users` (`id`) ON DELETE CASCADE,
	ADD CONSTRAINT `craft_entries_id_fk` FOREIGN KEY (`id`) REFERENCES `craft_elements` (`id`) ON DELETE CASCADE,
	ADD CONSTRAINT `craft_entries_sectionId_fk` FOREIGN KEY (`sectionId`) REFERENCES `craft_sections` (`id`) ON DELETE CASCADE,
	ADD CONSTRAINT `craft_entries_typeId_fk` FOREIGN KEY (`typeId`) REFERENCES `craft_entrytypes` (`id`) ON DELETE CASCADE;

--
-- Constraints for table `craft_entrydrafts`
--
ALTER TABLE `craft_entrydrafts`
	ADD CONSTRAINT `craft_entrydrafts_creatorId_fk` FOREIGN KEY (`creatorId`) REFERENCES `craft_users` (`id`) ON DELETE CASCADE,
	ADD CONSTRAINT `craft_entrydrafts_entryId_fk` FOREIGN KEY (`entryId`) REFERENCES `craft_entries` (`id`) ON DELETE CASCADE,
	ADD CONSTRAINT `craft_entrydrafts_locale_fk` FOREIGN KEY (`locale`) REFERENCES `craft_locales` (`locale`) ON DELETE CASCADE ON UPDATE CASCADE,
	ADD CONSTRAINT `craft_entrydrafts_sectionId_fk` FOREIGN KEY (`sectionId`) REFERENCES `craft_sections` (`id`) ON DELETE CASCADE;

--
-- Constraints for table `craft_entrytypes`
--
ALTER TABLE `craft_entrytypes`
	ADD CONSTRAINT `craft_entrytypes_fieldLayoutId_fk` FOREIGN KEY (`fieldLayoutId`) REFERENCES `craft_fieldlayouts` (`id`) ON DELETE SET NULL,
	ADD CONSTRAINT `craft_entrytypes_sectionId_fk` FOREIGN KEY (`sectionId`) REFERENCES `craft_sections` (`id`) ON DELETE CASCADE;

--
-- Constraints for table `craft_entryversions`
--
ALTER TABLE `craft_entryversions`
	ADD CONSTRAINT `craft_entryversions_creatorId_fk` FOREIGN KEY (`creatorId`) REFERENCES `craft_users` (`id`) ON DELETE SET NULL,
	ADD CONSTRAINT `craft_entryversions_entryId_fk` FOREIGN KEY (`entryId`) REFERENCES `craft_entries` (`id`) ON DELETE CASCADE,
	ADD CONSTRAINT `craft_entryversions_locale_fk` FOREIGN KEY (`locale`) REFERENCES `craft_locales` (`locale`) ON DELETE CASCADE ON UPDATE CASCADE,
	ADD CONSTRAINT `craft_entryversions_sectionId_fk` FOREIGN KEY (`sectionId`) REFERENCES `craft_sections` (`id`) ON DELETE CASCADE;

--
-- Constraints for table `craft_fieldlayoutfields`
--
ALTER TABLE `craft_fieldlayoutfields`
	ADD CONSTRAINT `craft_fieldlayoutfields_fieldId_fk` FOREIGN KEY (`fieldId`) REFERENCES `craft_fields` (`id`) ON DELETE CASCADE,
	ADD CONSTRAINT `craft_fieldlayoutfields_layoutId_fk` FOREIGN KEY (`layoutId`) REFERENCES `craft_fieldlayouts` (`id`) ON DELETE CASCADE,
	ADD CONSTRAINT `craft_fieldlayoutfields_tabId_fk` FOREIGN KEY (`tabId`) REFERENCES `craft_fieldlayouttabs` (`id`) ON DELETE CASCADE;

--
-- Constraints for table `craft_fieldlayouttabs`
--
ALTER TABLE `craft_fieldlayouttabs`
	ADD CONSTRAINT `craft_fieldlayouttabs_layoutId_fk` FOREIGN KEY (`layoutId`) REFERENCES `craft_fieldlayouts` (`id`) ON DELETE CASCADE;

--
-- Constraints for table `craft_fields`
--
ALTER TABLE `craft_fields`
	ADD CONSTRAINT `craft_fields_groupId_fk` FOREIGN KEY (`groupId`) REFERENCES `craft_fieldgroups` (`id`) ON DELETE CASCADE;

--
-- Constraints for table `craft_formbuilder2_entries`
--
ALTER TABLE `craft_formbuilder2_entries`
	ADD CONSTRAINT `craft_formbuilder2_entries_formId_fk` FOREIGN KEY (`formId`) REFERENCES `craft_formbuilder2_forms` (`id`) ON DELETE CASCADE,
	ADD CONSTRAINT `craft_formbuilder2_entries_id_fk` FOREIGN KEY (`id`) REFERENCES `craft_elements` (`id`) ON DELETE CASCADE;

--
-- Constraints for table `craft_formbuilder2_forms`
--
ALTER TABLE `craft_formbuilder2_forms`
	ADD CONSTRAINT `craft_formbuilder2_forms_fieldLayoutId_fk` FOREIGN KEY (`fieldLayoutId`) REFERENCES `craft_fieldlayouts` (`id`) ON DELETE SET NULL;

--
-- Constraints for table `craft_globalsets`
--
ALTER TABLE `craft_globalsets`
	ADD CONSTRAINT `craft_globalsets_fieldLayoutId_fk` FOREIGN KEY (`fieldLayoutId`) REFERENCES `craft_fieldlayouts` (`id`) ON DELETE SET NULL,
	ADD CONSTRAINT `craft_globalsets_id_fk` FOREIGN KEY (`id`) REFERENCES `craft_elements` (`id`) ON DELETE CASCADE;

--
-- Constraints for table `craft_matrixblocks`
--
ALTER TABLE `craft_matrixblocks`
	ADD CONSTRAINT `craft_matrixblocks_fieldId_fk` FOREIGN KEY (`fieldId`) REFERENCES `craft_fields` (`id`) ON DELETE CASCADE,
	ADD CONSTRAINT `craft_matrixblocks_id_fk` FOREIGN KEY (`id`) REFERENCES `craft_elements` (`id`) ON DELETE CASCADE,
	ADD CONSTRAINT `craft_matrixblocks_ownerId_fk` FOREIGN KEY (`ownerId`) REFERENCES `craft_elements` (`id`) ON DELETE CASCADE,
	ADD CONSTRAINT `craft_matrixblocks_ownerLocale_fk` FOREIGN KEY (`ownerLocale`) REFERENCES `craft_locales` (`locale`) ON DELETE CASCADE ON UPDATE CASCADE,
	ADD CONSTRAINT `craft_matrixblocks_typeId_fk` FOREIGN KEY (`typeId`) REFERENCES `craft_matrixblocktypes` (`id`) ON DELETE CASCADE;

--
-- Constraints for table `craft_matrixblocktypes`
--
ALTER TABLE `craft_matrixblocktypes`
	ADD CONSTRAINT `craft_matrixblocktypes_fieldId_fk` FOREIGN KEY (`fieldId`) REFERENCES `craft_fields` (`id`) ON DELETE CASCADE,
	ADD CONSTRAINT `craft_matrixblocktypes_fieldLayoutId_fk` FOREIGN KEY (`fieldLayoutId`) REFERENCES `craft_fieldlayouts` (`id`) ON DELETE SET NULL;

--
-- Constraints for table `craft_matrixcontent_blocks`
--
ALTER TABLE `craft_matrixcontent_blocks`
	ADD CONSTRAINT `craft_matrixcontent_blocks_elementId_fk` FOREIGN KEY (`elementId`) REFERENCES `craft_elements` (`id`) ON DELETE CASCADE,
	ADD CONSTRAINT `craft_matrixcontent_blocks_locale_fk` FOREIGN KEY (`locale`) REFERENCES `craft_locales` (`locale`) ON DELETE CASCADE ON UPDATE CASCADE;

--
-- Constraints for table `craft_migrations`
--
ALTER TABLE `craft_migrations`
	ADD CONSTRAINT `craft_migrations_pluginId_fk` FOREIGN KEY (`pluginId`) REFERENCES `craft_plugins` (`id`) ON DELETE CASCADE;

--
-- Constraints for table `craft_relations`
--
ALTER TABLE `craft_relations`
	ADD CONSTRAINT `craft_relations_fieldId_fk` FOREIGN KEY (`fieldId`) REFERENCES `craft_fields` (`id`) ON DELETE CASCADE,
	ADD CONSTRAINT `craft_relations_sourceId_fk` FOREIGN KEY (`sourceId`) REFERENCES `craft_elements` (`id`) ON DELETE CASCADE,
	ADD CONSTRAINT `craft_relations_sourceLocale_fk` FOREIGN KEY (`sourceLocale`) REFERENCES `craft_locales` (`locale`) ON DELETE CASCADE ON UPDATE CASCADE,
	ADD CONSTRAINT `craft_relations_targetId_fk` FOREIGN KEY (`targetId`) REFERENCES `craft_elements` (`id`) ON DELETE CASCADE;

--
-- Constraints for table `craft_routes`
--
ALTER TABLE `craft_routes`
	ADD CONSTRAINT `craft_routes_locale_fk` FOREIGN KEY (`locale`) REFERENCES `craft_locales` (`locale`) ON DELETE CASCADE ON UPDATE CASCADE;

--
-- Constraints for table `craft_sections`
--
ALTER TABLE `craft_sections`
	ADD CONSTRAINT `craft_sections_structureId_fk` FOREIGN KEY (`structureId`) REFERENCES `craft_structures` (`id`) ON DELETE SET NULL;

--
-- Constraints for table `craft_sections_i18n`
--
ALTER TABLE `craft_sections_i18n`
	ADD CONSTRAINT `craft_sections_i18n_locale_fk` FOREIGN KEY (`locale`) REFERENCES `craft_locales` (`locale`) ON DELETE CASCADE ON UPDATE CASCADE,
	ADD CONSTRAINT `craft_sections_i18n_sectionId_fk` FOREIGN KEY (`sectionId`) REFERENCES `craft_sections` (`id`) ON DELETE CASCADE;

--
-- Constraints for table `craft_sessions`
--
ALTER TABLE `craft_sessions`
	ADD CONSTRAINT `craft_sessions_userId_fk` FOREIGN KEY (`userId`) REFERENCES `craft_users` (`id`) ON DELETE CASCADE;

--
-- Constraints for table `craft_shunnedmessages`
--
ALTER TABLE `craft_shunnedmessages`
	ADD CONSTRAINT `craft_shunnedmessages_userId_fk` FOREIGN KEY (`userId`) REFERENCES `craft_users` (`id`) ON DELETE CASCADE;

--
-- Constraints for table `craft_structureelements`
--
ALTER TABLE `craft_structureelements`
	ADD CONSTRAINT `craft_structureelements_elementId_fk` FOREIGN KEY (`elementId`) REFERENCES `craft_elements` (`id`) ON DELETE CASCADE,
	ADD CONSTRAINT `craft_structureelements_structureId_fk` FOREIGN KEY (`structureId`) REFERENCES `craft_structures` (`id`) ON DELETE CASCADE;

--
-- Constraints for table `craft_taggroups`
--
ALTER TABLE `craft_taggroups`
	ADD CONSTRAINT `craft_taggroups_fieldLayoutId_fk` FOREIGN KEY (`fieldLayoutId`) REFERENCES `craft_fieldlayouts` (`id`) ON DELETE SET NULL;

--
-- Constraints for table `craft_tags`
--
ALTER TABLE `craft_tags`
	ADD CONSTRAINT `craft_tags_groupId_fk` FOREIGN KEY (`groupId`) REFERENCES `craft_taggroups` (`id`) ON DELETE CASCADE,
	ADD CONSTRAINT `craft_tags_id_fk` FOREIGN KEY (`id`) REFERENCES `craft_elements` (`id`) ON DELETE CASCADE;

--
-- Constraints for table `craft_templatecachecriteria`
--
ALTER TABLE `craft_templatecachecriteria`
	ADD CONSTRAINT `craft_templatecachecriteria_cacheId_fk` FOREIGN KEY (`cacheId`) REFERENCES `craft_templatecaches` (`id`) ON DELETE CASCADE;

--
-- Constraints for table `craft_templatecacheelements`
--
ALTER TABLE `craft_templatecacheelements`
	ADD CONSTRAINT `craft_templatecacheelements_cacheId_fk` FOREIGN KEY (`cacheId`) REFERENCES `craft_templatecaches` (`id`) ON DELETE CASCADE,
	ADD CONSTRAINT `craft_templatecacheelements_elementId_fk` FOREIGN KEY (`elementId`) REFERENCES `craft_elements` (`id`) ON DELETE CASCADE;

--
-- Constraints for table `craft_templatecaches`
--
ALTER TABLE `craft_templatecaches`
	ADD CONSTRAINT `craft_templatecaches_locale_fk` FOREIGN KEY (`locale`) REFERENCES `craft_locales` (`locale`) ON DELETE CASCADE ON UPDATE CASCADE;

--
-- Constraints for table `craft_usergroups_users`
--
ALTER TABLE `craft_usergroups_users`
	ADD CONSTRAINT `craft_usergroups_users_groupId_fk` FOREIGN KEY (`groupId`) REFERENCES `craft_usergroups` (`id`) ON DELETE CASCADE,
	ADD CONSTRAINT `craft_usergroups_users_userId_fk` FOREIGN KEY (`userId`) REFERENCES `craft_users` (`id`) ON DELETE CASCADE;

--
-- Constraints for table `craft_userpermissions_usergroups`
--
ALTER TABLE `craft_userpermissions_usergroups`
	ADD CONSTRAINT `craft_userpermissions_usergroups_groupId_fk` FOREIGN KEY (`groupId`) REFERENCES `craft_usergroups` (`id`) ON DELETE CASCADE,
	ADD CONSTRAINT `craft_userpermissions_usergroups_permissionId_fk` FOREIGN KEY (`permissionId`) REFERENCES `craft_userpermissions` (`id`) ON DELETE CASCADE;

--
-- Constraints for table `craft_userpermissions_users`
--
ALTER TABLE `craft_userpermissions_users`
	ADD CONSTRAINT `craft_userpermissions_users_permissionId_fk` FOREIGN KEY (`permissionId`) REFERENCES `craft_userpermissions` (`id`) ON DELETE CASCADE,
	ADD CONSTRAINT `craft_userpermissions_users_userId_fk` FOREIGN KEY (`userId`) REFERENCES `craft_users` (`id`) ON DELETE CASCADE;

--
-- Constraints for table `craft_users`
--
ALTER TABLE `craft_users`
	ADD CONSTRAINT `craft_users_id_fk` FOREIGN KEY (`id`) REFERENCES `craft_elements` (`id`) ON DELETE CASCADE,
	ADD CONSTRAINT `craft_users_preferredLocale_fk` FOREIGN KEY (`preferredLocale`) REFERENCES `craft_locales` (`locale`) ON DELETE SET NULL ON UPDATE CASCADE;

--
-- Constraints for table `craft_venti_events`
--
ALTER TABLE `craft_venti_events`
	ADD CONSTRAINT `craft_venti_events_eventid_fk` FOREIGN KEY (`eventid`) REFERENCES `craft_elements` (`id`) ON DELETE CASCADE;

--
-- Constraints for table `craft_widgets`
--
ALTER TABLE `craft_widgets`
	ADD CONSTRAINT `craft_widgets_userId_fk` FOREIGN KEY (`userId`) REFERENCES `craft_users` (`id`) ON DELETE CASCADE;

SET FOREIGN_KEY_CHECKS = 1;
