-- Generated by Craft v2.6.2776 on Mar 24, 2016, 11:54:16 PM.

--
-- Disable foreign key checks and autocommit.
--

SET FOREIGN_KEY_CHECKS = 0;
SET SQL_MODE = "NO_AUTO_VALUE_ON_ZERO";
SET AUTOCOMMIT = 0;
SET NAMES utf8;


DROP TABLE IF EXISTS `craft_assetfiles`;


--
-- Schema for table `craft_assetfiles`
--
CREATE TABLE `craft_assetfiles` (
  `id` int(11) NOT NULL,
  `sourceId` int(11) DEFAULT NULL,
  `folderId` int(11) NOT NULL,
  `filename` varchar(255) COLLATE utf8_unicode_ci NOT NULL,
  `kind` varchar(50) COLLATE utf8_unicode_ci NOT NULL DEFAULT 'unknown',
  `width` int(11) unsigned DEFAULT NULL,
  `height` int(11) unsigned DEFAULT NULL,
  `size` int(11) unsigned DEFAULT NULL,
  `dateModified` datetime DEFAULT NULL,
  `dateCreated` datetime NOT NULL,
  `dateUpdated` datetime NOT NULL,
  `uid` char(36) COLLATE utf8_unicode_ci NOT NULL DEFAULT '0',
  PRIMARY KEY (`id`),
  UNIQUE KEY `craft_assetfiles_filename_folderId_unq_idx` (`filename`,`folderId`),
  KEY `craft_assetfiles_sourceId_fk` (`sourceId`),
  KEY `craft_assetfiles_folderId_fk` (`folderId`)
) ENGINE=InnoDB DEFAULT CHARSET=utf8 COLLATE=utf8_unicode_ci;

--
-- Data for table `craft_assetfiles`
--

INSERT INTO `craft_assetfiles` (`id`, `sourceId`, `folderId`, `filename`, `kind`, `width`, `height`, `size`, `dateModified`, `dateCreated`, `dateUpdated`, `uid`) VALUES
 ('8', '1', '1', 'bjj_bg@2x.jpg', 'image', '3000', '1730', '517817', '2016-03-16 02:12:29', '2016-03-16 02:12:29', '2016-03-17 04:43:43', 'c75b360c-a30c-45e2-a436-2873ad21a59b'),
 ('9', '1', '1', 'contact_bg@2x.jpg', 'image', '3000', '1020', '314888', '2016-03-16 02:12:39', '2016-03-16 02:12:39', '2016-03-17 04:43:44', '370c91c6-b0a3-4379-8ff3-8dd7cd54facc'),
 ('10', '1', '1', 'hero@2x.jpg', 'image', '3000', '1534', '391247', '2016-03-16 02:12:40', '2016-03-16 02:12:40', '2016-03-17 04:43:44', '1ef82e0a-5a66-434a-b40a-93c4c124e984'),
 ('11', '1', '1', 'location_bg@2x.png', 'image', '1120', '1172', '674959', '2016-03-16 02:13:04', '2016-03-16 02:13:04', '2016-03-17 04:43:44', 'cb1fa9dc-ae57-4ffa-bc12-9fbf3e44dc0d'),
 ('12', '1', '1', 'logo_watermark.png', 'image', '1967', '2167', '1145909', '2016-03-16 02:13:23', '2016-03-16 02:13:24', '2016-03-17 04:43:44', '89602b33-5a7d-478f-bffa-e0f7f2e1cfd4'),
 ('14', '1', '1', 'approach_bg@2x.png', 'image', '1753', '1800', '2283989', '2016-03-16 02:20:17', '2016-03-16 02:20:17', '2016-03-17 04:43:44', '0b46b78b-3fc8-4a07-8f1a-30b2f5022cc4'),
 ('19', '1', '1', 'approach_bg@2x-test.png', 'image', '1753', '1800', '2283989', '2016-03-16 04:32:11', '2016-03-16 04:32:11', '2016-03-17 04:43:43', 'e4b4bab9-9129-408e-9f5c-7593f08853b1');



DROP TABLE IF EXISTS `craft_assetfolders`;


--
-- Schema for table `craft_assetfolders`
--
CREATE TABLE `craft_assetfolders` (
  `id` int(11) NOT NULL AUTO_INCREMENT,
  `parentId` int(11) DEFAULT NULL,
  `sourceId` int(11) DEFAULT NULL,
  `name` varchar(255) COLLATE utf8_unicode_ci NOT NULL,
  `path` varchar(255) COLLATE utf8_unicode_ci DEFAULT NULL,
  `dateCreated` datetime NOT NULL,
  `dateUpdated` datetime NOT NULL,
  `uid` char(36) COLLATE utf8_unicode_ci NOT NULL DEFAULT '0',
  PRIMARY KEY (`id`),
  UNIQUE KEY `craft_assetfolders_name_parentId_sourceId_unq_idx` (`name`,`parentId`,`sourceId`),
  KEY `craft_assetfolders_parentId_fk` (`parentId`),
  KEY `craft_assetfolders_sourceId_fk` (`sourceId`)
) ENGINE=InnoDB AUTO_INCREMENT=2 DEFAULT CHARSET=utf8 COLLATE=utf8_unicode_ci;

--
-- Data for table `craft_assetfolders`
--

INSERT INTO `craft_assetfolders` (`id`, `parentId`, `sourceId`, `name`, `path`, `dateCreated`, `dateUpdated`, `uid`) VALUES
 ('1', NULL, '1', 'Images', '', '2016-03-16 02:11:23', '2016-03-16 02:11:23', 'ef65cded-950d-43b9-bf00-3ba3161a9b72');



DROP TABLE IF EXISTS `craft_assetindexdata`;


--
-- Schema for table `craft_assetindexdata`
--
CREATE TABLE `craft_assetindexdata` (
  `id` int(11) NOT NULL AUTO_INCREMENT,
  `sessionId` varchar(36) COLLATE utf8_unicode_ci NOT NULL DEFAULT '',
  `sourceId` int(10) NOT NULL,
  `offset` int(10) NOT NULL,
  `uri` varchar(255) COLLATE utf8_unicode_ci DEFAULT NULL,
  `size` int(10) DEFAULT NULL,
  `recordId` int(10) DEFAULT NULL,
  `dateCreated` datetime NOT NULL,
  `dateUpdated` datetime NOT NULL,
  `uid` char(36) COLLATE utf8_unicode_ci NOT NULL DEFAULT '0',
  PRIMARY KEY (`id`),
  UNIQUE KEY `craft_assetindexdata_sessionId_sourceId_offset_unq_idx` (`sessionId`,`sourceId`,`offset`),
  KEY `craft_assetindexdata_sourceId_fk` (`sourceId`)
) ENGINE=InnoDB DEFAULT CHARSET=utf8 COLLATE=utf8_unicode_ci;

DROP TABLE IF EXISTS `craft_assetsources`;


--
-- Schema for table `craft_assetsources`
--
CREATE TABLE `craft_assetsources` (
  `id` int(11) NOT NULL AUTO_INCREMENT,
  `name` varchar(255) COLLATE utf8_unicode_ci NOT NULL,
  `handle` varchar(255) COLLATE utf8_unicode_ci NOT NULL,
  `type` varchar(150) COLLATE utf8_unicode_ci NOT NULL,
  `settings` text COLLATE utf8_unicode_ci,
  `sortOrder` smallint(6) unsigned DEFAULT NULL,
  `fieldLayoutId` int(10) DEFAULT NULL,
  `dateCreated` datetime NOT NULL,
  `dateUpdated` datetime NOT NULL,
  `uid` char(36) COLLATE utf8_unicode_ci NOT NULL DEFAULT '0',
  PRIMARY KEY (`id`),
  UNIQUE KEY `craft_assetsources_name_unq_idx` (`name`),
  UNIQUE KEY `craft_assetsources_handle_unq_idx` (`handle`),
  KEY `craft_assetsources_fieldLayoutId_fk` (`fieldLayoutId`)
) ENGINE=InnoDB AUTO_INCREMENT=2 DEFAULT CHARSET=utf8 COLLATE=utf8_unicode_ci;

--
-- Data for table `craft_assetsources`
--

INSERT INTO `craft_assetsources` (`id`, `name`, `handle`, `type`, `settings`, `sortOrder`, `fieldLayoutId`, `dateCreated`, `dateUpdated`, `uid`) VALUES
 ('1', 'Images', 'images', 'Local', '{\"path\":\"{fileSystemPath}uploads\\/images\\/\",\"publicURLs\":\"1\",\"url\":\"\\/uploads\\/images\\/\"}', '1', '13', '2016-03-16 02:11:23', '2016-03-16 02:11:23', 'df308634-0427-4a5d-84e5-c21541ee7eee');



DROP TABLE IF EXISTS `craft_assettransformindex`;


--
-- Schema for table `craft_assettransformindex`
--
CREATE TABLE `craft_assettransformindex` (
  `id` int(11) NOT NULL AUTO_INCREMENT,
  `fileId` int(11) NOT NULL,
  `filename` varchar(255) COLLATE utf8_unicode_ci DEFAULT NULL,
  `format` varchar(255) COLLATE utf8_unicode_ci DEFAULT NULL,
  `location` varchar(255) COLLATE utf8_unicode_ci NOT NULL,
  `sourceId` int(11) DEFAULT NULL,
  `fileExists` tinyint(1) DEFAULT NULL,
  `inProgress` tinyint(1) DEFAULT NULL,
  `dateIndexed` datetime DEFAULT NULL,
  `dateCreated` datetime NOT NULL,
  `dateUpdated` datetime NOT NULL,
  `uid` char(36) COLLATE utf8_unicode_ci NOT NULL DEFAULT '0',
  PRIMARY KEY (`id`),
  KEY `craft_assettransformindex_sourceId_fileId_location_idx` (`sourceId`,`fileId`,`location`)
) ENGINE=InnoDB DEFAULT CHARSET=utf8 COLLATE=utf8_unicode_ci;

DROP TABLE IF EXISTS `craft_assettransforms`;


--
-- Schema for table `craft_assettransforms`
--
CREATE TABLE `craft_assettransforms` (
  `id` int(11) NOT NULL AUTO_INCREMENT,
  `name` varchar(255) COLLATE utf8_unicode_ci NOT NULL,
  `handle` varchar(255) COLLATE utf8_unicode_ci NOT NULL,
  `mode` enum('stretch','fit','crop') COLLATE utf8_unicode_ci NOT NULL DEFAULT 'crop',
  `position` enum('top-left','top-center','top-right','center-left','center-center','center-right','bottom-left','bottom-center','bottom-right') COLLATE utf8_unicode_ci NOT NULL DEFAULT 'center-center',
  `height` int(10) DEFAULT NULL,
  `width` int(10) DEFAULT NULL,
  `format` varchar(255) COLLATE utf8_unicode_ci DEFAULT NULL,
  `quality` int(10) DEFAULT NULL,
  `dimensionChangeTime` datetime DEFAULT NULL,
  `dateCreated` datetime NOT NULL,
  `dateUpdated` datetime NOT NULL,
  `uid` char(36) COLLATE utf8_unicode_ci NOT NULL DEFAULT '0',
  PRIMARY KEY (`id`),
  UNIQUE KEY `craft_assettransforms_name_unq_idx` (`name`),
  UNIQUE KEY `craft_assettransforms_handle_unq_idx` (`handle`)
) ENGINE=InnoDB DEFAULT CHARSET=utf8 COLLATE=utf8_unicode_ci;

DROP TABLE IF EXISTS `craft_categories`;


--
-- Schema for table `craft_categories`
--
CREATE TABLE `craft_categories` (
  `id` int(11) NOT NULL,
  `groupId` int(11) NOT NULL,
  `dateCreated` datetime NOT NULL,
  `dateUpdated` datetime NOT NULL,
  `uid` char(36) COLLATE utf8_unicode_ci NOT NULL DEFAULT '0',
  PRIMARY KEY (`id`),
  KEY `craft_categories_groupId_fk` (`groupId`)
) ENGINE=InnoDB DEFAULT CHARSET=utf8 COLLATE=utf8_unicode_ci;

DROP TABLE IF EXISTS `craft_categorygroups`;


--
-- Schema for table `craft_categorygroups`
--
CREATE TABLE `craft_categorygroups` (
  `id` int(11) NOT NULL AUTO_INCREMENT,
  `structureId` int(11) NOT NULL,
  `fieldLayoutId` int(11) DEFAULT NULL,
  `name` varchar(255) COLLATE utf8_unicode_ci NOT NULL,
  `handle` varchar(255) COLLATE utf8_unicode_ci NOT NULL,
  `hasUrls` tinyint(1) unsigned NOT NULL DEFAULT '1',
  `template` varchar(500) COLLATE utf8_unicode_ci DEFAULT NULL,
  `dateCreated` datetime NOT NULL,
  `dateUpdated` datetime NOT NULL,
  `uid` char(36) COLLATE utf8_unicode_ci NOT NULL DEFAULT '0',
  PRIMARY KEY (`id`),
  UNIQUE KEY `craft_categorygroups_name_unq_idx` (`name`),
  UNIQUE KEY `craft_categorygroups_handle_unq_idx` (`handle`),
  KEY `craft_categorygroups_structureId_fk` (`structureId`),
  KEY `craft_categorygroups_fieldLayoutId_fk` (`fieldLayoutId`)
) ENGINE=InnoDB DEFAULT CHARSET=utf8 COLLATE=utf8_unicode_ci;

DROP TABLE IF EXISTS `craft_categorygroups_i18n`;


--
-- Schema for table `craft_categorygroups_i18n`
--
CREATE TABLE `craft_categorygroups_i18n` (
  `id` int(11) NOT NULL AUTO_INCREMENT,
  `groupId` int(11) NOT NULL,
  `locale` char(12) COLLATE utf8_unicode_ci NOT NULL,
  `urlFormat` text COLLATE utf8_unicode_ci,
  `nestedUrlFormat` text COLLATE utf8_unicode_ci,
  `dateCreated` datetime NOT NULL,
  `dateUpdated` datetime NOT NULL,
  `uid` char(36) COLLATE utf8_unicode_ci NOT NULL DEFAULT '0',
  PRIMARY KEY (`id`),
  UNIQUE KEY `craft_categorygroups_i18n_groupId_locale_unq_idx` (`groupId`,`locale`),
  KEY `craft_categorygroups_i18n_locale_fk` (`locale`)
) ENGINE=InnoDB DEFAULT CHARSET=utf8 COLLATE=utf8_unicode_ci;

DROP TABLE IF EXISTS `craft_content`;


--
-- Schema for table `craft_content`
--
CREATE TABLE `craft_content` (
  `id` int(11) NOT NULL AUTO_INCREMENT,
  `elementId` int(11) NOT NULL,
  `locale` char(12) COLLATE utf8_unicode_ci NOT NULL,
  `title` varchar(255) COLLATE utf8_unicode_ci DEFAULT NULL,
  `field_body` text COLLATE utf8_unicode_ci,
  `field_metaTitle` text COLLATE utf8_unicode_ci,
  `field_metaDescription` text COLLATE utf8_unicode_ci,
  `field_linkHeader` text COLLATE utf8_unicode_ci,
  `dateCreated` datetime NOT NULL,
  `dateUpdated` datetime NOT NULL,
  `uid` char(36) COLLATE utf8_unicode_ci NOT NULL DEFAULT '0',
  PRIMARY KEY (`id`),
  UNIQUE KEY `craft_content_elementId_locale_unq_idx` (`elementId`,`locale`),
  KEY `craft_content_title_idx` (`title`),
  KEY `craft_content_locale_fk` (`locale`)
) ENGINE=InnoDB AUTO_INCREMENT=20 DEFAULT CHARSET=utf8 COLLATE=utf8_unicode_ci;

--
-- Data for table `craft_content`
--

INSERT INTO `craft_content` (`id`, `elementId`, `locale`, `title`, `field_body`, `field_metaTitle`, `field_metaDescription`, `field_linkHeader`, `dateCreated`, `dateUpdated`, `uid`) VALUES
 ('1', '1', 'en_us', NULL, NULL, NULL, NULL, NULL, '2016-03-12 17:48:25', '2016-03-12 17:48:25', '1e2e2baa-5baa-44ad-b14e-132016ef55c3'),
 ('2', '2', 'en_us', 'Home', '<p>It’s true, this site doesn’t have a whole lot of content yet, but don’t worry. Our web developers have just installed the CMS, and they’re setting things up for the content editors this very moment. Soon Localhost will be an oasis of fresh perspectives, sharp analyses, and astute opinions that will keep you coming back again and again.</p>', NULL, NULL, NULL, '2016-03-12 17:48:26', '2016-03-24 02:42:10', '4e7d1136-5e87-4ebb-adf9-42394e522b6e'),
 ('4', '4', 'en_us', NULL, NULL, NULL, NULL, NULL, '2016-03-12 18:38:45', '2016-03-12 18:41:27', '6c77ae2f-976f-4e1b-b2aa-9865ac017dd2'),
 ('5', '5', 'en_us', 'About Us', NULL, NULL, NULL, NULL, '2016-03-15 03:20:28', '2016-03-15 03:20:28', '655e5e64-ab55-4a09-a10a-be302599aaed'),
 ('6', '6', 'en_us', 'Programs', NULL, NULL, NULL, NULL, '2016-03-15 03:20:39', '2016-03-15 03:20:39', '1b947a8d-cb7f-4f24-806a-20fa5cf6b9d0'),
 ('7', '7', 'en_us', 'Locations', NULL, NULL, NULL, NULL, '2016-03-15 03:20:46', '2016-03-15 03:20:46', '56bc263f-0a0f-48b5-9884-0290939718e3'),
 ('8', '8', 'en_us', 'Bjj Bg@2X', NULL, NULL, NULL, NULL, '2016-03-16 02:12:29', '2016-03-17 04:43:43', '0ee3d901-ccd0-4f0c-b95c-125fba2c382c'),
 ('9', '9', 'en_us', 'Contact Bg@2X', NULL, NULL, NULL, NULL, '2016-03-16 02:12:39', '2016-03-17 04:43:44', '89bfb1de-2ad6-4189-9dd5-7e836453e9fa'),
 ('10', '10', 'en_us', 'Hero@2X', NULL, NULL, NULL, NULL, '2016-03-16 02:12:40', '2016-03-17 04:43:44', '311fb985-5dec-4e7f-9901-00407a92c529'),
 ('11', '11', 'en_us', 'Location Bg@2X', NULL, NULL, NULL, NULL, '2016-03-16 02:13:04', '2016-03-17 04:43:44', '4e983632-189e-477f-acd5-deb92f65cb28'),
 ('12', '12', 'en_us', 'Logo Watermark', NULL, NULL, NULL, NULL, '2016-03-16 02:13:24', '2016-03-17 04:43:44', 'c947fa6a-0e02-4976-a0e1-12a28284cfa4'),
 ('14', '14', 'en_us', 'Approach Bg@2X', NULL, NULL, NULL, NULL, '2016-03-16 02:20:17', '2016-03-17 04:43:44', '295a9a46-821a-491f-aa02-2406d9531ec3'),
 ('15', '16', 'en_us', 'Dragons', NULL, '', '', 'Dragons (4 – 6 YO)', '2016-03-16 03:46:42', '2016-03-24 03:49:46', 'aee1f58c-5c50-4d70-932d-a95b82f46452'),
 ('16', '17', 'en_us', 'Juniors', NULL, '', '', 'Juniors (7 -12 YO)', '2016-03-16 03:48:00', '2016-03-16 03:48:00', 'dd409229-dafe-4744-a158-eb074852af13'),
 ('17', '19', 'en_us', 'Approach Bg@2X Test', NULL, NULL, NULL, NULL, '2016-03-16 04:32:11', '2016-03-17 04:43:43', '7875790c-bb0b-4f14-b17e-dd95ae7ed4dc'),
 ('18', '20', 'en_us', NULL, NULL, NULL, NULL, NULL, '2016-03-17 02:25:29', '2016-03-17 02:25:47', '26243e01-86f7-4e71-87b3-34c927744260'),
 ('19', '24', 'en_us', 'North Dallas', NULL, '', '', NULL, '2016-03-24 04:22:43', '2016-03-24 05:02:01', '746c263c-d214-42e1-8703-899a88e48122');



DROP TABLE IF EXISTS `craft_deprecationerrors`;


--
-- Schema for table `craft_deprecationerrors`
--
CREATE TABLE `craft_deprecationerrors` (
  `id` int(11) NOT NULL AUTO_INCREMENT,
  `key` varchar(255) COLLATE utf8_unicode_ci NOT NULL,
  `fingerprint` varchar(255) COLLATE utf8_unicode_ci NOT NULL,
  `lastOccurrence` datetime NOT NULL,
  `file` varchar(255) COLLATE utf8_unicode_ci NOT NULL,
  `line` smallint(6) unsigned NOT NULL,
  `class` varchar(255) COLLATE utf8_unicode_ci DEFAULT NULL,
  `method` varchar(255) COLLATE utf8_unicode_ci DEFAULT NULL,
  `template` varchar(255) COLLATE utf8_unicode_ci DEFAULT NULL,
  `templateLine` smallint(6) unsigned DEFAULT NULL,
  `message` varchar(255) COLLATE utf8_unicode_ci DEFAULT NULL,
  `traces` text COLLATE utf8_unicode_ci,
  `dateCreated` datetime NOT NULL,
  `dateUpdated` datetime NOT NULL,
  `uid` char(36) COLLATE utf8_unicode_ci NOT NULL DEFAULT '0',
  PRIMARY KEY (`id`),
  UNIQUE KEY `craft_deprecationerrors_key_fingerprint_unq_idx` (`key`,`fingerprint`)
) ENGINE=InnoDB DEFAULT CHARSET=utf8 COLLATE=utf8_unicode_ci;

DROP TABLE IF EXISTS `craft_elementindexsettings`;


--
-- Schema for table `craft_elementindexsettings`
--
CREATE TABLE `craft_elementindexsettings` (
  `id` int(11) NOT NULL AUTO_INCREMENT,
  `type` varchar(150) COLLATE utf8_unicode_ci NOT NULL,
  `settings` text COLLATE utf8_unicode_ci,
  `dateCreated` datetime NOT NULL,
  `dateUpdated` datetime NOT NULL,
  `uid` char(36) COLLATE utf8_unicode_ci NOT NULL DEFAULT '0',
  PRIMARY KEY (`id`),
  UNIQUE KEY `craft_elementindexsettings_type_unq_idx` (`type`)
) ENGINE=InnoDB DEFAULT CHARSET=utf8 COLLATE=utf8_unicode_ci;

DROP TABLE IF EXISTS `craft_elements`;


--
-- Schema for table `craft_elements`
--
CREATE TABLE `craft_elements` (
  `id` int(11) NOT NULL AUTO_INCREMENT,
  `type` varchar(150) COLLATE utf8_unicode_ci NOT NULL,
  `enabled` tinyint(1) unsigned NOT NULL DEFAULT '1',
  `archived` tinyint(1) unsigned NOT NULL DEFAULT '0',
  `dateCreated` datetime NOT NULL,
  `dateUpdated` datetime NOT NULL,
  `uid` char(36) COLLATE utf8_unicode_ci NOT NULL DEFAULT '0',
  PRIMARY KEY (`id`),
  KEY `craft_elements_type_idx` (`type`),
  KEY `craft_elements_enabled_idx` (`enabled`),
  KEY `craft_elements_archived_dateCreated_idx` (`archived`,`dateCreated`)
) ENGINE=InnoDB AUTO_INCREMENT=26 DEFAULT CHARSET=utf8 COLLATE=utf8_unicode_ci;

--
-- Data for table `craft_elements`
--

INSERT INTO `craft_elements` (`id`, `type`, `enabled`, `archived`, `dateCreated`, `dateUpdated`, `uid`) VALUES
 ('1', 'User', '1', '0', '2016-03-12 17:48:25', '2016-03-12 17:48:25', '0c586a4e-b86c-4815-9da0-f5412974ec4f'),
 ('2', 'Entry', '1', '0', '2016-03-12 17:48:26', '2016-03-24 02:42:10', '1341f04b-df68-4320-bdad-ca3d65c8cb34'),
 ('4', 'GlobalSet', '1', '0', '2016-03-12 18:38:45', '2016-03-12 18:41:27', 'aa26c87f-49ee-4783-a525-9522a9292840'),
 ('5', 'Entry', '1', '0', '2016-03-15 03:20:28', '2016-03-15 03:20:28', 'a84dd598-fed3-4b58-b4db-4f7f36cf8555'),
 ('6', 'Entry', '1', '0', '2016-03-15 03:20:39', '2016-03-15 03:20:39', '5fb65cfa-e982-4a8f-b8c6-67de7654c816'),
 ('7', 'Entry', '1', '0', '2016-03-15 03:20:46', '2016-03-15 03:20:46', 'f6640073-a0d9-4716-95d8-137be9a5e47a'),
 ('8', 'Asset', '1', '0', '2016-03-16 02:12:29', '2016-03-17 04:43:43', 'a4e79868-b482-49e5-b0fe-df66f622abf4'),
 ('9', 'Asset', '1', '0', '2016-03-16 02:12:39', '2016-03-17 04:43:44', '96f16664-69ec-4c10-ab12-abdbdea1fcb6'),
 ('10', 'Asset', '1', '0', '2016-03-16 02:12:40', '2016-03-17 04:43:44', '36f3541f-cf0d-40a9-91d1-a5a73e01c298'),
 ('11', 'Asset', '1', '0', '2016-03-16 02:13:04', '2016-03-17 04:43:44', 'f9e9b0ae-a73b-4326-90d7-3c80f855c12f'),
 ('12', 'Asset', '1', '0', '2016-03-16 02:13:24', '2016-03-17 04:43:44', '6dcb356e-fb8e-460c-a929-01f26ca4fdb9'),
 ('14', 'Asset', '1', '0', '2016-03-16 02:20:17', '2016-03-17 04:43:44', 'a9795efb-da2f-4b60-9bbe-a359e7d7c340'),
 ('15', 'MatrixBlock', '1', '0', '2016-03-16 02:47:49', '2016-03-24 02:42:11', 'e6cae235-ce93-4650-bd07-102f01f99a68'),
 ('16', 'Entry', '1', '0', '2016-03-16 03:46:42', '2016-03-24 03:49:46', '626cbdc7-cd27-4b9d-af36-c11c0c5dc052'),
 ('17', 'Entry', '1', '0', '2016-03-16 03:48:00', '2016-03-16 03:48:00', '8e7d91fe-ba13-42c3-8cdf-0fcb654f178e'),
 ('18', 'MatrixBlock', '1', '0', '2016-03-16 04:17:39', '2016-03-24 02:42:11', '280bc2ad-ac48-4c48-b422-a69d4c2d4855'),
 ('19', 'Asset', '1', '0', '2016-03-16 04:32:11', '2016-03-17 04:43:43', '48434c84-b25d-44cc-b511-1f787e14612b'),
 ('20', 'GlobalSet', '1', '0', '2016-03-17 02:25:29', '2016-03-17 02:25:47', '00084d25-d934-4c1f-94ef-47b63f67003f'),
 ('21', 'MatrixBlock', '1', '0', '2016-03-24 02:37:17', '2016-03-24 03:49:46', '992115a4-d100-4fc8-9c99-f6dadf437cf0'),
 ('22', 'MatrixBlock', '1', '0', '2016-03-24 02:37:17', '2016-03-24 03:49:46', 'c7d19559-9106-429e-8542-642d24f11b99'),
 ('23', 'MatrixBlock', '1', '0', '2016-03-24 02:37:17', '2016-03-24 03:49:46', 'bdc32d8f-6a99-457f-9d37-785448de62eb'),
 ('24', 'Entry', '1', '0', '2016-03-24 04:22:43', '2016-03-24 05:02:01', 'eb728ec9-4346-4ed7-bc03-402295178394'),
 ('25', 'MatrixBlock', '1', '0', '2016-03-24 04:22:43', '2016-03-24 05:02:01', '63f680bb-07c3-473e-96b1-f33ff56d3e0c');



DROP TABLE IF EXISTS `craft_elements_i18n`;


--
-- Schema for table `craft_elements_i18n`
--
CREATE TABLE `craft_elements_i18n` (
  `id` int(11) NOT NULL AUTO_INCREMENT,
  `elementId` int(11) NOT NULL,
  `locale` char(12) COLLATE utf8_unicode_ci NOT NULL,
  `slug` varchar(255) COLLATE utf8_unicode_ci DEFAULT NULL,
  `uri` varchar(255) COLLATE utf8_unicode_ci DEFAULT NULL,
  `enabled` tinyint(1) unsigned NOT NULL DEFAULT '1',
  `dateCreated` datetime NOT NULL,
  `dateUpdated` datetime NOT NULL,
  `uid` char(36) COLLATE utf8_unicode_ci NOT NULL DEFAULT '0',
  PRIMARY KEY (`id`),
  UNIQUE KEY `craft_elements_i18n_elementId_locale_unq_idx` (`elementId`,`locale`),
  UNIQUE KEY `craft_elements_i18n_uri_locale_unq_idx` (`uri`,`locale`),
  KEY `craft_elements_i18n_slug_locale_idx` (`slug`,`locale`),
  KEY `craft_elements_i18n_enabled_idx` (`enabled`),
  KEY `craft_elements_i18n_locale_fk` (`locale`)
) ENGINE=InnoDB AUTO_INCREMENT=26 DEFAULT CHARSET=utf8 COLLATE=utf8_unicode_ci;

--
-- Data for table `craft_elements_i18n`
--

INSERT INTO `craft_elements_i18n` (`id`, `elementId`, `locale`, `slug`, `uri`, `enabled`, `dateCreated`, `dateUpdated`, `uid`) VALUES
 ('1', '1', 'en_us', '', NULL, '1', '2016-03-12 17:48:25', '2016-03-12 17:48:25', '33b166ff-7112-4fe0-a7f4-1d38c6202d38'),
 ('2', '2', 'en_us', 'homepage', '__home__', '1', '2016-03-12 17:48:26', '2016-03-24 02:42:11', '5c891483-bc88-4c1b-93ba-9ea1f045d35c'),
 ('4', '4', 'en_us', '', NULL, '1', '2016-03-12 18:38:45', '2016-03-12 18:41:27', 'debebb30-cc31-48da-b040-42a597f15458'),
 ('5', '5', 'en_us', 'about-us', 'about-us', '1', '2016-03-15 03:20:29', '2016-03-15 03:20:29', '536a0587-f8ed-472e-a952-895e747e97aa'),
 ('6', '6', 'en_us', 'programs', 'programs', '1', '2016-03-15 03:20:39', '2016-03-15 03:20:40', '065701ad-d6a4-404e-9587-0611da52e20a'),
 ('7', '7', 'en_us', 'locations', 'locations', '1', '2016-03-15 03:20:46', '2016-03-15 03:20:46', 'b7b252dd-b037-4e22-aea0-5e3a9e08a6e7'),
 ('8', '8', 'en_us', 'bjj-bg-2x', NULL, '1', '2016-03-16 02:12:29', '2016-03-17 04:43:43', 'b4e35bbc-6824-4787-885c-58a8dc47221b'),
 ('9', '9', 'en_us', 'contact-bg-2x', NULL, '1', '2016-03-16 02:12:39', '2016-03-17 04:43:44', '9b9f6a85-69aa-47b0-a041-18168286d36f'),
 ('10', '10', 'en_us', 'hero-2x', NULL, '1', '2016-03-16 02:12:40', '2016-03-17 04:43:44', 'e954f640-16f5-4131-a33b-c3ded554f05a'),
 ('11', '11', 'en_us', 'location-bg-2x', NULL, '1', '2016-03-16 02:13:04', '2016-03-17 04:43:44', 'e694334f-bd56-4a94-9d1b-d4d11d9984c1'),
 ('12', '12', 'en_us', 'logo-watermark', NULL, '1', '2016-03-16 02:13:24', '2016-03-17 04:43:44', '8c6bd8c2-e9b6-4170-a836-36138777276f'),
 ('14', '14', 'en_us', 'approach-bg-2x', NULL, '1', '2016-03-16 02:20:17', '2016-03-17 04:43:44', '3b3ad8b1-58b5-41ac-8f84-cf928a10e2b0'),
 ('15', '15', 'en_us', '', NULL, '1', '2016-03-16 02:47:49', '2016-03-24 02:42:11', '0a420076-5bb0-4f6b-a482-5f2062af73db'),
 ('16', '16', 'en_us', 'dragons', 'programs/dragons', '1', '2016-03-16 03:46:42', '2016-03-24 03:49:46', 'c22368c4-857d-4969-8911-bd4aed046dcb'),
 ('17', '17', 'en_us', 'juniors', 'programs/juniors', '1', '2016-03-16 03:48:00', '2016-03-16 03:48:02', 'b12753c1-d80c-4a95-9828-6fdfdb265b21'),
 ('18', '18', 'en_us', '', NULL, '1', '2016-03-16 04:17:39', '2016-03-24 02:42:11', '614c90e6-461c-4871-b3db-125082a1122b'),
 ('19', '19', 'en_us', 'approach-bg-2x-test', NULL, '1', '2016-03-16 04:32:11', '2016-03-17 04:43:43', 'eb7d55bd-bb31-4568-837f-8e1a9d82063a'),
 ('20', '20', 'en_us', '', NULL, '1', '2016-03-17 02:25:29', '2016-03-17 02:25:47', 'bcd81b6e-48c0-44d5-8b10-63e8dfdd0e0a'),
 ('21', '21', 'en_us', '', NULL, '1', '2016-03-24 02:37:17', '2016-03-24 03:49:46', 'c21c09d9-6d18-4c46-a031-b718c947dfbe'),
 ('22', '22', 'en_us', '', NULL, '1', '2016-03-24 02:37:17', '2016-03-24 03:49:46', 'ddb8e2d4-14ad-4042-a0d6-8b38744ce532'),
 ('23', '23', 'en_us', '', NULL, '1', '2016-03-24 02:37:17', '2016-03-24 03:49:46', '73fe44d7-2a10-4c15-81e1-f8ed613d9489'),
 ('24', '24', 'en_us', 'north-dallas', 'locations/north-dallas', '1', '2016-03-24 04:22:43', '2016-03-24 05:02:01', '971a349b-3803-4032-8730-c4249ed9600d'),
 ('25', '25', 'en_us', '', NULL, '1', '2016-03-24 04:22:43', '2016-03-24 05:02:01', 'e3f3132e-4dea-49e7-931e-9a300aee55dc');



DROP TABLE IF EXISTS `craft_emailmessages`;


--
-- Schema for table `craft_emailmessages`
--
CREATE TABLE `craft_emailmessages` (
  `id` int(11) NOT NULL AUTO_INCREMENT,
  `key` char(150) COLLATE utf8_unicode_ci NOT NULL,
  `locale` char(12) COLLATE utf8_unicode_ci NOT NULL,
  `subject` varchar(1000) COLLATE utf8_unicode_ci NOT NULL,
  `body` text COLLATE utf8_unicode_ci NOT NULL,
  `dateCreated` datetime NOT NULL,
  `dateUpdated` datetime NOT NULL,
  `uid` char(36) COLLATE utf8_unicode_ci NOT NULL DEFAULT '0',
  PRIMARY KEY (`id`),
  UNIQUE KEY `craft_emailmessages_key_locale_unq_idx` (`key`,`locale`),
  KEY `craft_emailmessages_locale_fk` (`locale`)
) ENGINE=InnoDB DEFAULT CHARSET=utf8 COLLATE=utf8_unicode_ci;

DROP TABLE IF EXISTS `craft_entries`;


--
-- Schema for table `craft_entries`
--
CREATE TABLE `craft_entries` (
  `id` int(11) NOT NULL,
  `sectionId` int(11) NOT NULL,
  `typeId` int(11) DEFAULT NULL,
  `authorId` int(11) DEFAULT NULL,
  `postDate` datetime DEFAULT NULL,
  `expiryDate` datetime DEFAULT NULL,
  `dateCreated` datetime NOT NULL,
  `dateUpdated` datetime NOT NULL,
  `uid` char(36) COLLATE utf8_unicode_ci NOT NULL DEFAULT '0',
  PRIMARY KEY (`id`),
  KEY `craft_entries_sectionId_idx` (`sectionId`),
  KEY `craft_entries_typeId_idx` (`typeId`),
  KEY `craft_entries_postDate_idx` (`postDate`),
  KEY `craft_entries_expiryDate_idx` (`expiryDate`),
  KEY `craft_entries_authorId_fk` (`authorId`)
) ENGINE=InnoDB DEFAULT CHARSET=utf8 COLLATE=utf8_unicode_ci;

--
-- Data for table `craft_entries`
--

INSERT INTO `craft_entries` (`id`, `sectionId`, `typeId`, `authorId`, `postDate`, `expiryDate`, `dateCreated`, `dateUpdated`, `uid`) VALUES
 ('2', '1', NULL, NULL, '2016-03-12 17:48:26', NULL, '2016-03-12 17:48:26', '2016-03-24 02:42:11', 'b41c35eb-7939-4e8d-997f-62e39302e856'),
 ('5', '3', '3', '1', '2016-03-15 03:20:28', NULL, '2016-03-15 03:20:29', '2016-03-15 03:20:29', '0fb15a09-c55a-416c-abaf-ddbe8e79478a'),
 ('6', '3', '3', '1', '2016-03-15 03:20:39', NULL, '2016-03-15 03:20:39', '2016-03-15 03:20:39', '01a0804f-7838-48f2-94d2-0f31a136b47a'),
 ('7', '3', '3', '1', '2016-03-15 03:20:46', NULL, '2016-03-15 03:20:46', '2016-03-15 03:20:46', '94f68a94-4232-45c1-8035-1576d750e7fc'),
 ('16', '3', '4', '1', '2016-03-16 03:46:00', NULL, '2016-03-16 03:46:42', '2016-03-24 03:49:46', '8dcbdcb8-1418-4ee0-b6e9-7e1f64480c28'),
 ('17', '3', '4', '1', '2016-03-16 03:48:00', NULL, '2016-03-16 03:48:00', '2016-03-16 03:48:00', 'a8713436-1b91-4be7-9e2c-91b1f272745b'),
 ('24', '3', '3', '1', '2016-03-15 03:20:00', NULL, '2016-03-24 04:22:43', '2016-03-24 05:02:01', '1f27118d-b121-4a9d-aaba-a45cb3a4c90b');



DROP TABLE IF EXISTS `craft_entrydrafts`;


--
-- Schema for table `craft_entrydrafts`
--
CREATE TABLE `craft_entrydrafts` (
  `id` int(11) NOT NULL AUTO_INCREMENT,
  `entryId` int(11) NOT NULL,
  `sectionId` int(11) NOT NULL,
  `creatorId` int(11) NOT NULL,
  `locale` char(12) COLLATE utf8_unicode_ci NOT NULL,
  `name` varchar(255) COLLATE utf8_unicode_ci NOT NULL,
  `notes` tinytext COLLATE utf8_unicode_ci,
  `data` mediumtext COLLATE utf8_unicode_ci NOT NULL,
  `dateCreated` datetime NOT NULL,
  `dateUpdated` datetime NOT NULL,
  `uid` char(36) COLLATE utf8_unicode_ci NOT NULL DEFAULT '0',
  PRIMARY KEY (`id`),
  KEY `craft_entrydrafts_entryId_locale_idx` (`entryId`,`locale`),
  KEY `craft_entrydrafts_sectionId_fk` (`sectionId`),
  KEY `craft_entrydrafts_creatorId_fk` (`creatorId`),
  KEY `craft_entrydrafts_locale_fk` (`locale`)
) ENGINE=InnoDB DEFAULT CHARSET=utf8 COLLATE=utf8_unicode_ci;

DROP TABLE IF EXISTS `craft_entrytypes`;


--
-- Schema for table `craft_entrytypes`
--
CREATE TABLE `craft_entrytypes` (
  `id` int(11) NOT NULL AUTO_INCREMENT,
  `sectionId` int(11) NOT NULL,
  `fieldLayoutId` int(11) DEFAULT NULL,
  `name` varchar(255) COLLATE utf8_unicode_ci NOT NULL,
  `handle` varchar(255) COLLATE utf8_unicode_ci NOT NULL,
  `hasTitleField` tinyint(1) unsigned NOT NULL DEFAULT '1',
  `titleLabel` varchar(255) COLLATE utf8_unicode_ci DEFAULT 'Title',
  `titleFormat` varchar(255) COLLATE utf8_unicode_ci DEFAULT NULL,
  `sortOrder` smallint(6) unsigned DEFAULT NULL,
  `dateCreated` datetime NOT NULL,
  `dateUpdated` datetime NOT NULL,
  `uid` char(36) COLLATE utf8_unicode_ci NOT NULL DEFAULT '0',
  PRIMARY KEY (`id`),
  UNIQUE KEY `craft_entrytypes_name_sectionId_unq_idx` (`name`,`sectionId`),
  UNIQUE KEY `craft_entrytypes_handle_sectionId_unq_idx` (`handle`,`sectionId`),
  KEY `craft_entrytypes_sectionId_fk` (`sectionId`),
  KEY `craft_entrytypes_fieldLayoutId_fk` (`fieldLayoutId`)
) ENGINE=InnoDB AUTO_INCREMENT=5 DEFAULT CHARSET=utf8 COLLATE=utf8_unicode_ci;

--
-- Data for table `craft_entrytypes`
--

INSERT INTO `craft_entrytypes` (`id`, `sectionId`, `fieldLayoutId`, `name`, `handle`, `hasTitleField`, `titleLabel`, `titleFormat`, `sortOrder`, `dateCreated`, `dateUpdated`, `uid`) VALUES
 ('1', '1', '11', 'Homepage', 'homepage', '1', 'Title', NULL, NULL, '2016-03-12 17:48:26', '2016-03-12 19:00:02', '3b8cf5e7-a9f3-492c-9dba-e73d995567ae'),
 ('2', '2', '5', 'News', 'news', '1', 'Title', NULL, NULL, '2016-03-12 17:48:26', '2016-03-12 17:48:26', '0baada6a-3c0b-4867-a06c-05c23656ace0'),
 ('3', '3', '17', 'Pages', 'pages', '1', 'Title', NULL, NULL, '2016-03-12 18:44:34', '2016-03-16 03:30:15', 'ca1e3e86-607f-4af3-9c99-201ae06249b8'),
 ('4', '3', '18', 'Program', 'program', '1', 'Title', NULL, NULL, '2016-03-16 03:30:47', '2016-03-16 03:30:47', 'de0f4687-1774-4d28-836d-dc4a4ce937fb');



DROP TABLE IF EXISTS `craft_entryversions`;


--
-- Schema for table `craft_entryversions`
--
CREATE TABLE `craft_entryversions` (
  `id` int(11) NOT NULL AUTO_INCREMENT,
  `entryId` int(11) NOT NULL,
  `sectionId` int(11) NOT NULL,
  `creatorId` int(11) DEFAULT NULL,
  `locale` char(12) COLLATE utf8_unicode_ci NOT NULL,
  `num` smallint(6) unsigned NOT NULL,
  `notes` tinytext COLLATE utf8_unicode_ci,
  `data` mediumtext COLLATE utf8_unicode_ci NOT NULL,
  `dateCreated` datetime NOT NULL,
  `dateUpdated` datetime NOT NULL,
  `uid` char(36) COLLATE utf8_unicode_ci NOT NULL DEFAULT '0',
  PRIMARY KEY (`id`),
  KEY `craft_entryversions_entryId_locale_idx` (`entryId`,`locale`),
  KEY `craft_entryversions_sectionId_fk` (`sectionId`),
  KEY `craft_entryversions_creatorId_fk` (`creatorId`),
  KEY `craft_entryversions_locale_fk` (`locale`)
) ENGINE=InnoDB AUTO_INCREMENT=23 DEFAULT CHARSET=utf8 COLLATE=utf8_unicode_ci;

--
-- Data for table `craft_entryversions`
--

INSERT INTO `craft_entryversions` (`id`, `entryId`, `sectionId`, `creatorId`, `locale`, `num`, `notes`, `data`, `dateCreated`, `dateUpdated`, `uid`) VALUES
 ('1', '2', '1', '1', 'en_us', '1', NULL, '{\"typeId\":\"1\",\"authorId\":null,\"title\":\"Homepage\",\"slug\":\"homepage\",\"postDate\":1457804906,\"expiryDate\":null,\"enabled\":1,\"parentId\":null,\"fields\":[]}', '2016-03-12 17:48:26', '2016-03-12 17:48:26', '3d9e22da-1527-4344-9a6d-c1ac4e280dd7'),
 ('2', '2', '1', '1', 'en_us', '2', NULL, '{\"typeId\":null,\"authorId\":null,\"title\":\"Welcome to Localhost!\",\"slug\":\"homepage\",\"postDate\":1457804906,\"expiryDate\":null,\"enabled\":\"1\",\"parentId\":null,\"fields\":{\"1\":\"<p>It\\u2019s true, this site doesn\\u2019t have a whole lot of content yet, but don\\u2019t worry. Our web developers have just installed the CMS, and they\\u2019re setting things up for the content editors this very moment. Soon Localhost will be an oasis of fresh perspectives, sharp analyses, and astute opinions that will keep you coming back again and again.<\\/p>\"}}', '2016-03-12 17:48:26', '2016-03-12 17:48:26', '9c6f5254-2445-4143-a11c-e2c72e70e797'),
 ('4', '5', '3', '1', 'en_us', '1', '', '{\"typeId\":null,\"authorId\":\"1\",\"title\":\"About Us\",\"slug\":\"about-us\",\"postDate\":1458012028,\"expiryDate\":null,\"enabled\":1,\"parentId\":\"\",\"fields\":[]}', '2016-03-15 03:20:29', '2016-03-15 03:20:29', 'd1f4746f-f809-46b9-bced-d6f5f12c0ace'),
 ('5', '6', '3', '1', 'en_us', '1', '', '{\"typeId\":null,\"authorId\":\"1\",\"title\":\"Programs\",\"slug\":\"programs\",\"postDate\":1458012039,\"expiryDate\":null,\"enabled\":1,\"parentId\":\"\",\"fields\":[]}', '2016-03-15 03:20:39', '2016-03-15 03:20:39', '3e90148a-16bb-46f3-b883-20ae91a0d1c5'),
 ('6', '7', '3', '1', 'en_us', '1', '', '{\"typeId\":null,\"authorId\":\"1\",\"title\":\"Locations\",\"slug\":\"locations\",\"postDate\":1458012046,\"expiryDate\":null,\"enabled\":1,\"parentId\":\"\",\"fields\":[]}', '2016-03-15 03:20:46', '2016-03-15 03:20:46', 'd069d529-117a-4593-853c-16e0e33ecdd5'),
 ('7', '2', '1', '1', 'en_us', '3', '', '{\"typeId\":null,\"authorId\":null,\"title\":\"Home\",\"slug\":\"homepage\",\"postDate\":1457804906,\"expiryDate\":null,\"enabled\":1,\"parentId\":null,\"fields\":{\"5\":{\"new1\":{\"type\":\"homeHero\",\"enabled\":\"1\",\"fields\":{\"heading\":\"Kick. Punch. Learn.\",\"body\":\"<p>Freddie Poole\\u2019s Martial Arts\\u00ae is a unique and modern training system that combines traditional values and principles with a modern system of combat, self-defense and fitness.&nbsp;<\\/p>\",\"backgroundColor\":\"#000000\",\"backgroundImage\":[\"10\"]}}}}}', '2016-03-16 02:47:49', '2016-03-16 02:47:49', '549b88e2-25a6-4171-ab05-3530b6435258'),
 ('8', '16', '3', '1', 'en_us', '1', '', '{\"typeId\":\"4\",\"authorId\":\"1\",\"title\":\"Dragons\",\"slug\":\"dragons\",\"postDate\":1458100002,\"expiryDate\":null,\"enabled\":1,\"parentId\":\"\",\"fields\":{\"5\":\"\",\"22\":\"Dragons (4 \\u2013 6 YO)\",\"4\":\"\",\"3\":\"\"}}', '2016-03-16 03:46:42', '2016-03-16 03:46:42', '3231f62c-7a70-45e7-8f9c-3ace3ad3528b'),
 ('9', '17', '3', '1', 'en_us', '1', '', '{\"typeId\":\"4\",\"authorId\":\"1\",\"title\":\"Juniors\",\"slug\":\"juniors\",\"postDate\":1458100080,\"expiryDate\":null,\"enabled\":1,\"parentId\":\"6\",\"fields\":{\"5\":\"\",\"22\":\"Juniors (7 -12 YO)\",\"4\":\"\",\"3\":\"\"}}', '2016-03-16 03:48:00', '2016-03-16 03:48:00', '5b3f1250-c67b-4741-b60f-4769af7f98ec'),
 ('10', '2', '1', '1', 'en_us', '4', '', '{\"typeId\":null,\"authorId\":null,\"title\":\"Home\",\"slug\":\"homepage\",\"postDate\":1457804906,\"expiryDate\":null,\"enabled\":1,\"parentId\":null,\"fields\":{\"5\":{\"15\":{\"type\":\"homeHero\",\"enabled\":\"1\",\"fields\":{\"heading\":\"Kick. Punch. Learn.\",\"body\":\"<p>Freddie Poole\\u2019s Martial Arts\\u00ae is a unique and modern training system that combines traditional values and principles with a modern system of combat, self-defense and fitness.&nbsp;<\\/p>\",\"backgroundColor\":\"#000000\",\"backgroundImage\":[\"10\"]}},\"new1\":{\"type\":\"homePrograms\",\"enabled\":\"1\",\"fields\":{\"heading\":\"Approach\",\"body\":\"<p>This unique approach creates a balanced and well-rounded martial artist. The key to our success is that each discipline is introduced in stages to the student, rather than front-loading a program. This methodical approach ensures students are learning and mastering techniques at the highest level, as opposed to just going through motions.&nbsp;<\\/p>\",\"programs\":[\"16\",\"17\"]}}}}}', '2016-03-16 04:17:39', '2016-03-16 04:17:39', '51438fc2-415c-48fc-98d5-3740d3ce84cf'),
 ('11', '2', '1', '1', 'en_us', '5', '', '{\"typeId\":null,\"authorId\":null,\"title\":\"Home\",\"slug\":\"homepage\",\"postDate\":1457804906,\"expiryDate\":null,\"enabled\":1,\"parentId\":null,\"fields\":{\"5\":{\"15\":{\"type\":\"homeHero\",\"enabled\":\"1\",\"fields\":{\"heading\":\"Kick. Punch. Learn.\",\"body\":\"<p>Freddie Poole\\u2019s Martial Arts\\u00ae is a unique and modern training system that combines traditional values and principles with a modern system of combat, self-defense and fitness.&nbsp;<\\/p>\",\"backgroundColor\":\"#000000\",\"backgroundImage\":[\"10\"]}},\"18\":{\"type\":\"homePrograms\",\"enabled\":\"1\",\"fields\":{\"heading\":\"Approach\",\"body\":\"<p>This unique approach creates a balanced and well-rounded martial artist. The key to our success is that each discipline is introduced in stages to the student, rather than front-loading a program. This methodical approach ensures students are learning and mastering techniques at the highest level, as opposed to just going through motions.&nbsp;<\\/p>\",\"programs\":[\"16\",\"17\"],\"backgroundColor\":\"#000000\",\"backgroundImage\":[\"14\"]}}}}}', '2016-03-16 04:22:35', '2016-03-16 04:22:35', '9ba37737-e905-4a53-9315-d8976665d9c8'),
 ('12', '2', '1', '1', 'en_us', '6', '', '{\"typeId\":null,\"authorId\":null,\"title\":\"Home\",\"slug\":\"homepage\",\"postDate\":1457804906,\"expiryDate\":null,\"enabled\":1,\"parentId\":null,\"fields\":{\"5\":{\"15\":{\"type\":\"homeHero\",\"enabled\":\"1\",\"fields\":{\"heading\":\"Kick. Punch. Learn.\",\"body\":\"<p>Freddie Poole\\u2019s Martial Arts\\u00ae is a unique and modern training system that combines traditional values and principles with a modern system of combat, self-defense and fitness.&nbsp;<\\/p>\",\"backgroundColor\":\"#000000\",\"backgroundImage\":[\"14\"]}},\"18\":{\"type\":\"homePrograms\",\"enabled\":\"1\",\"fields\":{\"heading\":\"Approach\",\"body\":\"<p>This unique approach creates a balanced and well-rounded martial artist. The key to our success is that each discipline is introduced in stages to the student, rather than front-loading a program. This methodical approach ensures students are learning and mastering techniques at the highest level, as opposed to just going through motions.&nbsp;<\\/p>\",\"programs\":[\"16\",\"17\"],\"backgroundColor\":\"#000000\",\"backgroundImage\":[\"14\"]}}}}}', '2016-03-16 04:29:28', '2016-03-16 04:29:28', '43dd440a-86b3-4e5f-975f-41aab057aac0'),
 ('13', '2', '1', '1', 'en_us', '7', '', '{\"typeId\":null,\"authorId\":null,\"title\":\"Home\",\"slug\":\"homepage\",\"postDate\":1457804906,\"expiryDate\":null,\"enabled\":1,\"parentId\":null,\"fields\":{\"5\":{\"15\":{\"type\":\"homeHero\",\"enabled\":\"1\",\"fields\":{\"heading\":\"Kick. Punch. Learn.\",\"body\":\"<p>Freddie Poole\\u2019s Martial Arts\\u00ae is a unique and modern training system that combines traditional values and principles with a modern system of combat, self-defense and fitness.&nbsp;<\\/p>\",\"backgroundColor\":\"#000000\",\"backgroundImage\":[\"8\"]}},\"18\":{\"type\":\"homePrograms\",\"enabled\":\"1\",\"fields\":{\"heading\":\"Approach\",\"body\":\"<p>This unique approach creates a balanced and well-rounded martial artist. The key to our success is that each discipline is introduced in stages to the student, rather than front-loading a program. This methodical approach ensures students are learning and mastering techniques at the highest level, as opposed to just going through motions.&nbsp;<\\/p>\",\"programs\":[\"16\",\"17\"],\"backgroundColor\":\"#000000\",\"backgroundImage\":[\"14\"]}}}}}', '2016-03-16 04:30:39', '2016-03-16 04:30:39', '091769cb-c3ba-401f-af10-60a5ef74fcc9'),
 ('14', '16', '3', '1', 'en_us', '2', '', '{\"typeId\":\"4\",\"authorId\":\"1\",\"title\":\"Dragons\",\"slug\":\"dragons\",\"postDate\":1458099960,\"expiryDate\":null,\"enabled\":1,\"parentId\":\"6\",\"fields\":{\"5\":{\"new1\":{\"type\":\"secondaryHero\",\"enabled\":\"1\",\"fields\":{\"heading\":\"Brazilian Jiu Jitsu\",\"body\":\"<p>Brazilian Jiu-jitsu classes in Dallas (BJJ) is primarily a ground fighting art, a grappling style of Martial Arts that has roots and evolved from Japanese Judo and Classical jujutsu. Brazilian Jiu-jitsu specializes in ground techniques such as positional control and the use of leverage for reversals and submissions holds (joint lock and chokes) to overcome the size and strength of opponents. BJJ provides a clear path and strategy for victory in a self-defense scenario or competition. As a sport it is a safe and entertaining art that can be practiced for a lifetime of fitness and well-being.<\\/p>\",\"contactButton\":[\"on\"],\"backgroundColor\":\"#000000\",\"backgroundImage\":[\"8\"]}},\"new2\":{\"type\":\"oneColumn\",\"enabled\":\"1\",\"fields\":{\"heading\":\"History\",\"body\":\"<p>Most people involved in Martial Arts are familiar with the basic history of BJJ. How a Japanese Jiu-jitsu expert, Maeda, came to Brazil as part of a diplomatic mission to found and establish a Japanese colony. He befriended Gastao Gracie, a man of Scottish decent who had influence in local political circles.<\\/p>\\r\\n\\r\\n<p>Maeda offered to teach Gracie\\u2019s sons Jiu-jitsu.<br>The Gracie boys became very proficient in jiu-jitsu. Being a large family they never lacked training partners and new ideas for practicing and training daily within the family and nephews the Machados. This went on for generations. Later opening their own schools and developing their own additions and modifications to the techniques they had being taught, as a test of their skill, the Gracies fought many matches against other styles with great success.<\\/p>\\r\\n\\r\\n<p>In this manner they came to understand which techniques worked and which did not. They based their developing martial arts on their combat experiences over generations. With great success in MMA competitions, Brazilian jiu-jitsu has establish itself as an extremely effective martial arts and one of the most sought out.<\\/p>\",\"backgroundColor\":\"#000000\",\"backgroundImage\":[\"12\"]}},\"new3\":{\"type\":\"oneColumn\",\"enabled\":\"1\",\"fields\":{\"heading\":\"The BJJ strategy and the Japanese legacy\",\"body\":\"<p>eda taught the Gracie\\u2019s the art of \\u201cRandori\\u201d or live training (rolling) where safe but effective techniques can be applied with full resistance to opponents, as long as they agree to \\u201ctap-out\\u201d or submit (surrender) when a technique is successfully applied. This way, two opponents can face each other and fight close to full power which makes training much more realistic to a real fight, therefore more effective.<\\/p>\\r\\n\\r\\n<p>The genius of the Gracie\\u2019s lay in the strategy they implemented to win fights, which can be seen in sport point systems, they implemented in competition. The Gracie\\u2019s realized that fighting a bigger stronger opponent and trading blows was not a good idea, so they developed a strategy where they would take a standing opponent or fighter out of their comfort zone (stand up skill) put them on the ground and expose them to their great ground skills, positional control, leverage and submissions.<br>The Gracie\\u2019s realized that certain positions were better to attack and defend so they strategized ways from any position on the ground to a position where they can reverse, control and submit their opponent.<\\/p>\",\"backgroundColor\":\"#f5f5f5\",\"backgroundImage\":\"\"}}},\"22\":\"Dragons (4 \\u2013 6 YO)\",\"4\":\"\",\"3\":\"\"}}', '2016-03-24 02:37:17', '2016-03-24 02:37:17', '08de09b9-cafc-49af-aa19-b9c1a78c89a2'),
 ('15', '2', '1', '1', 'en_us', '8', '', '{\"typeId\":null,\"authorId\":null,\"title\":\"Home\",\"slug\":\"homepage\",\"postDate\":1457804906,\"expiryDate\":null,\"enabled\":1,\"parentId\":null,\"fields\":{\"5\":{\"15\":{\"type\":\"homeHero\",\"enabled\":\"1\",\"fields\":{\"heading\":\"Kick. Punch. Learn.\",\"body\":\"<p>Freddie Poole\\u2019s Martial Arts\\u00ae is a unique and modern training system that combines traditional values and principles with a modern system of combat, self-defense and fitness.&nbsp;<\\/p>\",\"backgroundColor\":\"#000000\",\"backgroundImage\":[\"8\"],\"contactButton\":\"1\"}},\"18\":{\"type\":\"homePrograms\",\"enabled\":\"1\",\"fields\":{\"heading\":\"Approach\",\"body\":\"<p>This unique approach creates a balanced and well-rounded martial artist. The key to our success is that each discipline is introduced in stages to the student, rather than front-loading a program. This methodical approach ensures students are learning and mastering techniques at the highest level, as opposed to just going through motions.&nbsp;<\\/p>\",\"programs\":[\"16\",\"17\"],\"backgroundColor\":\"#000000\",\"backgroundImage\":[\"14\"]}}}}}', '2016-03-24 02:42:11', '2016-03-24 02:42:11', '1248b846-7957-4ffd-8846-d95fee7f029e'),
 ('16', '16', '3', '1', 'en_us', '3', '', '{\"typeId\":\"4\",\"authorId\":\"1\",\"title\":\"Dragons\",\"slug\":\"dragons\",\"postDate\":1458099960,\"expiryDate\":null,\"enabled\":1,\"parentId\":\"6\",\"fields\":{\"5\":{\"21\":{\"type\":\"secondaryHero\",\"enabled\":\"1\",\"fields\":{\"heading\":\"Brazilian Jiu Jitsu\",\"body\":\"<p>Brazilian Jiu-jitsu classes in Dallas (BJJ) is primarily a ground fighting art, a grappling style of Martial Arts that has roots and evolved from Japanese Judo and Classical jujutsu. Brazilian Jiu-jitsu specializes in ground techniques such as positional control and the use of leverage for reversals and submissions holds (joint lock and chokes) to overcome the size and strength of opponents. BJJ provides a clear path and strategy for victory in a self-defense scenario or competition. As a sport it is a safe and entertaining art that can be practiced for a lifetime of fitness and well-being.<\\/p>\",\"contactButton\":\"1\",\"backgroundColor\":\"#000000\",\"backgroundImage\":[\"8\"]}},\"22\":{\"type\":\"oneColumn\",\"enabled\":\"1\",\"fields\":{\"heading\":\"History\",\"body\":\"<p>Most people involved in Martial Arts are familiar with the basic history of BJJ. How a Japanese Jiu-jitsu expert, Maeda, came to Brazil as part of a diplomatic mission to found and establish a Japanese colony. He befriended Gastao Gracie, a man of Scottish decent who had influence in local political circles.<\\/p>\\r\\n\\r\\n<p>Maeda offered to teach Gracie\\u2019s sons Jiu-jitsu.<br>The Gracie boys became very proficient in jiu-jitsu. Being a large family they never lacked training partners and new ideas for practicing and training daily within the family and nephews the Machados. This went on for generations. Later opening their own schools and developing their own additions and modifications to the techniques they had being taught, as a test of their skill, the Gracies fought many matches against other styles with great success.<\\/p>\\r\\n\\r\\n\\r\\n\\r\\n<p>In this manner they came to understand which techniques worked and which did not. They based their developing martial arts on their combat experiences over generations. With great success in MMA competitions, Brazilian jiu-jitsu has establish itself as an extremely effective martial arts and one of the most sought out.<\\/p>\",\"backgroundColor\":\"#000000\",\"backgroundImage\":[\"12\"]}},\"23\":{\"type\":\"oneColumn\",\"enabled\":\"1\",\"fields\":{\"heading\":\"The BJJ strategy and the Japanese legacy\",\"body\":\"<p>eda taught the Gracie\\u2019s the art of \\u201cRandori\\u201d or live training (rolling) where safe but effective techniques can be applied with full resistance to opponents, as long as they agree to \\u201ctap-out\\u201d or submit (surrender) when a technique is successfully applied. This way, two opponents can face each other and fight close to full power which makes training much more realistic to a real fight, therefore more effective.<\\/p>\\r\\n\\r\\n<p>The genius of the Gracie\\u2019s lay in the strategy they implemented to win fights, which can be seen in sport point systems, they implemented in competition. The Gracie\\u2019s realized that fighting a bigger stronger opponent and trading blows was not a good idea, so they developed a strategy where they would take a standing opponent or fighter out of their comfort zone (stand up skill) put them on the ground and expose them to their great ground skills, positional control, leverage and submissions.<br>The Gracie\\u2019s realized that certain positions were better to attack and defend so they strategized ways from any position on the ground to a position where they can reverse, control and submit their opponent.<\\/p>\",\"backgroundColor\":\"#f5f5f5\",\"backgroundImage\":\"\"}}},\"22\":\"Dragons (4 \\u2013 6 YO)\",\"4\":\"\",\"3\":\"\"}}', '2016-03-24 03:49:46', '2016-03-24 03:49:46', 'fdeda0fc-a7d5-4708-b486-1f5cd6c349c9'),
 ('17', '24', '3', '1', 'en_us', '1', '', '{\"typeId\":\"3\",\"authorId\":\"1\",\"title\":\"Locations\",\"slug\":\"locations-1\",\"postDate\":1458012000,\"expiryDate\":null,\"enabled\":1,\"parentId\":\"\",\"fields\":{\"5\":{\"new1\":{\"type\":\"secondaryHero\",\"enabled\":\"1\",\"fields\":{\"heading\":\"\",\"body\":\"\",\"contactButton\":\"1\",\"backgroundColor\":\"#000000\",\"backgroundImage\":\"\",\"map\":\"{\\\"markers\\\":[{\\\"isNew\\\":true,\\\"isSavedToMap\\\":true,\\\"address\\\":\\\"17194 Preston Rd, Dallas, TX 75248, USA\\\",\\\"addressComponents\\\":[{\\\"long_name\\\":\\\"17194\\\",\\\"short_name\\\":\\\"17194\\\",\\\"types\\\":[\\\"street_number\\\"]},{\\\"long_name\\\":\\\"Preston Road\\\",\\\"short_name\\\":\\\"Preston Rd\\\",\\\"types\\\":[\\\"route\\\"]},{\\\"long_name\\\":\\\"Far North Dallas\\\",\\\"short_name\\\":\\\"Far North Dallas\\\",\\\"types\\\":[\\\"neighborhood\\\",\\\"political\\\"]},{\\\"long_name\\\":\\\"Dallas\\\",\\\"short_name\\\":\\\"Dallas\\\",\\\"types\\\":[\\\"locality\\\",\\\"political\\\"]},{\\\"long_name\\\":\\\"Dallas County\\\",\\\"short_name\\\":\\\"Dallas County\\\",\\\"types\\\":[\\\"administrative_area_level_2\\\",\\\"political\\\"]},{\\\"long_name\\\":\\\"Texas\\\",\\\"short_name\\\":\\\"TX\\\",\\\"types\\\":[\\\"administrative_area_level_1\\\",\\\"political\\\"]},{\\\"long_name\\\":\\\"United States\\\",\\\"short_name\\\":\\\"US\\\",\\\"types\\\":[\\\"country\\\",\\\"political\\\"]},{\\\"long_name\\\":\\\"75248\\\",\\\"short_name\\\":\\\"75248\\\",\\\"types\\\":[\\\"postal_code\\\"]}],\\\"lat\\\":32.98391826247492,\\\"lng\\\":-96.80163320552253,\\\"content\\\":\\\"17194 Preston Rd<br> Dallas<br> TX 75248<br> USA\\\",\\\"title\\\":\\\"\\\",\\\"scaledWidth\\\":null,\\\"scaledHeight\\\":null}],\\\"polygons\\\":[],\\\"polylines\\\":[{\\\"points\\\":[{\\\"lat\\\":32.9839177,\\\"lng\\\":-96.8016265}],\\\"hideDetails\\\":false,\\\"isNew\\\":true,\\\"isSavedToMap\\\":true,\\\"strokeColor\\\":\\\"#000000\\\",\\\"strokeOpacity\\\":\\\"0.60\\\",\\\"strokeWeight\\\":\\\"3.00\\\",\\\"title\\\":\\\"\\\",\\\"content\\\":\\\"\\\"}],\\\"routes\\\":[],\\\"circles\\\":[],\\\"groundOverlays\\\":[]}\"}}},\"4\":\"\",\"3\":\"\"}}', '2016-03-24 04:22:43', '2016-03-24 04:22:43', 'f223923d-dd00-4fad-bc17-287ca1b830fc'),
 ('18', '24', '3', '1', 'en_us', '2', '', '{\"typeId\":\"3\",\"authorId\":\"1\",\"title\":\"North Dallas\",\"slug\":\"north-dallas\",\"postDate\":1458012000,\"expiryDate\":null,\"enabled\":1,\"parentId\":\"\",\"fields\":{\"5\":{\"25\":{\"type\":\"secondaryHero\",\"enabled\":\"1\",\"fields\":{\"heading\":\"North Dallas\",\"body\":\"<p>Globally syndicate market positioning niches with accurate platforms. Energistically coordinate exceptional e-tailers without open-source functionalities.<\\/p>\",\"contactButton\":\"1\",\"backgroundColor\":\"#000000\",\"backgroundImage\":[\"10\"],\"map\":\"{\\\"markers\\\":[{\\\"isNew\\\":false,\\\"isSavedToMap\\\":true,\\\"title\\\":\\\"\\\",\\\"distance\\\":false,\\\"icon\\\":\\\"\\\",\\\"lat\\\":32.983918262475,\\\"lng\\\":-96.801633205523,\\\"content\\\":\\\"17194 Preston Rd<br> Dallas<br> TX 75248<br> USA\\\",\\\"customContent\\\":false,\\\"address\\\":\\\"17194 Preston Rd, Dallas, TX 75248, USA\\\",\\\"addressComponents\\\":[{\\\"long_name\\\":\\\"17194\\\",\\\"short_name\\\":\\\"17194\\\",\\\"types\\\":[\\\"street_number\\\"]},{\\\"long_name\\\":\\\"Preston Road\\\",\\\"short_name\\\":\\\"Preston Rd\\\",\\\"types\\\":[\\\"route\\\"]},{\\\"long_name\\\":\\\"Far North Dallas\\\",\\\"short_name\\\":\\\"Far North Dallas\\\",\\\"types\\\":[\\\"neighborhood\\\",\\\"political\\\"]},{\\\"long_name\\\":\\\"Dallas\\\",\\\"short_name\\\":\\\"Dallas\\\",\\\"types\\\":[\\\"locality\\\",\\\"political\\\"]},{\\\"long_name\\\":\\\"Dallas County\\\",\\\"short_name\\\":\\\"Dallas County\\\",\\\"types\\\":[\\\"administrative_area_level_2\\\",\\\"political\\\"]},{\\\"long_name\\\":\\\"Texas\\\",\\\"short_name\\\":\\\"TX\\\",\\\"types\\\":[\\\"administrative_area_level_1\\\",\\\"political\\\"]},{\\\"long_name\\\":\\\"United States\\\",\\\"short_name\\\":\\\"US\\\",\\\"types\\\":[\\\"country\\\",\\\"political\\\"]},{\\\"long_name\\\":\\\"75248\\\",\\\"short_name\\\":\\\"75248\\\",\\\"types\\\":[\\\"postal_code\\\"]}],\\\"locationId\\\":\\\"1\\\",\\\"elementId\\\":\\\"25\\\",\\\"deleted\\\":false}],\\\"polygons\\\":[],\\\"polylines\\\":[{\\\"isSavedToMap\\\":true,\\\"title\\\":\\\"\\\",\\\"content\\\":\\\"\\\",\\\"points\\\":[{\\\"lat\\\":32.9839177,\\\"lng\\\":-96.8016265}],\\\"hideDetails\\\":false,\\\"strokeColor\\\":\\\"#000000\\\",\\\"strokeWeight\\\":\\\"3.00\\\",\\\"strokeOpacity\\\":\\\"0.60\\\",\\\"isNew\\\":false,\\\"elementId\\\":\\\"25\\\",\\\"deleted\\\":false,\\\"fillColor\\\":\\\"#666666\\\",\\\"fillOpacity\\\":0.6}],\\\"routes\\\":[],\\\"circles\\\":[],\\\"groundOverlays\\\":[]}\"}}},\"4\":\"\",\"3\":\"\"}}', '2016-03-24 04:24:48', '2016-03-24 04:24:48', '9e12e28c-3620-4e88-bcc3-9ba43e15e1b0'),
 ('19', '24', '3', '1', 'en_us', '3', '', '{\"typeId\":\"3\",\"authorId\":\"1\",\"title\":\"North Dallas\",\"slug\":\"north-dallas\",\"postDate\":1458012000,\"expiryDate\":null,\"enabled\":1,\"parentId\":\"7\",\"fields\":{\"5\":{\"25\":{\"type\":\"secondaryHero\",\"enabled\":\"1\",\"fields\":{\"heading\":\"North Dallas\",\"body\":\"<p>Globally syndicate market positioning niches with accurate platforms. Energistically coordinate exceptional e-tailers without open-source functionalities.<\\/p>\",\"contactButton\":\"1\",\"backgroundColor\":\"#000000\",\"backgroundImage\":[\"10\"],\"map\":\"{\\\"markers\\\":[{\\\"isNew\\\":false,\\\"isSavedToMap\\\":true,\\\"title\\\":\\\"\\\",\\\"distance\\\":false,\\\"icon\\\":\\\"\\\",\\\"lat\\\":32.983918262475,\\\"lng\\\":-96.801633205523,\\\"content\\\":\\\"17194 Preston Rd<br> Dallas<br> TX 75248<br> USA\\\",\\\"customContent\\\":false,\\\"address\\\":\\\"17194 Preston Rd, Dallas, TX 75248, USA\\\",\\\"addressComponents\\\":[{\\\"long_name\\\":\\\"17194\\\",\\\"short_name\\\":\\\"17194\\\",\\\"types\\\":[\\\"street_number\\\"]},{\\\"long_name\\\":\\\"Preston Road\\\",\\\"short_name\\\":\\\"Preston Rd\\\",\\\"types\\\":[\\\"route\\\"]},{\\\"long_name\\\":\\\"Far North Dallas\\\",\\\"short_name\\\":\\\"Far North Dallas\\\",\\\"types\\\":[\\\"neighborhood\\\",\\\"political\\\"]},{\\\"long_name\\\":\\\"Dallas\\\",\\\"short_name\\\":\\\"Dallas\\\",\\\"types\\\":[\\\"locality\\\",\\\"political\\\"]},{\\\"long_name\\\":\\\"Dallas County\\\",\\\"short_name\\\":\\\"Dallas County\\\",\\\"types\\\":[\\\"administrative_area_level_2\\\",\\\"political\\\"]},{\\\"long_name\\\":\\\"Texas\\\",\\\"short_name\\\":\\\"TX\\\",\\\"types\\\":[\\\"administrative_area_level_1\\\",\\\"political\\\"]},{\\\"long_name\\\":\\\"United States\\\",\\\"short_name\\\":\\\"US\\\",\\\"types\\\":[\\\"country\\\",\\\"political\\\"]},{\\\"long_name\\\":\\\"75248\\\",\\\"short_name\\\":\\\"75248\\\",\\\"types\\\":[\\\"postal_code\\\"]}],\\\"locationId\\\":\\\"1\\\",\\\"elementId\\\":\\\"25\\\",\\\"deleted\\\":false}],\\\"polygons\\\":[],\\\"polylines\\\":[{\\\"isSavedToMap\\\":true,\\\"title\\\":\\\"\\\",\\\"content\\\":\\\"\\\",\\\"points\\\":[{\\\"lat\\\":32.9839177,\\\"lng\\\":-96.8016265}],\\\"hideDetails\\\":false,\\\"strokeColor\\\":\\\"#000000\\\",\\\"strokeWeight\\\":\\\"3.00\\\",\\\"strokeOpacity\\\":\\\"0.60\\\",\\\"isNew\\\":false,\\\"elementId\\\":\\\"25\\\",\\\"deleted\\\":false,\\\"fillColor\\\":\\\"#666666\\\",\\\"fillOpacity\\\":0.6}],\\\"routes\\\":[],\\\"circles\\\":[],\\\"groundOverlays\\\":[]}\"}}},\"4\":\"\",\"3\":\"\"}}', '2016-03-24 04:37:35', '2016-03-24 04:37:35', '58e747ff-d514-402a-b674-b62add2073d5'),
 ('20', '24', '3', '1', 'en_us', '4', '', '{\"typeId\":\"3\",\"authorId\":\"1\",\"title\":\"North Dallas\",\"slug\":\"north-dallas\",\"postDate\":1458012000,\"expiryDate\":null,\"enabled\":1,\"parentId\":\"7\",\"fields\":{\"5\":{\"25\":{\"type\":\"secondaryHero\",\"enabled\":\"1\",\"fields\":{\"heading\":\"North Dallas\",\"body\":\"<p>Globally syndicate market positioning niches with accurate platforms. Energistically coordinate exceptional e-tailers without open-source functionalities.<\\/p>\",\"contactButton\":\"1\",\"backgroundColor\":\"#000000\",\"backgroundImage\":[\"10\"],\"map\":\"{\\\"markers\\\":[{\\\"isNew\\\":false,\\\"isSavedToMap\\\":true,\\\"title\\\":\\\"17194 Preston Rd\\\",\\\"distance\\\":false,\\\"icon\\\":\\\"\\\",\\\"lat\\\":32.983918262475,\\\"lng\\\":-96.801633205523,\\\"content\\\":\\\"17194 Preston Rd<br> Dallas<br> TX 75248<br> USA\\\",\\\"customContent\\\":false,\\\"address\\\":\\\"17194 Preston Rd, Dallas, TX 75248, USA\\\",\\\"addressComponents\\\":[{\\\"long_name\\\":\\\"17194\\\",\\\"short_name\\\":\\\"17194\\\",\\\"types\\\":[\\\"street_number\\\"]},{\\\"long_name\\\":\\\"Preston Road\\\",\\\"short_name\\\":\\\"Preston Rd\\\",\\\"types\\\":[\\\"route\\\"]},{\\\"long_name\\\":\\\"Far North Dallas\\\",\\\"short_name\\\":\\\"Far North Dallas\\\",\\\"types\\\":[\\\"neighborhood\\\",\\\"political\\\"]},{\\\"long_name\\\":\\\"Dallas\\\",\\\"short_name\\\":\\\"Dallas\\\",\\\"types\\\":[\\\"locality\\\",\\\"political\\\"]},{\\\"long_name\\\":\\\"Dallas County\\\",\\\"short_name\\\":\\\"Dallas County\\\",\\\"types\\\":[\\\"administrative_area_level_2\\\",\\\"political\\\"]},{\\\"long_name\\\":\\\"Texas\\\",\\\"short_name\\\":\\\"TX\\\",\\\"types\\\":[\\\"administrative_area_level_1\\\",\\\"political\\\"]},{\\\"long_name\\\":\\\"United States\\\",\\\"short_name\\\":\\\"US\\\",\\\"types\\\":[\\\"country\\\",\\\"political\\\"]},{\\\"long_name\\\":\\\"75248\\\",\\\"short_name\\\":\\\"75248\\\",\\\"types\\\":[\\\"postal_code\\\"]}],\\\"locationId\\\":\\\"1\\\",\\\"elementId\\\":\\\"25\\\",\\\"deleted\\\":false,\\\"scaledWidth\\\":null,\\\"scaledHeight\\\":null}],\\\"polygons\\\":[],\\\"polylines\\\":[{\\\"isSavedToMap\\\":true,\\\"title\\\":\\\"\\\",\\\"content\\\":\\\"\\\",\\\"points\\\":[{\\\"lat\\\":32.9839177,\\\"lng\\\":-96.8016265}],\\\"hideDetails\\\":false,\\\"strokeColor\\\":\\\"#000000\\\",\\\"strokeWeight\\\":\\\"3.00\\\",\\\"strokeOpacity\\\":\\\"0.60\\\",\\\"isNew\\\":false,\\\"elementId\\\":\\\"25\\\",\\\"deleted\\\":false,\\\"fillColor\\\":\\\"#666666\\\",\\\"fillOpacity\\\":0.6}],\\\"routes\\\":[],\\\"circles\\\":[],\\\"groundOverlays\\\":[]}\"}}},\"4\":\"\",\"3\":\"\"}}', '2016-03-24 04:53:43', '2016-03-24 04:53:43', '8bd8b88e-f658-4ce6-91eb-6f1cce923309'),
 ('21', '24', '3', '1', 'en_us', '5', '', '{\"typeId\":\"3\",\"authorId\":\"1\",\"title\":\"North Dallas\",\"slug\":\"north-dallas\",\"postDate\":1458012000,\"expiryDate\":null,\"enabled\":1,\"parentId\":\"7\",\"fields\":{\"5\":{\"25\":{\"type\":\"secondaryHero\",\"enabled\":\"1\",\"fields\":{\"heading\":\"North Dallas\",\"body\":\"<p>Globally syndicate market positioning niches with accurate platforms. Energistically coordinate exceptional e-tailers without open-source functionalities.<\\/p>\",\"contactButton\":\"1\",\"backgroundColor\":\"#000000\",\"backgroundImage\":[\"10\"],\"map\":\"<p>17194 Preston Rd<br> Dallas<br> TX 75248<br><\\/p>\"}}},\"4\":\"\",\"3\":\"\"}}', '2016-03-24 05:01:53', '2016-03-24 05:01:53', '46f43761-3484-4a4b-b0e4-4c6829266df3'),
 ('22', '24', '3', '1', 'en_us', '6', '', '{\"typeId\":\"3\",\"authorId\":\"1\",\"title\":\"North Dallas\",\"slug\":\"north-dallas\",\"postDate\":1458012000,\"expiryDate\":null,\"enabled\":1,\"parentId\":\"7\",\"fields\":{\"5\":{\"25\":{\"type\":\"secondaryHero\",\"enabled\":\"1\",\"fields\":{\"heading\":\"North Dallas\",\"body\":\"<p>Globally syndicate market positioning niches with accurate platforms. Energistically coordinate exceptional e-tailers without open-source functionalities.<\\/p>\",\"contactButton\":\"1\",\"backgroundColor\":\"#000000\",\"backgroundImage\":[\"10\"],\"map\":\"<p>17194 Preston Rd<br> Dallas<br> TX 75248<br><\\/p>\"}}},\"4\":\"\",\"3\":\"\"}}', '2016-03-24 05:02:01', '2016-03-24 05:02:01', '3dac5ba4-af71-4f81-a6ee-25fc418519d6');



DROP TABLE IF EXISTS `craft_fieldgroups`;


--
-- Schema for table `craft_fieldgroups`
--
CREATE TABLE `craft_fieldgroups` (
  `id` int(11) NOT NULL AUTO_INCREMENT,
  `name` varchar(255) COLLATE utf8_unicode_ci NOT NULL,
  `dateCreated` datetime NOT NULL,
  `dateUpdated` datetime NOT NULL,
  `uid` char(36) COLLATE utf8_unicode_ci NOT NULL DEFAULT '0',
  PRIMARY KEY (`id`),
  UNIQUE KEY `craft_fieldgroups_name_unq_idx` (`name`)
) ENGINE=InnoDB AUTO_INCREMENT=7 DEFAULT CHARSET=utf8 COLLATE=utf8_unicode_ci;

--
-- Data for table `craft_fieldgroups`
--

INSERT INTO `craft_fieldgroups` (`id`, `name`, `dateCreated`, `dateUpdated`, `uid`) VALUES
 ('1', 'Default', '2016-03-12 17:48:26', '2016-03-12 17:48:26', 'e90c6858-3198-498b-92cf-723381d00a7a'),
 ('2', 'seo', '2016-03-12 18:39:12', '2016-03-12 18:39:12', '3b62ccf9-aa6e-4085-a07b-48230a2f312e'),
 ('5', 'Programs', '2016-03-16 03:28:25', '2016-03-16 03:28:25', '242a1714-79df-404b-8254-f9bf5ee3fa9c'),
 ('6', 'Site Info', '2016-03-17 02:24:45', '2016-03-17 02:24:45', '64f0de4d-925f-41ab-abd9-24f2914a1117');



DROP TABLE IF EXISTS `craft_fieldlayoutfields`;


--
-- Schema for table `craft_fieldlayoutfields`
--
CREATE TABLE `craft_fieldlayoutfields` (
  `id` int(11) NOT NULL AUTO_INCREMENT,
  `layoutId` int(11) NOT NULL,
  `tabId` int(11) NOT NULL,
  `fieldId` int(11) NOT NULL,
  `required` tinyint(1) unsigned NOT NULL DEFAULT '0',
  `sortOrder` smallint(6) unsigned DEFAULT NULL,
  `dateCreated` datetime NOT NULL,
  `dateUpdated` datetime NOT NULL,
  `uid` char(36) COLLATE utf8_unicode_ci NOT NULL DEFAULT '0',
  PRIMARY KEY (`id`),
  UNIQUE KEY `craft_fieldlayoutfields_layoutId_fieldId_unq_idx` (`layoutId`,`fieldId`),
  KEY `craft_fieldlayoutfields_sortOrder_idx` (`sortOrder`),
  KEY `craft_fieldlayoutfields_tabId_fk` (`tabId`),
  KEY `craft_fieldlayoutfields_fieldId_fk` (`fieldId`)
) ENGINE=InnoDB AUTO_INCREMENT=223 DEFAULT CHARSET=utf8 COLLATE=utf8_unicode_ci;

--
-- Data for table `craft_fieldlayoutfields`
--

INSERT INTO `craft_fieldlayoutfields` (`id`, `layoutId`, `tabId`, `fieldId`, `required`, `sortOrder`, `dateCreated`, `dateUpdated`, `uid`) VALUES
 ('2', '5', '2', '1', '1', '1', '2016-03-12 17:48:26', '2016-03-12 17:48:26', 'b90d4b5d-11be-438e-b0fd-a3545aebc0a6'),
 ('3', '5', '2', '2', '0', '2', '2016-03-12 17:48:26', '2016-03-12 17:48:26', 'fab07d60-a404-4dd5-989e-1ef64c735051'),
 ('5', '8', '4', '3', '0', '1', '2016-03-12 18:41:27', '2016-03-12 18:41:27', 'adeff19b-dbc9-4218-a984-f8348f920fb2'),
 ('6', '8', '4', '4', '0', '2', '2016-03-12 18:41:27', '2016-03-12 18:41:27', 'fa604aec-74e9-472b-a70d-f3338a18c590'),
 ('9', '11', '6', '5', '0', '1', '2016-03-12 19:00:02', '2016-03-12 19:00:02', 'd0bf43b3-6b0e-47be-9edc-3a05e80d5f0c'),
 ('29', '17', '11', '5', '0', '1', '2016-03-16 03:30:15', '2016-03-16 03:30:15', 'a847299c-3485-423e-bb7e-a9ecee25aa9d'),
 ('30', '17', '12', '4', '0', '1', '2016-03-16 03:30:15', '2016-03-16 03:30:15', '8295ba87-353e-4d7a-812a-b9749426087b'),
 ('31', '17', '12', '3', '0', '2', '2016-03-16 03:30:15', '2016-03-16 03:30:15', '828f5636-c1ce-402c-b984-5e973ac009fb'),
 ('32', '18', '13', '22', '0', '1', '2016-03-16 03:30:47', '2016-03-16 03:30:47', '6e776c58-300d-47ed-bd92-e2c98968a813'),
 ('33', '18', '13', '5', '0', '2', '2016-03-16 03:30:47', '2016-03-16 03:30:47', '9ccccb66-b781-4109-a7bf-3492c7db8ee4'),
 ('34', '18', '14', '4', '0', '1', '2016-03-16 03:30:47', '2016-03-16 03:30:47', '7b4561be-e037-4a20-bc82-beaa97173bc7'),
 ('35', '18', '14', '3', '0', '2', '2016-03-16 03:30:47', '2016-03-16 03:30:47', '7c4c6807-2aaf-4e05-8016-e28be80d1bcb'),
 ('92', '31', '27', '31', '0', '1', '2016-03-17 02:25:29', '2016-03-17 02:25:29', 'e824327d-e1e9-47a6-97d3-239df88ee79a'),
 ('196', '52', '48', '6', '0', '1', '2016-03-24 05:01:13', '2016-03-24 05:01:13', '40696976-4157-49b7-9e55-cd449bed5c9c'),
 ('197', '52', '48', '7', '0', '2', '2016-03-24 05:01:13', '2016-03-24 05:01:13', '0457f262-4c0a-4e8e-b0ab-2f51f79c6088'),
 ('198', '52', '48', '8', '0', '3', '2016-03-24 05:01:13', '2016-03-24 05:01:13', '46a81af8-0e7c-4256-a81f-a48cc0544d14'),
 ('199', '52', '48', '9', '0', '4', '2016-03-24 05:01:13', '2016-03-24 05:01:13', '72ad552d-1dda-40dc-9643-a9db6d62be0f'),
 ('200', '53', '49', '10', '0', '1', '2016-03-24 05:01:13', '2016-03-24 05:01:13', 'b4551833-67a4-42d8-9d86-de111e664178'),
 ('201', '53', '49', '11', '0', '2', '2016-03-24 05:01:13', '2016-03-24 05:01:13', '0fd4548e-9927-4e1a-8fd6-0390e51d76e0'),
 ('202', '53', '49', '12', '0', '3', '2016-03-24 05:01:13', '2016-03-24 05:01:13', 'dc5edfe0-28f5-41f4-9acf-d302790df4e0'),
 ('203', '53', '49', '13', '0', '4', '2016-03-24 05:01:13', '2016-03-24 05:01:13', 'd897d147-2b4f-47d3-9616-0e3b98220dee'),
 ('204', '53', '49', '32', '0', '5', '2016-03-24 05:01:13', '2016-03-24 05:01:13', '49dd1599-9883-4f24-b117-2608ae219180'),
 ('205', '54', '50', '14', '0', '1', '2016-03-24 05:01:13', '2016-03-24 05:01:13', '42ff6dc1-f5ea-4938-8cd4-3ed6cc8a9bd4'),
 ('206', '54', '50', '15', '0', '2', '2016-03-24 05:01:13', '2016-03-24 05:01:13', '80a830e1-1f18-44e7-8f9e-19d5fde8a801'),
 ('207', '54', '50', '16', '0', '3', '2016-03-24 05:01:13', '2016-03-24 05:01:13', '0f190688-8ab1-40eb-89f4-1f7d14da1af3'),
 ('208', '54', '50', '17', '0', '4', '2016-03-24 05:01:13', '2016-03-24 05:01:13', 'f644e794-6317-4419-b051-55684de87734'),
 ('209', '54', '50', '18', '0', '5', '2016-03-24 05:01:13', '2016-03-24 05:01:13', '71476654-91be-4bf7-baf1-0a4cebc16558'),
 ('210', '54', '50', '19', '0', '6', '2016-03-24 05:01:13', '2016-03-24 05:01:13', '401ff99c-57c4-49f8-a029-1364d536fd13'),
 ('211', '54', '50', '20', '0', '7', '2016-03-24 05:01:13', '2016-03-24 05:01:13', '950a7565-458d-4d29-94d8-7e6ceeb97ee2'),
 ('212', '55', '51', '26', '0', '1', '2016-03-24 05:01:13', '2016-03-24 05:01:13', 'eb131340-979f-477c-8579-43005f3e5c0b'),
 ('213', '55', '51', '27', '0', '2', '2016-03-24 05:01:13', '2016-03-24 05:01:13', 'aa148881-96a3-4ded-9295-b5299771c1ae'),
 ('214', '55', '51', '28', '0', '3', '2016-03-24 05:01:13', '2016-03-24 05:01:13', '1ccd0626-0155-4b8c-88e3-2dd9091d1490'),
 ('215', '55', '51', '29', '0', '4', '2016-03-24 05:01:13', '2016-03-24 05:01:13', '81416523-df31-4b7a-8e5c-fab8f6790594'),
 ('216', '55', '51', '30', '0', '5', '2016-03-24 05:01:13', '2016-03-24 05:01:13', '01bdab95-2f67-49dc-bdac-8216457cd0f4'),
 ('217', '56', '52', '33', '0', '1', '2016-03-24 05:01:13', '2016-03-24 05:01:13', 'ade75133-d731-4955-a2cc-ee55f2eed40c'),
 ('218', '56', '52', '34', '0', '2', '2016-03-24 05:01:13', '2016-03-24 05:01:13', '63f8fa7a-8f4b-4db9-9ea6-ed446cda33f2'),
 ('219', '56', '52', '35', '0', '3', '2016-03-24 05:01:13', '2016-03-24 05:01:13', '64de6229-f2dd-4f74-aa33-26f76f6647fc'),
 ('220', '56', '52', '36', '0', '4', '2016-03-24 05:01:13', '2016-03-24 05:01:13', '09616399-1a77-4b8c-bf89-994ba7c240b4'),
 ('221', '56', '52', '37', '0', '5', '2016-03-24 05:01:13', '2016-03-24 05:01:13', 'e38dbf6f-1f6e-48e6-b64e-eca1ff96f2dc'),
 ('222', '56', '52', '38', '0', '6', '2016-03-24 05:01:13', '2016-03-24 05:01:13', '3c91533f-f68d-40d2-9c01-e7151f1f1908');



DROP TABLE IF EXISTS `craft_fieldlayouts`;


--
-- Schema for table `craft_fieldlayouts`
--
CREATE TABLE `craft_fieldlayouts` (
  `id` int(11) NOT NULL AUTO_INCREMENT,
  `type` varchar(150) COLLATE utf8_unicode_ci NOT NULL,
  `dateCreated` datetime NOT NULL,
  `dateUpdated` datetime NOT NULL,
  `uid` char(36) COLLATE utf8_unicode_ci NOT NULL DEFAULT '0',
  PRIMARY KEY (`id`),
  KEY `craft_fieldlayouts_type_idx` (`type`)
) ENGINE=InnoDB AUTO_INCREMENT=57 DEFAULT CHARSET=utf8 COLLATE=utf8_unicode_ci;

--
-- Data for table `craft_fieldlayouts`
--

INSERT INTO `craft_fieldlayouts` (`id`, `type`, `dateCreated`, `dateUpdated`, `uid`) VALUES
 ('1', 'Tag', '2016-03-12 17:48:26', '2016-03-12 17:48:26', '39ecdb8f-690a-4a80-bb51-044b7406d8a7'),
 ('5', 'Entry', '2016-03-12 17:48:26', '2016-03-12 17:48:26', 'c2251bf2-687a-4055-8962-4c73daa84979'),
 ('8', 'GlobalSet', '2016-03-12 18:41:27', '2016-03-12 18:41:27', '4587b21f-67ee-4fc1-a4b9-71d254218e3f'),
 ('11', 'Entry', '2016-03-12 19:00:02', '2016-03-12 19:00:02', '0c2093fc-81d8-47ff-8526-0a8a43c263d6'),
 ('13', 'Asset', '2016-03-16 02:11:23', '2016-03-16 02:11:23', '15b8d15f-8768-4503-811a-6b35ffffbb55'),
 ('17', 'Entry', '2016-03-16 03:30:15', '2016-03-16 03:30:15', 'b6c63324-de0a-425e-b3cc-2ada712c7bf8'),
 ('18', 'Entry', '2016-03-16 03:30:47', '2016-03-16 03:30:47', 'e00d1c48-082a-4cc8-84b1-12245db6132e'),
 ('31', 'GlobalSet', '2016-03-17 02:25:29', '2016-03-17 02:25:29', 'b4a994d4-da51-4275-b8d1-be4e25d3172a'),
 ('52', 'MatrixBlock', '2016-03-24 05:01:13', '2016-03-24 05:01:13', '411d7891-7e11-4fe1-b39c-30787cf0baf4'),
 ('53', 'MatrixBlock', '2016-03-24 05:01:13', '2016-03-24 05:01:13', 'a2c2681e-a06d-4d22-b547-132aba6e9f03'),
 ('54', 'MatrixBlock', '2016-03-24 05:01:13', '2016-03-24 05:01:13', 'abbe7f39-d9a2-4264-9041-0bbe9705446e'),
 ('55', 'MatrixBlock', '2016-03-24 05:01:13', '2016-03-24 05:01:13', '0d615cf5-764c-4e25-95a3-e3a84ffa0cb5'),
 ('56', 'MatrixBlock', '2016-03-24 05:01:13', '2016-03-24 05:01:13', 'f7924375-ba74-4f51-8d12-519d4a013038');



DROP TABLE IF EXISTS `craft_fieldlayouttabs`;


--
-- Schema for table `craft_fieldlayouttabs`
--
CREATE TABLE `craft_fieldlayouttabs` (
  `id` int(11) NOT NULL AUTO_INCREMENT,
  `layoutId` int(11) NOT NULL,
  `name` varchar(255) COLLATE utf8_unicode_ci NOT NULL,
  `sortOrder` smallint(6) unsigned DEFAULT NULL,
  `dateCreated` datetime NOT NULL,
  `dateUpdated` datetime NOT NULL,
  `uid` char(36) COLLATE utf8_unicode_ci NOT NULL DEFAULT '0',
  PRIMARY KEY (`id`),
  KEY `craft_fieldlayouttabs_sortOrder_idx` (`sortOrder`),
  KEY `craft_fieldlayouttabs_layoutId_fk` (`layoutId`)
) ENGINE=InnoDB AUTO_INCREMENT=53 DEFAULT CHARSET=utf8 COLLATE=utf8_unicode_ci;

--
-- Data for table `craft_fieldlayouttabs`
--

INSERT INTO `craft_fieldlayouttabs` (`id`, `layoutId`, `name`, `sortOrder`, `dateCreated`, `dateUpdated`, `uid`) VALUES
 ('2', '5', 'Content', '1', '2016-03-12 17:48:26', '2016-03-12 17:48:26', '740375d5-82ff-47d3-9b6e-ff5dc0e7d4f4'),
 ('4', '8', 'Content', '1', '2016-03-12 18:41:27', '2016-03-12 18:41:27', 'f7c37392-3ce2-4502-9fd3-2f86416a3eeb'),
 ('6', '11', 'Content', '1', '2016-03-12 19:00:02', '2016-03-12 19:00:02', 'e57b3294-c116-4034-b0a2-16fac82e5293'),
 ('11', '17', 'Tab 1', '1', '2016-03-16 03:30:15', '2016-03-16 03:30:15', '56f950a8-b39e-42d6-9fd4-a1583264fe90'),
 ('12', '17', 'seo', '2', '2016-03-16 03:30:15', '2016-03-16 03:30:15', 'e8ab504a-e111-479e-aa4e-9286f4bb17ed'),
 ('13', '18', 'Tab 1', '1', '2016-03-16 03:30:47', '2016-03-16 03:30:47', 'f888960e-c165-48d2-9d60-adb112725175'),
 ('14', '18', 'seo', '2', '2016-03-16 03:30:47', '2016-03-16 03:30:47', 'c26ef7b4-b237-4fb4-8f4b-403e0c765d9a'),
 ('27', '31', 'Content', '1', '2016-03-17 02:25:29', '2016-03-17 02:25:29', 'abb7291d-d29f-4588-a9b5-0b992d0f6561'),
 ('48', '52', 'Content', '1', '2016-03-24 05:01:13', '2016-03-24 05:01:13', '69a9d646-8a15-48ce-a09b-f3328b480eee'),
 ('49', '53', 'Content', '1', '2016-03-24 05:01:13', '2016-03-24 05:01:13', '82ef8d8d-56a0-41c4-9b11-4e498aba068e'),
 ('50', '54', 'Content', '1', '2016-03-24 05:01:13', '2016-03-24 05:01:13', 'ae3a66f2-bea4-46c8-ab36-657839a51188'),
 ('51', '55', 'Content', '1', '2016-03-24 05:01:13', '2016-03-24 05:01:13', 'dc967014-090e-4a99-80db-964a77aa4392'),
 ('52', '56', 'Content', '1', '2016-03-24 05:01:13', '2016-03-24 05:01:13', 'ddf92ea3-7708-458a-ae21-2ab9f6b35dd9');



DROP TABLE IF EXISTS `craft_fields`;


--
-- Schema for table `craft_fields`
--
CREATE TABLE `craft_fields` (
  `id` int(11) NOT NULL AUTO_INCREMENT,
  `groupId` int(11) DEFAULT NULL,
  `name` varchar(255) COLLATE utf8_unicode_ci NOT NULL,
  `handle` varchar(58) COLLATE utf8_unicode_ci NOT NULL,
  `context` varchar(255) COLLATE utf8_unicode_ci NOT NULL DEFAULT 'global',
  `instructions` text COLLATE utf8_unicode_ci,
  `translatable` tinyint(1) unsigned NOT NULL DEFAULT '0',
  `type` varchar(150) COLLATE utf8_unicode_ci NOT NULL,
  `settings` text COLLATE utf8_unicode_ci,
  `dateCreated` datetime NOT NULL,
  `dateUpdated` datetime NOT NULL,
  `uid` char(36) COLLATE utf8_unicode_ci NOT NULL DEFAULT '0',
  PRIMARY KEY (`id`),
  UNIQUE KEY `craft_fields_handle_context_unq_idx` (`handle`,`context`),
  KEY `craft_fields_context_idx` (`context`),
  KEY `craft_fields_groupId_fk` (`groupId`)
) ENGINE=InnoDB AUTO_INCREMENT=39 DEFAULT CHARSET=utf8 COLLATE=utf8_unicode_ci;

--
-- Data for table `craft_fields`
--

INSERT INTO `craft_fields` (`id`, `groupId`, `name`, `handle`, `context`, `instructions`, `translatable`, `type`, `settings`, `dateCreated`, `dateUpdated`, `uid`) VALUES
 ('1', '1', 'Body', 'body', 'global', NULL, '1', 'RichText', '{\"configFile\":\"Standard.json\",\"columnType\":\"text\"}', '2016-03-12 17:48:26', '2016-03-12 17:48:26', 'feb1d338-18b4-4bd1-8759-f262e3467717'),
 ('2', '1', 'Tags', 'tags', 'global', NULL, '0', 'Tags', '{\"source\":\"taggroup:1\"}', '2016-03-12 17:48:26', '2016-03-12 17:48:26', 'f6aa0b30-8476-481c-bf32-bbebcc5f2cb7'),
 ('3', '2', 'Meta Title', 'metaTitle', 'global', '', '0', 'PlainText', '{\"placeholder\":\"\",\"maxLength\":\"\",\"multiline\":\"\",\"initialRows\":\"4\"}', '2016-03-12 18:40:07', '2016-03-12 18:40:07', '163bc1b5-c144-4694-88a7-9bcb5303c848'),
 ('4', '2', 'Meta Description', 'metaDescription', 'global', '', '0', 'PlainText', '{\"placeholder\":\"\",\"maxLength\":\"\",\"multiline\":\"\",\"initialRows\":\"4\"}', '2016-03-12 18:41:09', '2016-03-12 18:41:09', '5a83276a-0714-4c4c-9144-27ac7ef8fb33'),
 ('5', '1', 'Blocks', 'blocks', 'global', '', '0', 'Matrix', '{\"maxBlocks\":null}', '2016-03-12 18:58:50', '2016-03-24 05:01:13', '803930e7-7e46-46dd-aaa3-33ac49e7b20f'),
 ('6', NULL, 'Heading', 'heading', 'matrixBlockType:1', '', '0', 'PlainText', '{\"placeholder\":\"\",\"maxLength\":\"\",\"multiline\":\"\",\"initialRows\":\"4\"}', '2016-03-12 18:58:50', '2016-03-24 05:01:13', 'efeeb880-e6df-475a-b24b-a47ed4e7430f'),
 ('7', NULL, 'Body', 'body', 'matrixBlockType:1', '', '0', 'RichText', '{\"configFile\":\"\",\"availableAssetSources\":\"*\",\"availableTransforms\":\"*\",\"cleanupHtml\":\"1\",\"purifyHtml\":\"\",\"columnType\":\"text\"}', '2016-03-12 18:58:50', '2016-03-24 05:01:13', '0947374f-4f26-45eb-80e7-dcf211d818ff'),
 ('8', NULL, 'Background Color', 'backgroundColor', 'matrixBlockType:1', '', '0', 'Color', NULL, '2016-03-16 01:45:17', '2016-03-24 05:01:13', 'ed0823ec-3848-4639-8981-3c982e364139'),
 ('9', NULL, 'Background Image', 'backgroundImage', 'matrixBlockType:1', '', '0', 'Assets', '{\"useSingleFolder\":\"\",\"sources\":[\"folder:1\"],\"defaultUploadLocationSource\":\"1\",\"defaultUploadLocationSubpath\":\"\",\"singleUploadLocationSource\":\"1\",\"singleUploadLocationSubpath\":\"\",\"restrictFiles\":\"\",\"limit\":\"\",\"viewMode\":\"list\",\"selectionLabel\":\"\"}', '2016-03-16 01:45:17', '2016-03-24 05:01:13', 'fc86e18e-94dc-4959-9fa6-cb2848733cd6'),
 ('10', NULL, 'Heading', 'heading', 'matrixBlockType:2', '', '0', 'PlainText', '{\"placeholder\":\"\",\"maxLength\":\"\",\"multiline\":\"\",\"initialRows\":\"4\"}', '2016-03-16 02:43:10', '2016-03-24 05:01:13', '3a58b2f0-a968-4163-a4dc-a0f02f799f18'),
 ('11', NULL, 'Body', 'body', 'matrixBlockType:2', '', '0', 'RichText', '{\"configFile\":\"\",\"availableAssetSources\":\"*\",\"availableTransforms\":\"*\",\"cleanupHtml\":\"1\",\"purifyHtml\":\"\",\"columnType\":\"text\"}', '2016-03-16 02:43:10', '2016-03-24 05:01:13', '1318b8a4-7f88-4da0-9d21-84993f7b9b47'),
 ('12', NULL, 'Background Color', 'backgroundColor', 'matrixBlockType:2', '', '0', 'Color', NULL, '2016-03-16 02:43:10', '2016-03-24 05:01:13', '0e7314fe-9e6b-438e-8819-9e626ca6c46e'),
 ('13', NULL, 'Background Image', 'backgroundImage', 'matrixBlockType:2', '', '0', 'Assets', '{\"useSingleFolder\":\"\",\"sources\":[\"folder:1\"],\"defaultUploadLocationSource\":\"1\",\"defaultUploadLocationSubpath\":\"\",\"singleUploadLocationSource\":\"1\",\"singleUploadLocationSubpath\":\"\",\"restrictFiles\":\"\",\"limit\":\"\",\"viewMode\":\"list\",\"selectionLabel\":\"\"}', '2016-03-16 02:43:10', '2016-03-24 05:01:13', '7d79a5bb-1c13-4dd2-9ba7-ad767f37246f'),
 ('14', NULL, 'Heading', 'heading', 'matrixBlockType:3', '', '0', 'PlainText', '{\"placeholder\":\"\",\"maxLength\":\"\",\"multiline\":\"\",\"initialRows\":\"4\"}', '2016-03-16 02:43:10', '2016-03-24 05:01:13', '7afbe2f4-9a6b-4808-b1ca-90e794ea99e8'),
 ('15', NULL, 'Body Left', 'bodyLeft', 'matrixBlockType:3', '', '0', 'RichText', '{\"configFile\":\"\",\"availableAssetSources\":\"*\",\"availableTransforms\":\"*\",\"cleanupHtml\":\"1\",\"purifyHtml\":\"\",\"columnType\":\"text\"}', '2016-03-16 02:43:10', '2016-03-24 05:01:13', 'd76c76f4-2c8f-4070-876e-e9a93464991a'),
 ('16', NULL, 'Body Right', 'bodyRight', 'matrixBlockType:3', '', '0', 'RichText', '{\"configFile\":\"\",\"availableAssetSources\":\"*\",\"availableTransforms\":\"*\",\"cleanupHtml\":\"1\",\"purifyHtml\":\"\",\"columnType\":\"text\"}', '2016-03-16 02:43:10', '2016-03-24 05:01:13', '6d0d7c41-cde8-4404-932f-38891ca16ad2'),
 ('17', NULL, 'Columns Left', 'columnsLeft', 'matrixBlockType:3', '', '0', 'RadioButtons', '{\"options\":[{\"label\":\"col-2-of-5\",\"value\":\"col-2-of-5\",\"default\":\"\"},{\"label\":\"col-1-of-2\",\"value\":\"col-1-of-2\",\"default\":\"1\"},{\"label\":\"col-3-of-5\",\"value\":\"col-3-of-5\",\"default\":\"\"}]}', '2016-03-16 02:43:10', '2016-03-24 05:01:13', 'ad44ec77-bc3d-43b7-bb67-c95025c7e872'),
 ('18', NULL, 'Columns Right', 'columnsRight', 'matrixBlockType:3', '', '0', 'RadioButtons', '{\"options\":[{\"label\":\"col-2-of-5\",\"value\":\"col-2-of-5\",\"default\":\"\"},{\"label\":\"col-1-of-2\",\"value\":\"col-1-of-2\",\"default\":\"\"},{\"label\":\"col-3-of-5\",\"value\":\"col-3-of-5\",\"default\":\"\"}]}', '2016-03-16 02:43:10', '2016-03-24 05:01:13', '994f8c86-d14d-4c66-b20a-67c2cb298bca'),
 ('19', NULL, 'Background Color', 'backgroundColor', 'matrixBlockType:3', '', '0', 'Color', NULL, '2016-03-16 02:43:10', '2016-03-24 05:01:13', 'fe838d18-6f6b-4359-a72d-3793d808fa38'),
 ('20', NULL, 'Background Image', 'backgroundImage', 'matrixBlockType:3', '', '0', 'Assets', '{\"useSingleFolder\":\"\",\"sources\":[\"folder:1\"],\"defaultUploadLocationSource\":\"1\",\"defaultUploadLocationSubpath\":\"\",\"singleUploadLocationSource\":\"1\",\"singleUploadLocationSubpath\":\"\",\"restrictFiles\":\"\",\"limit\":\"\",\"viewMode\":\"list\",\"selectionLabel\":\"\"}', '2016-03-16 02:43:10', '2016-03-24 05:01:13', 'c4e9151f-b418-4a72-b6e6-507ad7c38130'),
 ('22', '5', 'Link Header', 'linkHeader', 'global', '', '0', 'PlainText', '{\"placeholder\":\"\",\"maxLength\":\"\",\"multiline\":\"\",\"initialRows\":\"4\"}', '2016-03-16 03:28:50', '2016-03-16 03:28:50', '3a73859f-f478-428f-a2f7-6721ccc6ce35'),
 ('26', NULL, 'Heading', 'heading', 'matrixBlockType:5', '', '0', 'PlainText', '{\"placeholder\":\"\",\"maxLength\":\"\",\"multiline\":\"\",\"initialRows\":\"4\"}', '2016-03-16 03:39:06', '2016-03-24 05:01:13', 'ee07815a-39d4-45c8-ae76-c78f093ec64b'),
 ('27', NULL, 'Body', 'body', 'matrixBlockType:5', '', '0', 'RichText', '{\"configFile\":\"\",\"availableAssetSources\":\"*\",\"availableTransforms\":\"*\",\"cleanupHtml\":\"1\",\"purifyHtml\":\"\",\"columnType\":\"text\"}', '2016-03-16 03:39:06', '2016-03-24 05:01:13', '27ac20b9-fa8c-4be3-8e1c-77678d97d1d5'),
 ('28', NULL, 'Programs', 'programs', 'matrixBlockType:5', '', '0', 'Entries', '{\"sources\":[\"section:3\"],\"limit\":\"\",\"selectionLabel\":\"\"}', '2016-03-16 03:39:06', '2016-03-24 05:01:13', 'a5763836-c947-4627-b3b4-01c2eb72772d'),
 ('29', NULL, 'Background Color', 'backgroundColor', 'matrixBlockType:5', '', '0', 'Color', NULL, '2016-03-16 04:22:10', '2016-03-24 05:01:13', '27e5d3ce-ca6e-4ac1-873c-b3c327b68014'),
 ('30', NULL, 'Background Image', 'backgroundImage', 'matrixBlockType:5', '', '0', 'Assets', '{\"useSingleFolder\":\"\",\"sources\":[\"folder:1\"],\"defaultUploadLocationSource\":\"1\",\"defaultUploadLocationSubpath\":\"\",\"singleUploadLocationSource\":\"1\",\"singleUploadLocationSubpath\":\"\",\"restrictFiles\":\"\",\"limit\":\"\",\"viewMode\":\"list\",\"selectionLabel\":\"\"}', '2016-03-16 04:22:10', '2016-03-24 05:01:13', 'a6d5ebf4-b58c-45fa-bfdd-4bf57fa24118'),
 ('31', '6', 'Logo', 'logo', 'global', '', '0', 'Assets', '{\"useSingleFolder\":\"\",\"sources\":[\"folder:1\"],\"defaultUploadLocationSource\":\"1\",\"defaultUploadLocationSubpath\":\"\",\"singleUploadLocationSource\":\"1\",\"singleUploadLocationSubpath\":\"\",\"restrictFiles\":\"\",\"limit\":\"\",\"viewMode\":\"list\",\"selectionLabel\":\"\"}', '2016-03-17 02:25:00', '2016-03-17 02:25:00', '37841c2f-185d-4775-b921-76f2d7a3f3e0'),
 ('32', NULL, 'Contact Button', 'contactButton', 'matrixBlockType:2', '', '0', 'Lightswitch', '{\"default\":\"1\"}', '2016-03-24 02:02:42', '2016-03-24 05:01:13', '688ccea0-d7a5-4d4c-88b4-ed651d355813'),
 ('33', NULL, 'Heading', 'heading', 'matrixBlockType:6', '', '0', 'PlainText', '{\"placeholder\":\"\",\"maxLength\":\"\",\"multiline\":\"\",\"initialRows\":\"4\"}', '2016-03-24 02:02:42', '2016-03-24 05:01:13', '61c5e027-72f5-4883-a198-490bc1d8985f'),
 ('34', NULL, 'Body', 'body', 'matrixBlockType:6', '', '0', 'RichText', '{\"configFile\":\"\",\"availableAssetSources\":\"*\",\"availableTransforms\":\"*\",\"cleanupHtml\":\"1\",\"purifyHtml\":\"\",\"columnType\":\"text\"}', '2016-03-24 02:02:42', '2016-03-24 05:01:13', '78b2d422-b760-4409-9ba2-cef48200b472'),
 ('35', NULL, 'Contact Button', 'contactButton', 'matrixBlockType:6', '', '0', 'Lightswitch', '{\"default\":\"1\"}', '2016-03-24 02:02:42', '2016-03-24 05:01:13', '85f220c0-8c15-4685-8d3c-6b3cc64dfcdc'),
 ('36', NULL, 'Background Color', 'backgroundColor', 'matrixBlockType:6', '', '0', 'Color', NULL, '2016-03-24 02:05:30', '2016-03-24 05:01:13', '93c35168-02d1-4234-9465-9fda9ff57152'),
 ('37', NULL, 'Background Image', 'backgroundImage', 'matrixBlockType:6', '', '0', 'Assets', '{\"useSingleFolder\":\"\",\"sources\":[\"folder:1\"],\"defaultUploadLocationSource\":\"1\",\"defaultUploadLocationSubpath\":\"\",\"singleUploadLocationSource\":\"1\",\"singleUploadLocationSubpath\":\"\",\"restrictFiles\":\"\",\"limit\":\"\",\"viewMode\":\"list\",\"selectionLabel\":\"\"}', '2016-03-24 02:05:30', '2016-03-24 05:01:13', '619e3544-7525-4ebd-bea1-8189a37c40c2'),
 ('38', NULL, 'Map Address', 'map', 'matrixBlockType:6', 'Only for location pages', '0', 'RichText', '{\"configFile\":\"\",\"availableAssetSources\":\"*\",\"availableTransforms\":\"*\",\"cleanupHtml\":\"1\",\"purifyHtml\":\"\",\"columnType\":\"text\"}', '2016-03-24 04:19:18', '2016-03-24 05:01:13', 'c04adf59-7859-455c-865b-68082a136d4b');



DROP TABLE IF EXISTS `craft_formbuilder2_entries`;


--
-- Schema for table `craft_formbuilder2_entries`
--
CREATE TABLE `craft_formbuilder2_entries` (
  `id` int(11) NOT NULL,
  `formId` int(10) DEFAULT NULL,
  `title` varchar(255) COLLATE utf8_unicode_ci DEFAULT NULL,
  `files` text COLLATE utf8_unicode_ci,
  `submission` text COLLATE utf8_unicode_ci,
  `dateCreated` datetime NOT NULL,
  `dateUpdated` datetime NOT NULL,
  `uid` char(36) COLLATE utf8_unicode_ci NOT NULL DEFAULT '0',
  PRIMARY KEY (`id`),
  KEY `craft_formbuilder2_entries_formId_fk` (`formId`)
) ENGINE=InnoDB DEFAULT CHARSET=utf8 COLLATE=utf8_unicode_ci;

DROP TABLE IF EXISTS `craft_formbuilder2_forms`;


--
-- Schema for table `craft_formbuilder2_forms`
--
CREATE TABLE `craft_formbuilder2_forms` (
  `id` int(11) NOT NULL AUTO_INCREMENT,
  `name` varchar(255) COLLATE utf8_unicode_ci NOT NULL,
  `handle` varchar(255) COLLATE utf8_unicode_ci NOT NULL,
  `fieldLayoutId` int(10) DEFAULT NULL,
  `formSettings` text COLLATE utf8_unicode_ci,
  `spamProtectionSettings` text COLLATE utf8_unicode_ci,
  `messageSettings` text COLLATE utf8_unicode_ci,
  `notificationSettings` text COLLATE utf8_unicode_ci,
  `dateCreated` datetime NOT NULL,
  `dateUpdated` datetime NOT NULL,
  `uid` char(36) COLLATE utf8_unicode_ci NOT NULL DEFAULT '0',
  PRIMARY KEY (`id`),
  UNIQUE KEY `craft_formbuilder2_forms_id_unq_idx` (`id`),
  UNIQUE KEY `craft_formbuilder2_forms_name_unq_idx` (`name`),
  UNIQUE KEY `craft_formbuilder2_forms_handle_unq_idx` (`handle`),
  KEY `craft_formbuilder2_forms_fieldLayoutId_fk` (`fieldLayoutId`)
) ENGINE=InnoDB DEFAULT CHARSET=utf8 COLLATE=utf8_unicode_ci;

DROP TABLE IF EXISTS `craft_globalsets`;


--
-- Schema for table `craft_globalsets`
--
CREATE TABLE `craft_globalsets` (
  `id` int(11) NOT NULL,
  `name` varchar(255) COLLATE utf8_unicode_ci NOT NULL,
  `handle` varchar(255) COLLATE utf8_unicode_ci NOT NULL,
  `fieldLayoutId` int(10) DEFAULT NULL,
  `dateCreated` datetime NOT NULL,
  `dateUpdated` datetime NOT NULL,
  `uid` char(36) COLLATE utf8_unicode_ci NOT NULL DEFAULT '0',
  PRIMARY KEY (`id`),
  UNIQUE KEY `craft_globalsets_name_unq_idx` (`name`),
  UNIQUE KEY `craft_globalsets_handle_unq_idx` (`handle`),
  KEY `craft_globalsets_fieldLayoutId_fk` (`fieldLayoutId`)
) ENGINE=InnoDB DEFAULT CHARSET=utf8 COLLATE=utf8_unicode_ci;

--
-- Data for table `craft_globalsets`
--

INSERT INTO `craft_globalsets` (`id`, `name`, `handle`, `fieldLayoutId`, `dateCreated`, `dateUpdated`, `uid`) VALUES
 ('4', 'seo', 'seo', '8', '2016-03-12 18:38:45', '2016-03-12 18:41:27', '6446c2a9-20a1-4d86-84ce-5ca554f0341e'),
 ('20', 'Site Info', 'siteInfo', '31', '2016-03-17 02:25:29', '2016-03-17 02:25:29', '95367707-fb2c-4815-a348-cbd48273b925');



DROP TABLE IF EXISTS `craft_googlemaps_geocoder_cache`;


--
-- Schema for table `craft_googlemaps_geocoder_cache`
--
CREATE TABLE `craft_googlemaps_geocoder_cache` (
  `id` int(11) NOT NULL AUTO_INCREMENT,
  `query` text COLLATE utf8_unicode_ci,
  `response` longtext COLLATE utf8_unicode_ci,
  `dateCreated` datetime NOT NULL,
  `dateUpdated` datetime NOT NULL,
  `uid` char(36) COLLATE utf8_unicode_ci NOT NULL DEFAULT '0',
  PRIMARY KEY (`id`)
) ENGINE=InnoDB DEFAULT CHARSET=utf8 COLLATE=utf8_unicode_ci;

DROP TABLE IF EXISTS `craft_googlemaps_locations`;


--
-- Schema for table `craft_googlemaps_locations`
--
CREATE TABLE `craft_googlemaps_locations` (
  `id` int(11) NOT NULL AUTO_INCREMENT,
  `elementId` int(11) NOT NULL,
  `handle` varchar(255) COLLATE utf8_unicode_ci DEFAULT NULL,
  `address` text COLLATE utf8_unicode_ci,
  `addressComponents` text COLLATE utf8_unicode_ci,
  `title` text COLLATE utf8_unicode_ci,
  `content` text COLLATE utf8_unicode_ci,
  `icon` text COLLATE utf8_unicode_ci,
  `lat` decimal(12,8) DEFAULT NULL,
  `lng` decimal(12,8) DEFAULT NULL,
  `dateCreated` datetime NOT NULL,
  `dateUpdated` datetime NOT NULL,
  `uid` char(36) COLLATE utf8_unicode_ci NOT NULL DEFAULT '0',
  PRIMARY KEY (`id`),
  KEY `craft_googlemaps_locations_elementId_fk` (`elementId`)
) ENGINE=InnoDB AUTO_INCREMENT=2 DEFAULT CHARSET=utf8 COLLATE=utf8_unicode_ci;

--
-- Data for table `craft_googlemaps_locations`
--

INSERT INTO `craft_googlemaps_locations` (`id`, `elementId`, `handle`, `address`, `addressComponents`, `title`, `content`, `icon`, `lat`, `lng`, `dateCreated`, `dateUpdated`, `uid`) VALUES
 ('1', '25', 'map', '17194 Preston Rd, Dallas, TX 75248, USA', '[{\"long_name\":\"17194\",\"short_name\":\"17194\",\"types\":[\"street_number\"]},{\"long_name\":\"Preston Road\",\"short_name\":\"Preston Rd\",\"types\":[\"route\"]},{\"long_name\":\"Far North Dallas\",\"short_name\":\"Far North Dallas\",\"types\":[\"neighborhood\",\"political\"]},{\"long_name\":\"Dallas\",\"short_name\":\"Dallas\",\"types\":[\"locality\",\"political\"]},{\"long_name\":\"Dallas County\",\"short_name\":\"Dallas County\",\"types\":[\"administrative_area_level_2\",\"political\"]},{\"long_name\":\"Texas\",\"short_name\":\"TX\",\"types\":[\"administrative_area_level_1\",\"political\"]},{\"long_name\":\"United States\",\"short_name\":\"US\",\"types\":[\"country\",\"political\"]},{\"long_name\":\"75248\",\"short_name\":\"75248\",\"types\":[\"postal_code\"]}]', '17194 Preston Rd', '17194 Preston Rd<br> Dallas<br> TX 75248<br> USA', NULL, '32.98391826', '-96.80163321', '2016-03-24 04:22:43', '2016-03-24 04:53:43', '4b40e418-efac-4f44-ad2c-7c0d0359d0ac');



DROP TABLE IF EXISTS `craft_googlemaps_staticmaps`;


--
-- Schema for table `craft_googlemaps_staticmaps`
--
CREATE TABLE `craft_googlemaps_staticmaps` (
  `id` int(11) NOT NULL AUTO_INCREMENT,
  `query` text COLLATE utf8_unicode_ci,
  `filename` varchar(255) COLLATE utf8_unicode_ci DEFAULT NULL,
  `dateCreated` datetime NOT NULL,
  `dateUpdated` datetime NOT NULL,
  `uid` char(36) COLLATE utf8_unicode_ci NOT NULL DEFAULT '0',
  PRIMARY KEY (`id`)
) ENGINE=InnoDB DEFAULT CHARSET=utf8 COLLATE=utf8_unicode_ci;

DROP TABLE IF EXISTS `craft_info`;


--
-- Schema for table `craft_info`
--
CREATE TABLE `craft_info` (
  `id` int(11) NOT NULL AUTO_INCREMENT,
  `version` varchar(15) COLLATE utf8_unicode_ci NOT NULL,
  `build` int(11) unsigned NOT NULL,
  `schemaVersion` varchar(15) COLLATE utf8_unicode_ci NOT NULL,
  `releaseDate` datetime NOT NULL,
  `edition` tinyint(1) unsigned NOT NULL DEFAULT '0',
  `siteName` varchar(100) COLLATE utf8_unicode_ci NOT NULL,
  `siteUrl` varchar(255) COLLATE utf8_unicode_ci NOT NULL,
  `timezone` varchar(30) COLLATE utf8_unicode_ci DEFAULT NULL,
  `on` tinyint(1) unsigned NOT NULL DEFAULT '0',
  `maintenance` tinyint(1) unsigned NOT NULL DEFAULT '0',
  `track` varchar(40) COLLATE utf8_unicode_ci NOT NULL,
  `dateCreated` datetime NOT NULL,
  `dateUpdated` datetime NOT NULL,
  `uid` char(36) COLLATE utf8_unicode_ci NOT NULL DEFAULT '0',
  PRIMARY KEY (`id`)
) ENGINE=InnoDB AUTO_INCREMENT=2 DEFAULT CHARSET=utf8 COLLATE=utf8_unicode_ci;

--
-- Data for table `craft_info`
--

INSERT INTO `craft_info` (`id`, `version`, `build`, `schemaVersion`, `releaseDate`, `edition`, `siteName`, `siteUrl`, `timezone`, `on`, `maintenance`, `track`, `dateCreated`, `dateUpdated`, `uid`) VALUES
 ('1', '2.6', '2776', '2.6.2', '2016-03-10 21:53:24', '2', 'fpma', '/', 'UTC', '1', '0', 'stable', '2016-03-12 17:48:24', '2016-03-24 23:54:00', '780add66-6f6c-4767-a586-22045e3a912b');



DROP TABLE IF EXISTS `craft_locales`;


--
-- Schema for table `craft_locales`
--
CREATE TABLE `craft_locales` (
  `locale` char(12) COLLATE utf8_unicode_ci NOT NULL,
  `sortOrder` smallint(6) unsigned DEFAULT NULL,
  `dateCreated` datetime NOT NULL,
  `dateUpdated` datetime NOT NULL,
  `uid` char(36) COLLATE utf8_unicode_ci NOT NULL DEFAULT '0',
  PRIMARY KEY (`locale`),
  KEY `craft_locales_sortOrder_idx` (`sortOrder`)
) ENGINE=InnoDB DEFAULT CHARSET=utf8 COLLATE=utf8_unicode_ci;

--
-- Data for table `craft_locales`
--

INSERT INTO `craft_locales` (`locale`, `sortOrder`, `dateCreated`, `dateUpdated`, `uid`) VALUES
 ('en_us', '1', '2016-03-12 17:48:25', '2016-03-12 17:48:25', 'cad7d339-8bed-4065-ac8f-5a2c3a72d740');



DROP TABLE IF EXISTS `craft_matrixblocks`;


--
-- Schema for table `craft_matrixblocks`
--
CREATE TABLE `craft_matrixblocks` (
  `id` int(11) NOT NULL,
  `ownerId` int(11) NOT NULL,
  `fieldId` int(11) NOT NULL,
  `typeId` int(11) DEFAULT NULL,
  `sortOrder` smallint(6) unsigned DEFAULT NULL,
  `ownerLocale` char(12) COLLATE utf8_unicode_ci DEFAULT NULL,
  `dateCreated` datetime NOT NULL,
  `dateUpdated` datetime NOT NULL,
  `uid` char(36) COLLATE utf8_unicode_ci NOT NULL DEFAULT '0',
  PRIMARY KEY (`id`),
  KEY `craft_matrixblocks_ownerId_idx` (`ownerId`),
  KEY `craft_matrixblocks_fieldId_idx` (`fieldId`),
  KEY `craft_matrixblocks_typeId_idx` (`typeId`),
  KEY `craft_matrixblocks_sortOrder_idx` (`sortOrder`),
  KEY `craft_matrixblocks_ownerLocale_fk` (`ownerLocale`)
) ENGINE=InnoDB DEFAULT CHARSET=utf8 COLLATE=utf8_unicode_ci;

--
-- Data for table `craft_matrixblocks`
--

INSERT INTO `craft_matrixblocks` (`id`, `ownerId`, `fieldId`, `typeId`, `sortOrder`, `ownerLocale`, `dateCreated`, `dateUpdated`, `uid`) VALUES
 ('15', '2', '5', '2', '1', NULL, '2016-03-16 02:47:49', '2016-03-24 02:42:11', '7147be51-bb8a-413d-8c0f-01009425be24'),
 ('18', '2', '5', '5', '2', NULL, '2016-03-16 04:17:39', '2016-03-24 02:42:11', 'e40397a1-0628-4a80-a647-f6fbf5e763d1'),
 ('21', '16', '5', '6', '1', NULL, '2016-03-24 02:37:17', '2016-03-24 03:49:46', '12a3756c-4d68-418c-a122-c2809f6e1bea'),
 ('22', '16', '5', '1', '2', NULL, '2016-03-24 02:37:17', '2016-03-24 03:49:46', 'd9c4ca72-660b-4212-9897-d9aade64e9ef'),
 ('23', '16', '5', '1', '3', NULL, '2016-03-24 02:37:17', '2016-03-24 03:49:46', '9b36272c-a313-44ce-9a31-b4df2a4dd143'),
 ('25', '24', '5', '6', '1', NULL, '2016-03-24 04:22:43', '2016-03-24 05:02:01', '1161dc2f-c74f-4be4-b59f-f503d5e5a5b4');



DROP TABLE IF EXISTS `craft_matrixblocktypes`;


--
-- Schema for table `craft_matrixblocktypes`
--
CREATE TABLE `craft_matrixblocktypes` (
  `id` int(11) NOT NULL AUTO_INCREMENT,
  `fieldId` int(11) NOT NULL,
  `fieldLayoutId` int(11) DEFAULT NULL,
  `name` varchar(255) COLLATE utf8_unicode_ci NOT NULL,
  `handle` varchar(255) COLLATE utf8_unicode_ci NOT NULL,
  `sortOrder` smallint(6) unsigned DEFAULT NULL,
  `dateCreated` datetime NOT NULL,
  `dateUpdated` datetime NOT NULL,
  `uid` char(36) COLLATE utf8_unicode_ci NOT NULL DEFAULT '0',
  PRIMARY KEY (`id`),
  UNIQUE KEY `craft_matrixblocktypes_name_fieldId_unq_idx` (`name`,`fieldId`),
  UNIQUE KEY `craft_matrixblocktypes_handle_fieldId_unq_idx` (`handle`,`fieldId`),
  KEY `craft_matrixblocktypes_fieldId_fk` (`fieldId`),
  KEY `craft_matrixblocktypes_fieldLayoutId_fk` (`fieldLayoutId`)
) ENGINE=InnoDB AUTO_INCREMENT=7 DEFAULT CHARSET=utf8 COLLATE=utf8_unicode_ci;

--
-- Data for table `craft_matrixblocktypes`
--

INSERT INTO `craft_matrixblocktypes` (`id`, `fieldId`, `fieldLayoutId`, `name`, `handle`, `sortOrder`, `dateCreated`, `dateUpdated`, `uid`) VALUES
 ('1', '5', '52', 'One Column', 'oneColumn', '1', '2016-03-12 18:58:50', '2016-03-24 05:01:13', '26774c3b-a22e-4af9-9ed2-04d5aadf59dc'),
 ('2', '5', '53', 'Home Hero', 'homeHero', '2', '2016-03-16 02:43:10', '2016-03-24 05:01:13', '6a91bbb8-684f-4f9e-a00b-c1ade0f8fd7c'),
 ('3', '5', '54', 'Two Columns', 'twoColumns', '3', '2016-03-16 02:43:10', '2016-03-24 05:01:13', '4f3bfbec-f8b5-4677-82b7-ff9ccdfdd151'),
 ('5', '5', '55', 'Home Programs', 'homePrograms', '4', '2016-03-16 03:39:06', '2016-03-24 05:01:13', '3c3394fd-c70f-4c9d-81d5-d3e406041186'),
 ('6', '5', '56', 'Secondary Hero', 'secondaryHero', '5', '2016-03-24 02:02:42', '2016-03-24 05:01:13', 'a3cab6e7-1952-445e-9d8d-62c526d48237');



DROP TABLE IF EXISTS `craft_matrixcontent_blocks`;


--
-- Schema for table `craft_matrixcontent_blocks`
--
CREATE TABLE `craft_matrixcontent_blocks` (
  `id` int(11) NOT NULL AUTO_INCREMENT,
  `elementId` int(11) NOT NULL,
  `locale` char(12) COLLATE utf8_unicode_ci NOT NULL,
  `field_oneColumn_heading` text COLLATE utf8_unicode_ci,
  `field_oneColumn_body` text COLLATE utf8_unicode_ci,
  `field_oneColumn_backgroundColor` char(7) COLLATE utf8_unicode_ci DEFAULT NULL,
  `field_homeHero_heading` text COLLATE utf8_unicode_ci,
  `field_homeHero_body` text COLLATE utf8_unicode_ci,
  `field_homeHero_backgroundColor` char(7) COLLATE utf8_unicode_ci DEFAULT NULL,
  `field_twoColumns_heading` text COLLATE utf8_unicode_ci,
  `field_twoColumns_bodyLeft` text COLLATE utf8_unicode_ci,
  `field_twoColumns_bodyRight` text COLLATE utf8_unicode_ci,
  `field_twoColumns_columnsLeft` varchar(255) COLLATE utf8_unicode_ci DEFAULT 'col-1-of-2',
  `field_twoColumns_columnsRight` varchar(255) COLLATE utf8_unicode_ci DEFAULT NULL,
  `field_twoColumns_backgroundColor` char(7) COLLATE utf8_unicode_ci DEFAULT NULL,
  `field_homePrograms_heading` text COLLATE utf8_unicode_ci,
  `field_homePrograms_body` text COLLATE utf8_unicode_ci,
  `field_homePrograms_backgroundColor` char(7) COLLATE utf8_unicode_ci DEFAULT NULL,
  `field_homeHero_contactButton` tinyint(1) unsigned NOT NULL DEFAULT '0',
  `field_secondaryHero_heading` text COLLATE utf8_unicode_ci,
  `field_secondaryHero_body` text COLLATE utf8_unicode_ci,
  `field_secondaryHero_contactButton` tinyint(1) unsigned NOT NULL DEFAULT '0',
  `field_secondaryHero_backgroundColor` char(7) COLLATE utf8_unicode_ci DEFAULT NULL,
  `field_secondaryHero_map` text COLLATE utf8_unicode_ci,
  `dateCreated` datetime NOT NULL,
  `dateUpdated` datetime NOT NULL,
  `uid` char(36) COLLATE utf8_unicode_ci NOT NULL DEFAULT '0',
  PRIMARY KEY (`id`),
  UNIQUE KEY `craft_matrixcontent_blocks_elementId_locale_unq_idx` (`elementId`,`locale`),
  KEY `craft_matrixcontent_blocks_locale_fk` (`locale`)
) ENGINE=InnoDB AUTO_INCREMENT=7 DEFAULT CHARSET=utf8 COLLATE=utf8_unicode_ci;

--
-- Data for table `craft_matrixcontent_blocks`
--

INSERT INTO `craft_matrixcontent_blocks` (`id`, `elementId`, `locale`, `field_oneColumn_heading`, `field_oneColumn_body`, `field_oneColumn_backgroundColor`, `field_homeHero_heading`, `field_homeHero_body`, `field_homeHero_backgroundColor`, `field_twoColumns_heading`, `field_twoColumns_bodyLeft`, `field_twoColumns_bodyRight`, `field_twoColumns_columnsLeft`, `field_twoColumns_columnsRight`, `field_twoColumns_backgroundColor`, `field_homePrograms_heading`, `field_homePrograms_body`, `field_homePrograms_backgroundColor`, `field_homeHero_contactButton`, `field_secondaryHero_heading`, `field_secondaryHero_body`, `field_secondaryHero_contactButton`, `field_secondaryHero_backgroundColor`, `field_secondaryHero_map`, `dateCreated`, `dateUpdated`, `uid`) VALUES
 ('1', '15', 'en_us', NULL, NULL, NULL, 'Kick. Punch. Learn.', '<p>Freddie Poole’s Martial Arts® is a unique and modern training system that combines traditional values and principles with a modern system of combat, self-defense and fitness.&nbsp;</p>', '#000000', NULL, NULL, NULL, NULL, NULL, NULL, NULL, NULL, NULL, '1', NULL, NULL, '0', NULL, NULL, '2016-03-16 02:47:49', '2016-03-24 02:42:11', 'f2d76f37-eb8f-4832-ad82-f0c1890bec23'),
 ('2', '18', 'en_us', NULL, NULL, NULL, NULL, NULL, NULL, NULL, NULL, NULL, NULL, NULL, NULL, 'Approach', '<p>This unique approach creates a balanced and well-rounded martial artist. The key to our success is that each discipline is introduced in stages to the student, rather than front-loading a program. This methodical approach ensures students are learning and mastering techniques at the highest level, as opposed to just going through motions.&nbsp;</p>', '#000000', '0', NULL, NULL, '0', NULL, NULL, '2016-03-16 04:17:39', '2016-03-24 02:42:11', 'c1857473-ee8a-4f42-888d-7ef19a36f487'),
 ('3', '21', 'en_us', NULL, NULL, NULL, NULL, NULL, NULL, NULL, NULL, NULL, NULL, NULL, NULL, NULL, NULL, NULL, '0', 'Brazilian Jiu Jitsu', '<p>Brazilian Jiu-jitsu classes in Dallas (BJJ) is primarily a ground fighting art, a grappling style of Martial Arts that has roots and evolved from Japanese Judo and Classical jujutsu. Brazilian Jiu-jitsu specializes in ground techniques such as positional control and the use of leverage for reversals and submissions holds (joint lock and chokes) to overcome the size and strength of opponents. BJJ provides a clear path and strategy for victory in a self-defense scenario or competition. As a sport it is a safe and entertaining art that can be practiced for a lifetime of fitness and well-being.</p>', '1', '#000000', NULL, '2016-03-24 02:37:17', '2016-03-24 03:49:46', '728f794f-be3e-4a00-8dba-a4629229b816'),
 ('4', '22', 'en_us', 'History', '<p>Most people involved in Martial Arts are familiar with the basic history of BJJ. How a Japanese Jiu-jitsu expert, Maeda, came to Brazil as part of a diplomatic mission to found and establish a Japanese colony. He befriended Gastao Gracie, a man of Scottish decent who had influence in local political circles.</p>\r\n\r\n<p>Maeda offered to teach Gracie’s sons Jiu-jitsu.<br>The Gracie boys became very proficient in jiu-jitsu. Being a large family they never lacked training partners and new ideas for practicing and training daily within the family and nephews the Machados. This went on for generations. Later opening their own schools and developing their own additions and modifications to the techniques they had being taught, as a test of their skill, the Gracies fought many matches against other styles with great success.</p>\r\n\r\n\r\n\r\n<p>In this manner they came to understand which techniques worked and which did not. They based their developing martial arts on their combat experiences over generations. With great success in MMA competitions, Brazilian jiu-jitsu has establish itself as an extremely effective martial arts and one of the most sought out.</p>', '#000000', NULL, NULL, NULL, NULL, NULL, NULL, NULL, NULL, NULL, NULL, NULL, NULL, '0', NULL, NULL, '0', NULL, NULL, '2016-03-24 02:37:17', '2016-03-24 03:49:46', 'ab12eaea-f6f0-4a14-86c0-83ab94274993'),
 ('5', '23', 'en_us', 'The BJJ strategy and the Japanese legacy', '<p>eda taught the Gracie’s the art of “Randori” or live training (rolling) where safe but effective techniques can be applied with full resistance to opponents, as long as they agree to “tap-out” or submit (surrender) when a technique is successfully applied. This way, two opponents can face each other and fight close to full power which makes training much more realistic to a real fight, therefore more effective.</p>\r\n\r\n<p>The genius of the Gracie’s lay in the strategy they implemented to win fights, which can be seen in sport point systems, they implemented in competition. The Gracie’s realized that fighting a bigger stronger opponent and trading blows was not a good idea, so they developed a strategy where they would take a standing opponent or fighter out of their comfort zone (stand up skill) put them on the ground and expose them to their great ground skills, positional control, leverage and submissions.<br>The Gracie’s realized that certain positions were better to attack and defend so they strategized ways from any position on the ground to a position where they can reverse, control and submit their opponent.</p>', '#f5f5f5', NULL, NULL, NULL, NULL, NULL, NULL, NULL, NULL, NULL, NULL, NULL, NULL, '0', NULL, NULL, '0', NULL, NULL, '2016-03-24 02:37:17', '2016-03-24 03:49:46', '3334a10f-a7cd-4c7f-b3e5-967b696d8b3f'),
 ('6', '25', 'en_us', NULL, NULL, NULL, NULL, NULL, NULL, NULL, NULL, NULL, NULL, NULL, NULL, NULL, NULL, NULL, '0', 'North Dallas', '<p>Globally syndicate market positioning niches with accurate platforms. Energistically coordinate exceptional e-tailers without open-source functionalities.</p>', '1', '#000000', '<p>17194 Preston Rd<br> Dallas<br> TX 75248<br></p>', '2016-03-24 04:22:43', '2016-03-24 05:02:01', '9c86a7f4-3bb5-4019-a21e-fdd9ea9c5935');



DROP TABLE IF EXISTS `craft_migrations`;


--
-- Schema for table `craft_migrations`
--
CREATE TABLE `craft_migrations` (
  `id` int(11) NOT NULL AUTO_INCREMENT,
  `pluginId` int(11) DEFAULT NULL,
  `version` varchar(255) COLLATE utf8_unicode_ci NOT NULL,
  `applyTime` datetime NOT NULL,
  `dateCreated` datetime NOT NULL,
  `dateUpdated` datetime NOT NULL,
  `uid` char(36) COLLATE utf8_unicode_ci NOT NULL DEFAULT '0',
  PRIMARY KEY (`id`),
  UNIQUE KEY `craft_migrations_version_unq_idx` (`version`),
  KEY `craft_migrations_pluginId_fk` (`pluginId`)
) ENGINE=InnoDB AUTO_INCREMENT=32 DEFAULT CHARSET=utf8 COLLATE=utf8_unicode_ci;

--
-- Data for table `craft_migrations`
--

INSERT INTO `craft_migrations` (`id`, `pluginId`, `version`, `applyTime`, `dateCreated`, `dateUpdated`, `uid`) VALUES
 ('1', NULL, 'm000000_000000_base', '2016-03-12 17:48:24', '2016-03-12 17:48:25', '2016-03-12 17:48:25', '94e319c6-bb7e-49cf-b74e-da4231b58420'),
 ('2', NULL, 'm140730_000001_add_filename_and_format_to_transformindex', '2016-03-12 17:48:25', '2016-03-12 17:48:25', '2016-03-12 17:48:25', '3321a1cd-d1ab-49ea-9d4c-4f450d92c373'),
 ('3', NULL, 'm140815_000001_add_format_to_transforms', '2016-03-12 17:48:25', '2016-03-12 17:48:25', '2016-03-12 17:48:25', 'd236a32f-ac61-45ea-98c0-3555ed83b38e'),
 ('4', NULL, 'm140822_000001_allow_more_than_128_items_per_field', '2016-03-12 17:48:25', '2016-03-12 17:48:25', '2016-03-12 17:48:25', 'b98d1739-bda0-4e6e-bbe2-0f3552138f7a'),
 ('5', NULL, 'm140829_000001_single_title_formats', '2016-03-12 17:48:25', '2016-03-12 17:48:25', '2016-03-12 17:48:25', '70dec314-f930-4d4a-8805-0cbb97d53a23'),
 ('6', NULL, 'm140831_000001_extended_cache_keys', '2016-03-12 17:48:25', '2016-03-12 17:48:25', '2016-03-12 17:48:25', 'a562be3a-0de8-4c85-bbdf-17cccadbbef5'),
 ('7', NULL, 'm140922_000001_delete_orphaned_matrix_blocks', '2016-03-12 17:48:25', '2016-03-12 17:48:25', '2016-03-12 17:48:25', '077096b1-1f4d-4f9e-88c3-1a2a885a9f18'),
 ('8', NULL, 'm141008_000001_elements_index_tune', '2016-03-12 17:48:25', '2016-03-12 17:48:25', '2016-03-12 17:48:25', '432a482c-1cac-4c21-a1ef-89b0ee54f174'),
 ('9', NULL, 'm141009_000001_assets_source_handle', '2016-03-12 17:48:25', '2016-03-12 17:48:25', '2016-03-12 17:48:25', 'd59277e5-2932-44f9-b167-440e24e46421'),
 ('10', NULL, 'm141024_000001_field_layout_tabs', '2016-03-12 17:48:25', '2016-03-12 17:48:25', '2016-03-12 17:48:25', '4c8b2ccf-3220-4f5f-a364-621a168678fb'),
 ('11', NULL, 'm141030_000000_plugin_schema_versions', '2016-03-12 17:48:25', '2016-03-12 17:48:25', '2016-03-12 17:48:25', '3bf83ab6-7618-4292-b2be-aa98d5291e85'),
 ('12', NULL, 'm141030_000001_drop_structure_move_permission', '2016-03-12 17:48:25', '2016-03-12 17:48:25', '2016-03-12 17:48:25', 'e55f78d8-cdea-4f0f-aa9e-ac25bdf0360c'),
 ('13', NULL, 'm141103_000001_tag_titles', '2016-03-12 17:48:25', '2016-03-12 17:48:25', '2016-03-12 17:48:25', '1b771c82-4774-4139-94fa-9045ca2dddf6'),
 ('14', NULL, 'm141109_000001_user_status_shuffle', '2016-03-12 17:48:25', '2016-03-12 17:48:25', '2016-03-12 17:48:25', '2db44e2c-8440-4fce-8001-0d68530766ae'),
 ('15', NULL, 'm141126_000001_user_week_start_day', '2016-03-12 17:48:25', '2016-03-12 17:48:25', '2016-03-12 17:48:25', '91608ab6-c910-48de-b057-902c5bc3652e'),
 ('16', NULL, 'm150210_000001_adjust_user_photo_size', '2016-03-12 17:48:25', '2016-03-12 17:48:25', '2016-03-12 17:48:25', '306163bc-68e2-4a88-91e1-cd3327bfbdbd'),
 ('17', NULL, 'm150724_000001_adjust_quality_settings', '2016-03-12 17:48:25', '2016-03-12 17:48:25', '2016-03-12 17:48:25', '19629daa-c2e4-496a-889e-91c878fcef72'),
 ('18', NULL, 'm150827_000000_element_index_settings', '2016-03-12 17:48:25', '2016-03-12 17:48:25', '2016-03-12 17:48:25', 'f0dc977a-4c22-478f-85d9-8e2eb5981fc2'),
 ('19', NULL, 'm150918_000001_add_colspan_to_widgets', '2016-03-12 17:48:25', '2016-03-12 17:48:25', '2016-03-12 17:48:25', '0fb1aa58-581e-45f4-9f6e-98b79822f940'),
 ('20', NULL, 'm151007_000000_clear_asset_caches', '2016-03-12 17:48:25', '2016-03-12 17:48:25', '2016-03-12 17:48:25', '5d876678-06c4-4fb1-9b50-16a42d36474a'),
 ('21', NULL, 'm151109_000000_text_url_formats', '2016-03-12 17:48:25', '2016-03-12 17:48:25', '2016-03-12 17:48:25', 'c39d7a2e-6569-4836-85b2-0df7cbebd995'),
 ('22', NULL, 'm151110_000000_move_logo', '2016-03-12 17:48:25', '2016-03-12 17:48:25', '2016-03-12 17:48:25', '50bbaeb2-2125-44d9-a0ca-c96818331b1e'),
 ('23', NULL, 'm151117_000000_adjust_image_widthheight', '2016-03-12 17:48:25', '2016-03-12 17:48:25', '2016-03-12 17:48:25', '7f074d41-e80d-48cc-bb3e-06c7c0f0d4ee'),
 ('24', NULL, 'm151127_000000_clear_license_key_status', '2016-03-12 17:48:25', '2016-03-12 17:48:25', '2016-03-12 17:48:25', '92d361d0-ca21-46e6-bbca-7b1f78f68d14'),
 ('25', NULL, 'm151127_000000_plugin_license_keys', '2016-03-12 17:48:25', '2016-03-12 17:48:25', '2016-03-12 17:48:25', '72922935-a80b-4d79-8191-b68a01cdf4b7'),
 ('26', NULL, 'm151130_000000_update_pt_widget_feeds', '2016-03-12 17:48:25', '2016-03-12 17:48:25', '2016-03-12 17:48:25', '7fb82acb-3ffb-4d87-8363-7b4bc14d8230'),
 ('27', NULL, 'm160114_000000_asset_sources_public_url_default_true', '2016-03-12 17:48:25', '2016-03-12 17:48:25', '2016-03-12 17:48:25', '786de677-5895-4c1e-8204-264c7a330d2a'),
 ('28', NULL, 'm160223_000000_sortorder_to_smallint', '2016-03-12 17:48:25', '2016-03-12 17:48:25', '2016-03-12 17:48:25', 'e4194dbe-18a8-4df9-b49f-d22ddd4279f2'),
 ('29', NULL, 'm160229_000000_set_default_entry_statuses', '2016-03-12 17:48:25', '2016-03-12 17:48:25', '2016-03-12 17:48:25', 'a20fa3c2-291d-4f93-96b4-cedc29f44d2b'),
 ('30', NULL, 'm160304_000000_client_permissions', '2016-03-12 17:48:25', '2016-03-12 17:48:25', '2016-03-12 17:48:25', 'd0de8b8d-a58b-4642-a867-955c31e610a5'),
 ('31', '2', 'm140930_014902_googlemaps_add_geospacial_index', '2016-03-24 04:17:38', '2016-03-24 04:17:38', '2016-03-24 04:17:38', 'daa21d30-2a1a-4ff3-97af-d8195cee6bb6');



DROP TABLE IF EXISTS `craft_plugins`;


--
-- Schema for table `craft_plugins`
--
CREATE TABLE `craft_plugins` (
  `id` int(11) NOT NULL AUTO_INCREMENT,
  `class` varchar(150) COLLATE utf8_unicode_ci NOT NULL,
  `version` varchar(15) COLLATE utf8_unicode_ci NOT NULL,
  `schemaVersion` varchar(15) COLLATE utf8_unicode_ci DEFAULT NULL,
  `licenseKey` char(24) COLLATE utf8_unicode_ci DEFAULT NULL,
  `licenseKeyStatus` enum('valid','invalid','mismatched','unknown') COLLATE utf8_unicode_ci NOT NULL DEFAULT 'unknown',
  `enabled` tinyint(1) unsigned NOT NULL DEFAULT '0',
  `settings` text COLLATE utf8_unicode_ci,
  `installDate` datetime NOT NULL,
  `dateCreated` datetime NOT NULL,
  `dateUpdated` datetime NOT NULL,
  `uid` char(36) COLLATE utf8_unicode_ci NOT NULL DEFAULT '0',
  PRIMARY KEY (`id`)
) ENGINE=InnoDB AUTO_INCREMENT=3 DEFAULT CHARSET=utf8 COLLATE=utf8_unicode_ci;

--
-- Data for table `craft_plugins`
--

INSERT INTO `craft_plugins` (`id`, `class`, `version`, `schemaVersion`, `licenseKey`, `licenseKeyStatus`, `enabled`, `settings`, `installDate`, `dateCreated`, `dateUpdated`, `uid`) VALUES
 ('1', 'FormBuilder2', '0.0.9', NULL, NULL, 'unknown', '1', NULL, '2016-03-17 04:21:15', '2016-03-17 04:21:15', '2016-03-24 23:54:00', '89f29a28-cad9-4ac9-add2-d08f02db7f21'),
 ('2', 'GoogleMaps', '0.8.4', NULL, NULL, 'unknown', '1', NULL, '2016-03-24 04:17:38', '2016-03-24 04:17:38', '2016-03-24 23:54:00', 'be9a0f80-a636-4bef-a8ca-eae8204be337');



DROP TABLE IF EXISTS `craft_rackspaceaccess`;


--
-- Schema for table `craft_rackspaceaccess`
--
CREATE TABLE `craft_rackspaceaccess` (
  `id` int(11) NOT NULL AUTO_INCREMENT,
  `connectionKey` varchar(255) COLLATE utf8_unicode_ci NOT NULL,
  `token` varchar(255) COLLATE utf8_unicode_ci NOT NULL,
  `storageUrl` varchar(255) COLLATE utf8_unicode_ci NOT NULL,
  `cdnUrl` varchar(255) COLLATE utf8_unicode_ci NOT NULL,
  `dateCreated` datetime NOT NULL,
  `dateUpdated` datetime NOT NULL,
  `uid` char(36) COLLATE utf8_unicode_ci NOT NULL DEFAULT '0',
  PRIMARY KEY (`id`),
  UNIQUE KEY `craft_rackspaceaccess_connectionKey_unq_idx` (`connectionKey`)
) ENGINE=InnoDB DEFAULT CHARSET=utf8 COLLATE=utf8_unicode_ci;

DROP TABLE IF EXISTS `craft_relations`;


--
-- Schema for table `craft_relations`
--
CREATE TABLE `craft_relations` (
  `id` int(11) NOT NULL AUTO_INCREMENT,
  `fieldId` int(11) NOT NULL,
  `sourceId` int(11) NOT NULL,
  `sourceLocale` char(12) COLLATE utf8_unicode_ci DEFAULT NULL,
  `targetId` int(11) NOT NULL,
  `sortOrder` smallint(6) DEFAULT NULL,
  `dateCreated` datetime NOT NULL,
  `dateUpdated` datetime NOT NULL,
  `uid` char(36) COLLATE utf8_unicode_ci NOT NULL DEFAULT '0',
  PRIMARY KEY (`id`),
  UNIQUE KEY `craft_relations_fieldId_sourceId_sourceLocale_targetId_unq_idx` (`fieldId`,`sourceId`,`sourceLocale`,`targetId`),
  KEY `craft_relations_sourceId_fk` (`sourceId`),
  KEY `craft_relations_sourceLocale_fk` (`sourceLocale`),
  KEY `craft_relations_targetId_fk` (`targetId`)
) ENGINE=InnoDB AUTO_INCREMENT=31 DEFAULT CHARSET=utf8 COLLATE=utf8_unicode_ci;

--
-- Data for table `craft_relations`
--

INSERT INTO `craft_relations` (`id`, `fieldId`, `sourceId`, `sourceLocale`, `targetId`, `sortOrder`, `dateCreated`, `dateUpdated`, `uid`) VALUES
 ('17', '31', '20', NULL, '12', '1', '2016-03-17 02:25:47', '2016-03-17 02:25:47', '020ab3d3-91cc-45b3-8a79-0c7f8d988e79'),
 ('20', '13', '15', NULL, '8', '1', '2016-03-24 02:42:11', '2016-03-24 02:42:11', 'c370c25e-a8c4-47ee-86e6-1148a73832fe'),
 ('21', '28', '18', NULL, '16', '1', '2016-03-24 02:42:11', '2016-03-24 02:42:11', 'e7e75bc8-d45a-45ee-9d13-8c060bb4f381'),
 ('22', '28', '18', NULL, '17', '2', '2016-03-24 02:42:11', '2016-03-24 02:42:11', 'c336a37d-fd7e-4e01-a5d5-533ed8b41e92'),
 ('23', '30', '18', NULL, '14', '1', '2016-03-24 02:42:11', '2016-03-24 02:42:11', '891aec2b-a69f-4de8-adbb-9817c31ea6fc'),
 ('24', '37', '21', NULL, '8', '1', '2016-03-24 03:49:46', '2016-03-24 03:49:46', '3268d055-2e9a-45a3-aff5-696e384e2b25'),
 ('25', '9', '22', NULL, '12', '1', '2016-03-24 03:49:46', '2016-03-24 03:49:46', '04c987b5-8496-4f1c-9767-5a4dd42ea8b0'),
 ('30', '37', '25', NULL, '10', '1', '2016-03-24 05:02:01', '2016-03-24 05:02:01', '94b888b1-0d69-4f15-843f-f71cf18965bd');



DROP TABLE IF EXISTS `craft_routes`;


--
-- Schema for table `craft_routes`
--
CREATE TABLE `craft_routes` (
  `id` int(11) NOT NULL AUTO_INCREMENT,
  `locale` char(12) COLLATE utf8_unicode_ci DEFAULT NULL,
  `urlParts` varchar(255) COLLATE utf8_unicode_ci NOT NULL,
  `urlPattern` varchar(255) COLLATE utf8_unicode_ci NOT NULL,
  `template` varchar(255) COLLATE utf8_unicode_ci NOT NULL,
  `sortOrder` smallint(6) unsigned DEFAULT NULL,
  `dateCreated` datetime NOT NULL,
  `dateUpdated` datetime NOT NULL,
  `uid` char(36) COLLATE utf8_unicode_ci NOT NULL DEFAULT '0',
  PRIMARY KEY (`id`),
  UNIQUE KEY `craft_routes_urlPattern_unq_idx` (`urlPattern`),
  KEY `craft_routes_locale_idx` (`locale`)
) ENGINE=InnoDB DEFAULT CHARSET=utf8 COLLATE=utf8_unicode_ci;

DROP TABLE IF EXISTS `craft_searchindex`;


--
-- Schema for table `craft_searchindex`
--
CREATE TABLE `craft_searchindex` (
  `elementId` int(11) NOT NULL,
  `attribute` varchar(25) COLLATE utf8_unicode_ci NOT NULL,
  `fieldId` int(11) NOT NULL,
  `locale` char(12) COLLATE utf8_unicode_ci NOT NULL,
  `keywords` text COLLATE utf8_unicode_ci NOT NULL,
  PRIMARY KEY (`elementId`,`attribute`,`fieldId`,`locale`),
  FULLTEXT KEY `craft_searchindex_keywords_idx` (`keywords`)
) ENGINE=MyISAM DEFAULT CHARSET=utf8 COLLATE=utf8_unicode_ci;

--
-- Data for table `craft_searchindex`
--

INSERT INTO `craft_searchindex` (`elementId`, `attribute`, `fieldId`, `locale`, `keywords`) VALUES
 ('1', 'username', '0', 'en_us', ' admin '),
 ('1', 'firstname', '0', 'en_us', ''),
 ('1', 'lastname', '0', 'en_us', ''),
 ('1', 'fullname', '0', 'en_us', ''),
 ('1', 'email', '0', 'en_us', ' daituzhang gmail com '),
 ('1', 'slug', '0', 'en_us', ''),
 ('2', 'slug', '0', 'en_us', ' homepage '),
 ('2', 'title', '0', 'en_us', ' home '),
 ('2', 'field', '1', 'en_us', ' it s true this site doesn t have a whole lot of content yet but don t worry our web developers have just installed the cms and they re setting things up for the content editors this very moment soon localhost will be an oasis of fresh perspectives sharp analyses and astute opinions that will keep you coming back again and again '),
 ('15', 'field', '10', 'en_us', ' kick punch learn '),
 ('8', 'kind', '0', 'en_us', ' image '),
 ('8', 'slug', '0', 'en_us', ' bjj bg 2x '),
 ('8', 'title', '0', 'en_us', ' bjj bg 2x '),
 ('9', 'filename', '0', 'en_us', ' contact_bg 2x jpg '),
 ('9', 'extension', '0', 'en_us', ' jpg '),
 ('9', 'kind', '0', 'en_us', ' image '),
 ('9', 'slug', '0', 'en_us', ' contact bg 2x '),
 ('9', 'title', '0', 'en_us', ' contact bg 2x '),
 ('10', 'filename', '0', 'en_us', ' hero 2x jpg '),
 ('10', 'extension', '0', 'en_us', ' jpg '),
 ('8', 'extension', '0', 'en_us', ' jpg '),
 ('8', 'filename', '0', 'en_us', ' bjj_bg 2x jpg '),
 ('4', 'slug', '0', 'en_us', ''),
 ('4', 'field', '3', 'en_us', ''),
 ('4', 'field', '4', 'en_us', ''),
 ('5', 'slug', '0', 'en_us', ' about us '),
 ('5', 'title', '0', 'en_us', ' about us '),
 ('6', 'slug', '0', 'en_us', ' programs '),
 ('6', 'title', '0', 'en_us', ' programs '),
 ('7', 'slug', '0', 'en_us', ' locations '),
 ('7', 'title', '0', 'en_us', ' locations '),
 ('10', 'kind', '0', 'en_us', ' image '),
 ('10', 'slug', '0', 'en_us', ' hero 2x '),
 ('10', 'title', '0', 'en_us', ' hero 2x '),
 ('11', 'filename', '0', 'en_us', ' location_bg 2x png '),
 ('11', 'extension', '0', 'en_us', ' png '),
 ('11', 'kind', '0', 'en_us', ' image '),
 ('11', 'slug', '0', 'en_us', ' location bg 2x '),
 ('11', 'title', '0', 'en_us', ' location bg 2x '),
 ('12', 'filename', '0', 'en_us', ' logo_watermark png '),
 ('12', 'extension', '0', 'en_us', ' png '),
 ('12', 'kind', '0', 'en_us', ' image '),
 ('12', 'slug', '0', 'en_us', ' logo watermark '),
 ('12', 'title', '0', 'en_us', ' logo watermark '),
 ('14', 'kind', '0', 'en_us', ' image '),
 ('14', 'extension', '0', 'en_us', ' png '),
 ('14', 'filename', '0', 'en_us', ' approach_bg 2x png '),
 ('14', 'slug', '0', 'en_us', ' approach bg 2x '),
 ('14', 'title', '0', 'en_us', ' approach bg 2x '),
 ('2', 'field', '5', 'en_us', ' 000000 bjj bg 2x freddie poole s martial arts is a unique and modern training system that combines traditional values and principles with a modern system of combat self defense and fitness 1 kick punch learn 000000 approach bg 2x this unique approach creates a balanced and well rounded martial artist the key to our success is that each discipline is introduced in stages to the student rather than front loading a program this methodical approach ensures students are learning and mastering techniques at the highest level as opposed to just going through motions approach dragons juniors '),
 ('15', 'field', '11', 'en_us', ' freddie poole s martial arts is a unique and modern training system that combines traditional values and principles with a modern system of combat self defense and fitness '),
 ('15', 'field', '12', 'en_us', ' 000000 '),
 ('15', 'field', '13', 'en_us', ' bjj bg 2x '),
 ('15', 'slug', '0', 'en_us', ''),
 ('16', 'field', '22', 'en_us', ' dragons 4 6 yo '),
 ('16', 'field', '5', 'en_us', ' 000000 bjj bg 2x brazilian jiu jitsu classes in dallas bjj is primarily a ground fighting art a grappling style of martial arts that has roots and evolved from japanese judo and classical jujutsu brazilian jiu jitsu specializes in ground techniques such as positional control and the use of leverage for reversals and submissions holds joint lock and chokes to overcome the size and strength of opponents bjj provides a clear path and strategy for victory in a self defense scenario or competition as a sport it is a safe and entertaining art that can be practiced for a lifetime of fitness and well being 1 brazilian jiu jitsu 000000 logo watermark most people involved in martial arts are familiar with the basic history of bjj how a japanese jiu jitsu expert maeda came to brazil as part of a diplomatic mission to found and establish a japanese colony he befriended gastao gracie a man of scottish decent who had influence in local political circles maeda offered to teach gracie s sons jiu jitsu the gracie boys became very proficient in jiu jitsu being a large family they never lacked training partners and new ideas for practicing and training daily within the family and nephews the machados this went on for generations later opening their own schools and developing their own additions and modifications to the techniques they had being taught as a test of their skill the gracies fought many matches against other styles with great success in this manner they came to understand which techniques worked and which did not they based their developing martial arts on their combat experiences over generations with great success in mma competitions brazilian jiu jitsu has establish itself as an extremely effective martial arts and one of the most sought out history f5f5f5 eda taught the gracie s the art of randori or live training rolling where safe but effective techniques can be applied with full resistance to opponents as long as they agree to tap out or submit surrender when a technique is successfully applied this way two opponents can face each other and fight close to full power which makes training much more realistic to a real fight therefore more effective the genius of the gracie s lay in the strategy they implemented to win fights which can be seen in sport point systems they implemented in competition the gracie s realized that fighting a bigger stronger opponent and trading blows was not a good idea so they developed a strategy where they would take a standing opponent or fighter out of their comfort zone stand up skill put them on the ground and expose them to their great ground skills positional control leverage and submissions the gracie s realized that certain positions were better to attack and defend so they strategized ways from any position on the ground to a position where they can reverse control and submit their opponent the bjj strategy and the japanese legacy '),
 ('16', 'field', '4', 'en_us', ''),
 ('16', 'field', '3', 'en_us', ''),
 ('16', 'slug', '0', 'en_us', ' dragons '),
 ('16', 'title', '0', 'en_us', ' dragons '),
 ('17', 'field', '22', 'en_us', ' juniors 7 12 yo '),
 ('17', 'field', '5', 'en_us', ''),
 ('17', 'field', '4', 'en_us', ''),
 ('17', 'field', '3', 'en_us', ''),
 ('17', 'slug', '0', 'en_us', ' juniors '),
 ('17', 'title', '0', 'en_us', ' juniors '),
 ('18', 'field', '26', 'en_us', ' approach '),
 ('18', 'field', '27', 'en_us', ' this unique approach creates a balanced and well rounded martial artist the key to our success is that each discipline is introduced in stages to the student rather than front loading a program this methodical approach ensures students are learning and mastering techniques at the highest level as opposed to just going through motions '),
 ('18', 'field', '28', 'en_us', ' dragons juniors '),
 ('18', 'slug', '0', 'en_us', ''),
 ('18', 'field', '29', 'en_us', ' 000000 '),
 ('18', 'field', '30', 'en_us', ' approach bg 2x '),
 ('19', 'filename', '0', 'en_us', ' approach_bg 2x test png '),
 ('19', 'extension', '0', 'en_us', ' png '),
 ('19', 'kind', '0', 'en_us', ' image '),
 ('19', 'slug', '0', 'en_us', ' approach bg 2x test '),
 ('19', 'title', '0', 'en_us', ' approach bg 2x test '),
 ('20', 'field', '31', 'en_us', ' logo watermark '),
 ('20', 'slug', '0', 'en_us', ''),
 ('21', 'field', '33', 'en_us', ' brazilian jiu jitsu '),
 ('21', 'field', '34', 'en_us', ' brazilian jiu jitsu classes in dallas bjj is primarily a ground fighting art a grappling style of martial arts that has roots and evolved from japanese judo and classical jujutsu brazilian jiu jitsu specializes in ground techniques such as positional control and the use of leverage for reversals and submissions holds joint lock and chokes to overcome the size and strength of opponents bjj provides a clear path and strategy for victory in a self defense scenario or competition as a sport it is a safe and entertaining art that can be practiced for a lifetime of fitness and well being '),
 ('21', 'field', '35', 'en_us', ' 1 '),
 ('21', 'field', '36', 'en_us', ' 000000 '),
 ('21', 'field', '37', 'en_us', ' bjj bg 2x '),
 ('21', 'slug', '0', 'en_us', ''),
 ('22', 'field', '6', 'en_us', ' history '),
 ('22', 'field', '7', 'en_us', ' most people involved in martial arts are familiar with the basic history of bjj how a japanese jiu jitsu expert maeda came to brazil as part of a diplomatic mission to found and establish a japanese colony he befriended gastao gracie a man of scottish decent who had influence in local political circles maeda offered to teach gracie s sons jiu jitsu the gracie boys became very proficient in jiu jitsu being a large family they never lacked training partners and new ideas for practicing and training daily within the family and nephews the machados this went on for generations later opening their own schools and developing their own additions and modifications to the techniques they had being taught as a test of their skill the gracies fought many matches against other styles with great success in this manner they came to understand which techniques worked and which did not they based their developing martial arts on their combat experiences over generations with great success in mma competitions brazilian jiu jitsu has establish itself as an extremely effective martial arts and one of the most sought out '),
 ('22', 'field', '8', 'en_us', ' 000000 '),
 ('22', 'field', '9', 'en_us', ' logo watermark '),
 ('22', 'slug', '0', 'en_us', ''),
 ('23', 'field', '6', 'en_us', ' the bjj strategy and the japanese legacy '),
 ('23', 'field', '7', 'en_us', ' eda taught the gracie s the art of randori or live training rolling where safe but effective techniques can be applied with full resistance to opponents as long as they agree to tap out or submit surrender when a technique is successfully applied this way two opponents can face each other and fight close to full power which makes training much more realistic to a real fight therefore more effective the genius of the gracie s lay in the strategy they implemented to win fights which can be seen in sport point systems they implemented in competition the gracie s realized that fighting a bigger stronger opponent and trading blows was not a good idea so they developed a strategy where they would take a standing opponent or fighter out of their comfort zone stand up skill put them on the ground and expose them to their great ground skills positional control leverage and submissions the gracie s realized that certain positions were better to attack and defend so they strategized ways from any position on the ground to a position where they can reverse control and submit their opponent '),
 ('23', 'field', '8', 'en_us', ' f5f5f5 '),
 ('23', 'field', '9', 'en_us', ''),
 ('23', 'slug', '0', 'en_us', ''),
 ('15', 'field', '32', 'en_us', ' 1 '),
 ('24', 'field', '5', 'en_us', ' 000000 hero 2x globally syndicate market positioning niches with accurate platforms energistically coordinate exceptional e tailers without open source functionalities 1 north dallas 17194 preston rd dallas tx 75248 '),
 ('24', 'field', '4', 'en_us', ''),
 ('24', 'field', '3', 'en_us', ''),
 ('24', 'slug', '0', 'en_us', ' north dallas ');
INSERT INTO `craft_searchindex` (`elementId`, `attribute`, `fieldId`, `locale`, `keywords`) VALUES
 ('24', 'title', '0', 'en_us', ' north dallas '),
 ('25', 'field', '33', 'en_us', ' north dallas '),
 ('25', 'field', '34', 'en_us', ' globally syndicate market positioning niches with accurate platforms energistically coordinate exceptional e tailers without open source functionalities '),
 ('25', 'field', '35', 'en_us', ' 1 '),
 ('25', 'field', '36', 'en_us', ' 000000 '),
 ('25', 'field', '37', 'en_us', ' hero 2x '),
 ('25', 'field', '38', 'en_us', ' 17194 preston rd dallas tx 75248 '),
 ('25', 'slug', '0', 'en_us', '');



DROP TABLE IF EXISTS `craft_sections`;


--
-- Schema for table `craft_sections`
--
CREATE TABLE `craft_sections` (
  `id` int(11) NOT NULL AUTO_INCREMENT,
  `structureId` int(11) DEFAULT NULL,
  `name` varchar(255) COLLATE utf8_unicode_ci NOT NULL,
  `handle` varchar(255) COLLATE utf8_unicode_ci NOT NULL,
  `type` enum('single','channel','structure') COLLATE utf8_unicode_ci NOT NULL DEFAULT 'channel',
  `hasUrls` tinyint(1) unsigned NOT NULL DEFAULT '1',
  `template` varchar(500) COLLATE utf8_unicode_ci DEFAULT NULL,
  `enableVersioning` tinyint(1) unsigned NOT NULL DEFAULT '0',
  `dateCreated` datetime NOT NULL,
  `dateUpdated` datetime NOT NULL,
  `uid` char(36) COLLATE utf8_unicode_ci NOT NULL DEFAULT '0',
  PRIMARY KEY (`id`),
  UNIQUE KEY `craft_sections_name_unq_idx` (`name`),
  UNIQUE KEY `craft_sections_handle_unq_idx` (`handle`),
  KEY `craft_sections_structureId_fk` (`structureId`)
) ENGINE=InnoDB AUTO_INCREMENT=4 DEFAULT CHARSET=utf8 COLLATE=utf8_unicode_ci;

--
-- Data for table `craft_sections`
--

INSERT INTO `craft_sections` (`id`, `structureId`, `name`, `handle`, `type`, `hasUrls`, `template`, `enableVersioning`, `dateCreated`, `dateUpdated`, `uid`) VALUES
 ('1', NULL, 'Homepage', 'homepage', 'single', '1', 'index', '1', '2016-03-12 17:48:26', '2016-03-12 17:48:26', '546d644e-2cba-4610-96fc-4c2c21190646'),
 ('2', NULL, 'News', 'news', 'channel', '1', 'news/_entry', '1', '2016-03-12 17:48:26', '2016-03-12 17:48:26', '3e899f10-ad3a-41a8-aab9-49da011fe2af'),
 ('3', '1', 'Pages', 'pages', 'structure', '1', 'index', '1', '2016-03-12 18:44:34', '2016-03-12 18:53:44', 'a78799dd-bc5a-419d-8e3a-c6e7452d3d2c');



DROP TABLE IF EXISTS `craft_sections_i18n`;


--
-- Schema for table `craft_sections_i18n`
--
CREATE TABLE `craft_sections_i18n` (
  `id` int(11) NOT NULL AUTO_INCREMENT,
  `sectionId` int(11) NOT NULL,
  `locale` char(12) COLLATE utf8_unicode_ci NOT NULL,
  `enabledByDefault` tinyint(1) unsigned NOT NULL DEFAULT '1',
  `urlFormat` text COLLATE utf8_unicode_ci,
  `nestedUrlFormat` text COLLATE utf8_unicode_ci,
  `dateCreated` datetime NOT NULL,
  `dateUpdated` datetime NOT NULL,
  `uid` char(36) COLLATE utf8_unicode_ci NOT NULL DEFAULT '0',
  PRIMARY KEY (`id`),
  UNIQUE KEY `craft_sections_i18n_sectionId_locale_unq_idx` (`sectionId`,`locale`),
  KEY `craft_sections_i18n_locale_fk` (`locale`)
) ENGINE=InnoDB AUTO_INCREMENT=4 DEFAULT CHARSET=utf8 COLLATE=utf8_unicode_ci;

--
-- Data for table `craft_sections_i18n`
--

INSERT INTO `craft_sections_i18n` (`id`, `sectionId`, `locale`, `enabledByDefault`, `urlFormat`, `nestedUrlFormat`, `dateCreated`, `dateUpdated`, `uid`) VALUES
 ('1', '1', 'en_us', '1', '__home__', NULL, '2016-03-12 17:48:26', '2016-03-12 17:48:26', 'b5e67858-31aa-4981-bccd-832e48f83cba'),
 ('2', '2', 'en_us', '1', 'news/{postDate.year}/{slug}', NULL, '2016-03-12 17:48:26', '2016-03-12 17:48:26', 'e06fdd0c-4a0a-4616-8330-dc275bfb2401'),
 ('3', '3', 'en_us', '1', '{slug}', '{parent.uri}/{slug}', '2016-03-12 18:44:34', '2016-03-12 18:44:34', 'aa6bfd2e-c271-416b-b008-208e4eebe5b4');



DROP TABLE IF EXISTS `craft_sessions`;


--
-- Schema for table `craft_sessions`
--
CREATE TABLE `craft_sessions` (
  `id` int(11) NOT NULL AUTO_INCREMENT,
  `userId` int(11) NOT NULL,
  `token` char(100) COLLATE utf8_unicode_ci NOT NULL,
  `dateCreated` datetime NOT NULL,
  `dateUpdated` datetime NOT NULL,
  `uid` char(36) COLLATE utf8_unicode_ci NOT NULL DEFAULT '0',
  PRIMARY KEY (`id`),
  KEY `craft_sessions_uid_idx` (`uid`),
  KEY `craft_sessions_token_idx` (`token`),
  KEY `craft_sessions_dateUpdated_idx` (`dateUpdated`),
  KEY `craft_sessions_userId_fk` (`userId`)
) ENGINE=InnoDB AUTO_INCREMENT=5 DEFAULT CHARSET=utf8 COLLATE=utf8_unicode_ci;

DROP TABLE IF EXISTS `craft_shunnedmessages`;


--
-- Schema for table `craft_shunnedmessages`
--
CREATE TABLE `craft_shunnedmessages` (
  `id` int(11) NOT NULL AUTO_INCREMENT,
  `userId` int(11) NOT NULL,
  `message` varchar(255) COLLATE utf8_unicode_ci NOT NULL,
  `expiryDate` datetime DEFAULT NULL,
  `dateCreated` datetime NOT NULL,
  `dateUpdated` datetime NOT NULL,
  `uid` char(36) COLLATE utf8_unicode_ci NOT NULL DEFAULT '0',
  PRIMARY KEY (`id`),
  UNIQUE KEY `craft_shunnedmessages_userId_message_unq_idx` (`userId`,`message`)
) ENGINE=InnoDB DEFAULT CHARSET=utf8 COLLATE=utf8_unicode_ci;

DROP TABLE IF EXISTS `craft_structureelements`;


--
-- Schema for table `craft_structureelements`
--
CREATE TABLE `craft_structureelements` (
  `id` int(11) NOT NULL AUTO_INCREMENT,
  `structureId` int(11) NOT NULL,
  `elementId` int(11) DEFAULT NULL,
  `root` int(11) unsigned DEFAULT NULL,
  `lft` int(11) unsigned NOT NULL,
  `rgt` int(11) unsigned NOT NULL,
  `level` smallint(6) unsigned NOT NULL,
  `dateCreated` datetime NOT NULL,
  `dateUpdated` datetime NOT NULL,
  `uid` char(36) COLLATE utf8_unicode_ci NOT NULL DEFAULT '0',
  PRIMARY KEY (`id`),
  UNIQUE KEY `craft_structureelements_structureId_elementId_unq_idx` (`structureId`,`elementId`),
  KEY `craft_structureelements_root_idx` (`root`),
  KEY `craft_structureelements_lft_idx` (`lft`),
  KEY `craft_structureelements_rgt_idx` (`rgt`),
  KEY `craft_structureelements_level_idx` (`level`),
  KEY `craft_structureelements_elementId_fk` (`elementId`)
) ENGINE=InnoDB AUTO_INCREMENT=8 DEFAULT CHARSET=utf8 COLLATE=utf8_unicode_ci;

--
-- Data for table `craft_structureelements`
--

INSERT INTO `craft_structureelements` (`id`, `structureId`, `elementId`, `root`, `lft`, `rgt`, `level`, `dateCreated`, `dateUpdated`, `uid`) VALUES
 ('1', '1', NULL, '1', '1', '14', '0', '2016-03-15 03:20:29', '2016-03-15 03:20:29', 'ba9daec0-de48-4398-902b-1dfc6370ac9a'),
 ('2', '1', '5', '1', '2', '3', '1', '2016-03-15 03:20:29', '2016-03-15 03:20:29', '8e376130-a8e0-405a-988c-3f163ee0a0a3'),
 ('3', '1', '6', '1', '4', '9', '1', '2016-03-15 03:20:39', '2016-03-15 03:20:39', 'a8076ba3-1c26-4edd-9013-a01135cb9a37'),
 ('4', '1', '7', '1', '10', '13', '1', '2016-03-15 03:20:46', '2016-03-15 03:20:46', 'e068c99b-cbe5-411d-92d1-ea47c43fe98b'),
 ('5', '1', '16', '1', '5', '6', '2', '2016-03-16 03:46:42', '2016-03-16 03:46:42', 'b056bad6-3dd6-4154-8385-3e4524a2dd13'),
 ('6', '1', '17', '1', '7', '8', '2', '2016-03-16 03:48:00', '2016-03-16 03:48:00', 'd7ad13e4-ced5-4e62-af0e-f57bf5089251'),
 ('7', '1', '24', '1', '11', '12', '2', '2016-03-24 04:22:43', '2016-03-24 04:22:43', '99c097f3-d578-44b8-b434-d313aacb004d');



DROP TABLE IF EXISTS `craft_structures`;


--
-- Schema for table `craft_structures`
--
CREATE TABLE `craft_structures` (
  `id` int(11) NOT NULL AUTO_INCREMENT,
  `maxLevels` smallint(6) unsigned DEFAULT NULL,
  `dateCreated` datetime NOT NULL,
  `dateUpdated` datetime NOT NULL,
  `uid` char(36) COLLATE utf8_unicode_ci NOT NULL DEFAULT '0',
  PRIMARY KEY (`id`)
) ENGINE=InnoDB AUTO_INCREMENT=2 DEFAULT CHARSET=utf8 COLLATE=utf8_unicode_ci;

--
-- Data for table `craft_structures`
--

INSERT INTO `craft_structures` (`id`, `maxLevels`, `dateCreated`, `dateUpdated`, `uid`) VALUES
 ('1', NULL, '2016-03-12 18:44:34', '2016-03-12 18:53:44', '15e3b10e-60bf-4cc4-b031-2a9ddd5cb3cb');



DROP TABLE IF EXISTS `craft_systemsettings`;


--
-- Schema for table `craft_systemsettings`
--
CREATE TABLE `craft_systemsettings` (
  `id` int(11) NOT NULL AUTO_INCREMENT,
  `category` varchar(15) COLLATE utf8_unicode_ci NOT NULL,
  `settings` text COLLATE utf8_unicode_ci,
  `dateCreated` datetime NOT NULL,
  `dateUpdated` datetime NOT NULL,
  `uid` char(36) COLLATE utf8_unicode_ci NOT NULL DEFAULT '0',
  PRIMARY KEY (`id`),
  UNIQUE KEY `craft_systemsettings_category_unq_idx` (`category`)
) ENGINE=InnoDB AUTO_INCREMENT=2 DEFAULT CHARSET=utf8 COLLATE=utf8_unicode_ci;

--
-- Data for table `craft_systemsettings`
--

INSERT INTO `craft_systemsettings` (`id`, `category`, `settings`, `dateCreated`, `dateUpdated`, `uid`) VALUES
 ('1', 'email', '{\"template\":\"\",\"protocol\":\"sendmail\",\"emailAddress\":\"daituzhang@gmail.com\",\"senderName\":\"fpma\"}', '2016-03-12 17:48:26', '2016-03-18 02:57:38', '332a057a-91e3-4792-b8a6-71d5ca58a545');



DROP TABLE IF EXISTS `craft_taggroups`;


--
-- Schema for table `craft_taggroups`
--
CREATE TABLE `craft_taggroups` (
  `id` int(11) NOT NULL AUTO_INCREMENT,
  `name` varchar(255) COLLATE utf8_unicode_ci NOT NULL,
  `handle` varchar(255) COLLATE utf8_unicode_ci NOT NULL,
  `fieldLayoutId` int(10) DEFAULT NULL,
  `dateCreated` datetime NOT NULL,
  `dateUpdated` datetime NOT NULL,
  `uid` char(36) COLLATE utf8_unicode_ci NOT NULL DEFAULT '0',
  PRIMARY KEY (`id`),
  UNIQUE KEY `craft_taggroups_name_unq_idx` (`name`),
  UNIQUE KEY `craft_taggroups_handle_unq_idx` (`handle`),
  KEY `craft_taggroups_fieldLayoutId_fk` (`fieldLayoutId`)
) ENGINE=InnoDB AUTO_INCREMENT=2 DEFAULT CHARSET=utf8 COLLATE=utf8_unicode_ci;

--
-- Data for table `craft_taggroups`
--

INSERT INTO `craft_taggroups` (`id`, `name`, `handle`, `fieldLayoutId`, `dateCreated`, `dateUpdated`, `uid`) VALUES
 ('1', 'Default', 'default', '1', '2016-03-12 17:48:26', '2016-03-12 17:48:26', 'ea1de8f6-5025-4113-8314-338e5f26c264');



DROP TABLE IF EXISTS `craft_tags`;


--
-- Schema for table `craft_tags`
--
CREATE TABLE `craft_tags` (
  `id` int(11) NOT NULL,
  `groupId` int(11) NOT NULL,
  `dateCreated` datetime NOT NULL,
  `dateUpdated` datetime NOT NULL,
  `uid` char(36) COLLATE utf8_unicode_ci NOT NULL DEFAULT '0',
  PRIMARY KEY (`id`),
  KEY `craft_tags_groupId_fk` (`groupId`)
) ENGINE=InnoDB DEFAULT CHARSET=utf8 COLLATE=utf8_unicode_ci;

DROP TABLE IF EXISTS `craft_tasks`;


--
-- Schema for table `craft_tasks`
--
CREATE TABLE `craft_tasks` (
  `id` int(11) NOT NULL AUTO_INCREMENT,
  `root` int(11) unsigned DEFAULT NULL,
  `lft` int(11) unsigned NOT NULL,
  `rgt` int(11) unsigned NOT NULL,
  `level` smallint(6) unsigned NOT NULL,
  `currentStep` int(11) unsigned DEFAULT NULL,
  `totalSteps` int(11) unsigned DEFAULT NULL,
  `status` enum('pending','error','running') COLLATE utf8_unicode_ci DEFAULT NULL,
  `type` varchar(150) COLLATE utf8_unicode_ci NOT NULL,
  `description` varchar(255) COLLATE utf8_unicode_ci DEFAULT NULL,
  `settings` text COLLATE utf8_unicode_ci,
  `dateCreated` datetime NOT NULL,
  `dateUpdated` datetime NOT NULL,
  `uid` char(36) COLLATE utf8_unicode_ci NOT NULL DEFAULT '0',
  PRIMARY KEY (`id`),
  KEY `craft_tasks_root_idx` (`root`),
  KEY `craft_tasks_lft_idx` (`lft`),
  KEY `craft_tasks_rgt_idx` (`rgt`),
  KEY `craft_tasks_level_idx` (`level`)
) ENGINE=InnoDB AUTO_INCREMENT=14 DEFAULT CHARSET=utf8 COLLATE=utf8_unicode_ci;

DROP TABLE IF EXISTS `craft_templatecachecriteria`;


--
-- Schema for table `craft_templatecachecriteria`
--
CREATE TABLE `craft_templatecachecriteria` (
  `id` int(11) NOT NULL AUTO_INCREMENT,
  `cacheId` int(11) NOT NULL,
  `type` varchar(150) COLLATE utf8_unicode_ci NOT NULL,
  `criteria` text COLLATE utf8_unicode_ci NOT NULL,
  PRIMARY KEY (`id`),
  KEY `craft_templatecachecriteria_cacheId_fk` (`cacheId`),
  KEY `craft_templatecachecriteria_type_idx` (`type`)
) ENGINE=InnoDB DEFAULT CHARSET=utf8 COLLATE=utf8_unicode_ci;

DROP TABLE IF EXISTS `craft_templatecacheelements`;


--
-- Schema for table `craft_templatecacheelements`
--
CREATE TABLE `craft_templatecacheelements` (
  `cacheId` int(11) NOT NULL,
  `elementId` int(11) NOT NULL,
  KEY `craft_templatecacheelements_cacheId_fk` (`cacheId`),
  KEY `craft_templatecacheelements_elementId_fk` (`elementId`)
) ENGINE=InnoDB DEFAULT CHARSET=utf8 COLLATE=utf8_unicode_ci;

DROP TABLE IF EXISTS `craft_templatecaches`;


--
-- Schema for table `craft_templatecaches`
--
CREATE TABLE `craft_templatecaches` (
  `id` int(11) NOT NULL AUTO_INCREMENT,
  `cacheKey` varchar(255) COLLATE utf8_unicode_ci NOT NULL,
  `locale` char(12) COLLATE utf8_unicode_ci NOT NULL,
  `path` varchar(255) COLLATE utf8_unicode_ci DEFAULT NULL,
  `expiryDate` datetime NOT NULL,
  `body` mediumtext COLLATE utf8_unicode_ci NOT NULL,
  PRIMARY KEY (`id`),
  KEY `craft_templatecaches_expiryDate_cacheKey_locale_path_idx` (`expiryDate`,`cacheKey`,`locale`,`path`),
  KEY `craft_templatecaches_locale_fk` (`locale`)
) ENGINE=InnoDB DEFAULT CHARSET=utf8 COLLATE=utf8_unicode_ci;

DROP TABLE IF EXISTS `craft_tokens`;


--
-- Schema for table `craft_tokens`
--
CREATE TABLE `craft_tokens` (
  `id` int(11) NOT NULL AUTO_INCREMENT,
  `token` char(32) COLLATE utf8_unicode_ci NOT NULL,
  `route` text COLLATE utf8_unicode_ci,
  `usageLimit` tinyint(3) unsigned DEFAULT NULL,
  `usageCount` tinyint(3) unsigned DEFAULT NULL,
  `expiryDate` datetime NOT NULL,
  `dateCreated` datetime NOT NULL,
  `dateUpdated` datetime NOT NULL,
  `uid` char(36) COLLATE utf8_unicode_ci NOT NULL DEFAULT '0',
  PRIMARY KEY (`id`),
  UNIQUE KEY `craft_tokens_token_unq_idx` (`token`),
  KEY `craft_tokens_expiryDate_idx` (`expiryDate`)
) ENGINE=InnoDB DEFAULT CHARSET=utf8 COLLATE=utf8_unicode_ci;

DROP TABLE IF EXISTS `craft_usergroups`;


--
-- Schema for table `craft_usergroups`
--
CREATE TABLE `craft_usergroups` (
  `id` int(11) NOT NULL AUTO_INCREMENT,
  `name` varchar(255) COLLATE utf8_unicode_ci NOT NULL,
  `handle` varchar(255) COLLATE utf8_unicode_ci NOT NULL,
  `dateCreated` datetime NOT NULL,
  `dateUpdated` datetime NOT NULL,
  `uid` char(36) COLLATE utf8_unicode_ci NOT NULL DEFAULT '0',
  PRIMARY KEY (`id`)
) ENGINE=InnoDB DEFAULT CHARSET=utf8 COLLATE=utf8_unicode_ci;

DROP TABLE IF EXISTS `craft_usergroups_users`;


--
-- Schema for table `craft_usergroups_users`
--
CREATE TABLE `craft_usergroups_users` (
  `id` int(11) NOT NULL AUTO_INCREMENT,
  `groupId` int(11) NOT NULL,
  `userId` int(11) NOT NULL,
  `dateCreated` datetime NOT NULL,
  `dateUpdated` datetime NOT NULL,
  `uid` char(36) COLLATE utf8_unicode_ci NOT NULL DEFAULT '0',
  PRIMARY KEY (`id`),
  UNIQUE KEY `craft_usergroups_users_groupId_userId_unq_idx` (`groupId`,`userId`),
  KEY `craft_usergroups_users_userId_fk` (`userId`)
) ENGINE=InnoDB DEFAULT CHARSET=utf8 COLLATE=utf8_unicode_ci;

DROP TABLE IF EXISTS `craft_userpermissions`;


--
-- Schema for table `craft_userpermissions`
--
CREATE TABLE `craft_userpermissions` (
  `id` int(11) NOT NULL AUTO_INCREMENT,
  `name` varchar(255) COLLATE utf8_unicode_ci NOT NULL,
  `dateCreated` datetime NOT NULL,
  `dateUpdated` datetime NOT NULL,
  `uid` char(36) COLLATE utf8_unicode_ci NOT NULL DEFAULT '0',
  PRIMARY KEY (`id`),
  UNIQUE KEY `craft_userpermissions_name_unq_idx` (`name`)
) ENGINE=InnoDB DEFAULT CHARSET=utf8 COLLATE=utf8_unicode_ci;

DROP TABLE IF EXISTS `craft_userpermissions_usergroups`;


--
-- Schema for table `craft_userpermissions_usergroups`
--
CREATE TABLE `craft_userpermissions_usergroups` (
  `id` int(11) NOT NULL AUTO_INCREMENT,
  `permissionId` int(11) NOT NULL,
  `groupId` int(11) NOT NULL,
  `dateCreated` datetime NOT NULL,
  `dateUpdated` datetime NOT NULL,
  `uid` char(36) COLLATE utf8_unicode_ci NOT NULL DEFAULT '0',
  PRIMARY KEY (`id`),
  UNIQUE KEY `craft_userpermissions_usergroups_permissionId_groupId_unq_idx` (`permissionId`,`groupId`),
  KEY `craft_userpermissions_usergroups_groupId_fk` (`groupId`)
) ENGINE=InnoDB DEFAULT CHARSET=utf8 COLLATE=utf8_unicode_ci;

DROP TABLE IF EXISTS `craft_userpermissions_users`;


--
-- Schema for table `craft_userpermissions_users`
--
CREATE TABLE `craft_userpermissions_users` (
  `id` int(11) NOT NULL AUTO_INCREMENT,
  `permissionId` int(11) NOT NULL,
  `userId` int(11) NOT NULL,
  `dateCreated` datetime NOT NULL,
  `dateUpdated` datetime NOT NULL,
  `uid` char(36) COLLATE utf8_unicode_ci NOT NULL DEFAULT '0',
  PRIMARY KEY (`id`),
  UNIQUE KEY `craft_userpermissions_users_permissionId_userId_unq_idx` (`permissionId`,`userId`),
  KEY `craft_userpermissions_users_userId_fk` (`userId`)
) ENGINE=InnoDB DEFAULT CHARSET=utf8 COLLATE=utf8_unicode_ci;

DROP TABLE IF EXISTS `craft_users`;


--
-- Schema for table `craft_users`
--
CREATE TABLE `craft_users` (
  `id` int(11) NOT NULL,
  `username` varchar(100) COLLATE utf8_unicode_ci NOT NULL,
  `photo` varchar(100) COLLATE utf8_unicode_ci DEFAULT NULL,
  `firstName` varchar(100) COLLATE utf8_unicode_ci DEFAULT NULL,
  `lastName` varchar(100) COLLATE utf8_unicode_ci DEFAULT NULL,
  `email` varchar(255) COLLATE utf8_unicode_ci NOT NULL,
  `password` char(255) COLLATE utf8_unicode_ci DEFAULT NULL,
  `preferredLocale` char(12) COLLATE utf8_unicode_ci DEFAULT NULL,
  `weekStartDay` tinyint(1) unsigned NOT NULL DEFAULT '0',
  `admin` tinyint(1) unsigned NOT NULL DEFAULT '0',
  `client` tinyint(1) unsigned NOT NULL DEFAULT '0',
  `locked` tinyint(1) unsigned NOT NULL DEFAULT '0',
  `suspended` tinyint(1) unsigned NOT NULL DEFAULT '0',
  `pending` tinyint(1) unsigned NOT NULL DEFAULT '0',
  `archived` tinyint(1) unsigned NOT NULL DEFAULT '0',
  `lastLoginDate` datetime DEFAULT NULL,
  `lastLoginAttemptIPAddress` varchar(45) COLLATE utf8_unicode_ci DEFAULT NULL,
  `invalidLoginWindowStart` datetime DEFAULT NULL,
  `invalidLoginCount` tinyint(4) unsigned DEFAULT NULL,
  `lastInvalidLoginDate` datetime DEFAULT NULL,
  `lockoutDate` datetime DEFAULT NULL,
  `verificationCode` char(100) COLLATE utf8_unicode_ci DEFAULT NULL,
  `verificationCodeIssuedDate` datetime DEFAULT NULL,
  `unverifiedEmail` varchar(255) COLLATE utf8_unicode_ci DEFAULT NULL,
  `passwordResetRequired` tinyint(1) unsigned NOT NULL DEFAULT '0',
  `lastPasswordChangeDate` datetime DEFAULT NULL,
  `dateCreated` datetime NOT NULL,
  `dateUpdated` datetime NOT NULL,
  `uid` char(36) COLLATE utf8_unicode_ci NOT NULL DEFAULT '0',
  PRIMARY KEY (`id`),
  UNIQUE KEY `craft_users_username_unq_idx` (`username`),
  UNIQUE KEY `craft_users_email_unq_idx` (`email`),
  KEY `craft_users_verificationCode_idx` (`verificationCode`),
  KEY `craft_users_uid_idx` (`uid`),
  KEY `craft_users_preferredLocale_fk` (`preferredLocale`)
) ENGINE=InnoDB DEFAULT CHARSET=utf8 COLLATE=utf8_unicode_ci;

--
-- Data for table `craft_users`
--

INSERT INTO `craft_users` (`id`, `username`, `photo`, `firstName`, `lastName`, `email`, `password`, `preferredLocale`, `weekStartDay`, `admin`, `client`, `locked`, `suspended`, `pending`, `archived`, `lastLoginDate`, `lastLoginAttemptIPAddress`, `invalidLoginWindowStart`, `invalidLoginCount`, `lastInvalidLoginDate`, `lockoutDate`, `verificationCode`, `verificationCodeIssuedDate`, `unverifiedEmail`, `passwordResetRequired`, `lastPasswordChangeDate`, `dateCreated`, `dateUpdated`, `uid`) VALUES
 ('1', 'admin', NULL, NULL, NULL, 'daituzhang@gmail.com', '$2y$13$l1uphIa01vFt6V0gble.U.i9jPwRNWuPOOaJUot5MGXBlyaHeAOA2', NULL, '0', '1', '0', '0', '0', '0', '0', '2016-03-24 00:05:52', '76.184.94.202', NULL, NULL, '2016-03-15 03:19:29', NULL, NULL, NULL, NULL, '0', '2016-03-12 17:48:25', '2016-03-12 17:48:25', '2016-03-24 00:05:52', '282186b8-7311-413f-a0f2-47706c956b2c');



DROP TABLE IF EXISTS `craft_widgets`;


--
-- Schema for table `craft_widgets`
--
CREATE TABLE `craft_widgets` (
  `id` int(11) NOT NULL AUTO_INCREMENT,
  `userId` int(11) NOT NULL,
  `type` varchar(150) COLLATE utf8_unicode_ci NOT NULL,
  `sortOrder` smallint(6) unsigned DEFAULT NULL,
  `colspan` tinyint(4) unsigned DEFAULT NULL,
  `settings` text COLLATE utf8_unicode_ci,
  `enabled` tinyint(1) unsigned NOT NULL DEFAULT '1',
  `dateCreated` datetime NOT NULL,
  `dateUpdated` datetime NOT NULL,
  `uid` char(36) COLLATE utf8_unicode_ci NOT NULL DEFAULT '0',
  PRIMARY KEY (`id`),
  KEY `craft_widgets_userId_fk` (`userId`)
) ENGINE=InnoDB AUTO_INCREMENT=5 DEFAULT CHARSET=utf8 COLLATE=utf8_unicode_ci;

--
-- Data for table `craft_widgets`
--

INSERT INTO `craft_widgets` (`id`, `userId`, `type`, `sortOrder`, `colspan`, `settings`, `enabled`, `dateCreated`, `dateUpdated`, `uid`) VALUES
 ('1', '1', 'RecentEntries', '1', NULL, NULL, '1', '2016-03-12 17:48:29', '2016-03-12 17:48:29', 'a8b82364-63cf-4a9f-964d-2edc7c920aa6'),
 ('2', '1', 'GetHelp', '2', NULL, NULL, '1', '2016-03-12 17:48:29', '2016-03-12 17:48:29', '42c63061-d712-4075-8ee3-4a06946cdefa'),
 ('3', '1', 'Updates', '3', NULL, NULL, '1', '2016-03-12 17:48:29', '2016-03-12 17:48:29', '485757fe-59ca-4df3-a248-160b48219713'),
 ('4', '1', 'Feed', '4', NULL, '{\"url\":\"https:\\/\\/craftcms.com\\/news.rss\",\"title\":\"Craft News\"}', '1', '2016-03-12 17:48:29', '2016-03-12 17:48:29', '5c968459-31a5-4800-b807-2033c12c65fc');


--
-- Constraints for tables
--


--
-- Constraints for table `craft_assetfiles`
--
ALTER TABLE `craft_assetfiles`
	ADD CONSTRAINT `craft_assetfiles_folderId_fk` FOREIGN KEY (`folderId`) REFERENCES `craft_assetfolders` (`id`) ON DELETE CASCADE,
	ADD CONSTRAINT `craft_assetfiles_id_fk` FOREIGN KEY (`id`) REFERENCES `craft_elements` (`id`) ON DELETE CASCADE,
	ADD CONSTRAINT `craft_assetfiles_sourceId_fk` FOREIGN KEY (`sourceId`) REFERENCES `craft_assetsources` (`id`) ON DELETE CASCADE;

--
-- Constraints for table `craft_assetfolders`
--
ALTER TABLE `craft_assetfolders`
	ADD CONSTRAINT `craft_assetfolders_parentId_fk` FOREIGN KEY (`parentId`) REFERENCES `craft_assetfolders` (`id`) ON DELETE CASCADE,
	ADD CONSTRAINT `craft_assetfolders_sourceId_fk` FOREIGN KEY (`sourceId`) REFERENCES `craft_assetsources` (`id`) ON DELETE CASCADE;

--
-- Constraints for table `craft_assetindexdata`
--
ALTER TABLE `craft_assetindexdata`
	ADD CONSTRAINT `craft_assetindexdata_sourceId_fk` FOREIGN KEY (`sourceId`) REFERENCES `craft_assetsources` (`id`) ON DELETE CASCADE;

--
-- Constraints for table `craft_assetsources`
--
ALTER TABLE `craft_assetsources`
	ADD CONSTRAINT `craft_assetsources_fieldLayoutId_fk` FOREIGN KEY (`fieldLayoutId`) REFERENCES `craft_fieldlayouts` (`id`) ON DELETE SET NULL;

--
-- Constraints for table `craft_categories`
--
ALTER TABLE `craft_categories`
	ADD CONSTRAINT `craft_categories_groupId_fk` FOREIGN KEY (`groupId`) REFERENCES `craft_categorygroups` (`id`) ON DELETE CASCADE,
	ADD CONSTRAINT `craft_categories_id_fk` FOREIGN KEY (`id`) REFERENCES `craft_elements` (`id`) ON DELETE CASCADE;

--
-- Constraints for table `craft_categorygroups`
--
ALTER TABLE `craft_categorygroups`
	ADD CONSTRAINT `craft_categorygroups_fieldLayoutId_fk` FOREIGN KEY (`fieldLayoutId`) REFERENCES `craft_fieldlayouts` (`id`) ON DELETE SET NULL,
	ADD CONSTRAINT `craft_categorygroups_structureId_fk` FOREIGN KEY (`structureId`) REFERENCES `craft_structures` (`id`) ON DELETE CASCADE;

--
-- Constraints for table `craft_categorygroups_i18n`
--
ALTER TABLE `craft_categorygroups_i18n`
	ADD CONSTRAINT `craft_categorygroups_i18n_groupId_fk` FOREIGN KEY (`groupId`) REFERENCES `craft_categorygroups` (`id`) ON DELETE CASCADE,
	ADD CONSTRAINT `craft_categorygroups_i18n_locale_fk` FOREIGN KEY (`locale`) REFERENCES `craft_locales` (`locale`) ON DELETE CASCADE ON UPDATE CASCADE;

--
-- Constraints for table `craft_content`
--
ALTER TABLE `craft_content`
	ADD CONSTRAINT `craft_content_elementId_fk` FOREIGN KEY (`elementId`) REFERENCES `craft_elements` (`id`) ON DELETE CASCADE,
	ADD CONSTRAINT `craft_content_locale_fk` FOREIGN KEY (`locale`) REFERENCES `craft_locales` (`locale`) ON DELETE CASCADE ON UPDATE CASCADE;

--
-- Constraints for table `craft_elements_i18n`
--
ALTER TABLE `craft_elements_i18n`
	ADD CONSTRAINT `craft_elements_i18n_elementId_fk` FOREIGN KEY (`elementId`) REFERENCES `craft_elements` (`id`) ON DELETE CASCADE,
	ADD CONSTRAINT `craft_elements_i18n_locale_fk` FOREIGN KEY (`locale`) REFERENCES `craft_locales` (`locale`) ON DELETE CASCADE ON UPDATE CASCADE;

--
-- Constraints for table `craft_emailmessages`
--
ALTER TABLE `craft_emailmessages`
	ADD CONSTRAINT `craft_emailmessages_locale_fk` FOREIGN KEY (`locale`) REFERENCES `craft_locales` (`locale`) ON DELETE CASCADE ON UPDATE CASCADE;

--
-- Constraints for table `craft_entries`
--
ALTER TABLE `craft_entries`
	ADD CONSTRAINT `craft_entries_authorId_fk` FOREIGN KEY (`authorId`) REFERENCES `craft_users` (`id`) ON DELETE CASCADE,
	ADD CONSTRAINT `craft_entries_id_fk` FOREIGN KEY (`id`) REFERENCES `craft_elements` (`id`) ON DELETE CASCADE,
	ADD CONSTRAINT `craft_entries_sectionId_fk` FOREIGN KEY (`sectionId`) REFERENCES `craft_sections` (`id`) ON DELETE CASCADE,
	ADD CONSTRAINT `craft_entries_typeId_fk` FOREIGN KEY (`typeId`) REFERENCES `craft_entrytypes` (`id`) ON DELETE CASCADE;

--
-- Constraints for table `craft_entrydrafts`
--
ALTER TABLE `craft_entrydrafts`
	ADD CONSTRAINT `craft_entrydrafts_creatorId_fk` FOREIGN KEY (`creatorId`) REFERENCES `craft_users` (`id`) ON DELETE CASCADE,
	ADD CONSTRAINT `craft_entrydrafts_entryId_fk` FOREIGN KEY (`entryId`) REFERENCES `craft_entries` (`id`) ON DELETE CASCADE,
	ADD CONSTRAINT `craft_entrydrafts_locale_fk` FOREIGN KEY (`locale`) REFERENCES `craft_locales` (`locale`) ON DELETE CASCADE ON UPDATE CASCADE,
	ADD CONSTRAINT `craft_entrydrafts_sectionId_fk` FOREIGN KEY (`sectionId`) REFERENCES `craft_sections` (`id`) ON DELETE CASCADE;

--
-- Constraints for table `craft_entrytypes`
--
ALTER TABLE `craft_entrytypes`
	ADD CONSTRAINT `craft_entrytypes_fieldLayoutId_fk` FOREIGN KEY (`fieldLayoutId`) REFERENCES `craft_fieldlayouts` (`id`) ON DELETE SET NULL,
	ADD CONSTRAINT `craft_entrytypes_sectionId_fk` FOREIGN KEY (`sectionId`) REFERENCES `craft_sections` (`id`) ON DELETE CASCADE;

--
-- Constraints for table `craft_entryversions`
--
ALTER TABLE `craft_entryversions`
	ADD CONSTRAINT `craft_entryversions_creatorId_fk` FOREIGN KEY (`creatorId`) REFERENCES `craft_users` (`id`) ON DELETE SET NULL,
	ADD CONSTRAINT `craft_entryversions_entryId_fk` FOREIGN KEY (`entryId`) REFERENCES `craft_entries` (`id`) ON DELETE CASCADE,
	ADD CONSTRAINT `craft_entryversions_locale_fk` FOREIGN KEY (`locale`) REFERENCES `craft_locales` (`locale`) ON DELETE CASCADE ON UPDATE CASCADE,
	ADD CONSTRAINT `craft_entryversions_sectionId_fk` FOREIGN KEY (`sectionId`) REFERENCES `craft_sections` (`id`) ON DELETE CASCADE;

--
-- Constraints for table `craft_fieldlayoutfields`
--
ALTER TABLE `craft_fieldlayoutfields`
	ADD CONSTRAINT `craft_fieldlayoutfields_fieldId_fk` FOREIGN KEY (`fieldId`) REFERENCES `craft_fields` (`id`) ON DELETE CASCADE,
	ADD CONSTRAINT `craft_fieldlayoutfields_layoutId_fk` FOREIGN KEY (`layoutId`) REFERENCES `craft_fieldlayouts` (`id`) ON DELETE CASCADE,
	ADD CONSTRAINT `craft_fieldlayoutfields_tabId_fk` FOREIGN KEY (`tabId`) REFERENCES `craft_fieldlayouttabs` (`id`) ON DELETE CASCADE;

--
-- Constraints for table `craft_fieldlayouttabs`
--
ALTER TABLE `craft_fieldlayouttabs`
	ADD CONSTRAINT `craft_fieldlayouttabs_layoutId_fk` FOREIGN KEY (`layoutId`) REFERENCES `craft_fieldlayouts` (`id`) ON DELETE CASCADE;

--
-- Constraints for table `craft_fields`
--
ALTER TABLE `craft_fields`
	ADD CONSTRAINT `craft_fields_groupId_fk` FOREIGN KEY (`groupId`) REFERENCES `craft_fieldgroups` (`id`) ON DELETE CASCADE;

--
-- Constraints for table `craft_formbuilder2_entries`
--
ALTER TABLE `craft_formbuilder2_entries`
	ADD CONSTRAINT `craft_formbuilder2_entries_formId_fk` FOREIGN KEY (`formId`) REFERENCES `craft_formbuilder2_forms` (`id`) ON DELETE CASCADE,
	ADD CONSTRAINT `craft_formbuilder2_entries_id_fk` FOREIGN KEY (`id`) REFERENCES `craft_elements` (`id`) ON DELETE CASCADE;

--
-- Constraints for table `craft_formbuilder2_forms`
--
ALTER TABLE `craft_formbuilder2_forms`
	ADD CONSTRAINT `craft_formbuilder2_forms_fieldLayoutId_fk` FOREIGN KEY (`fieldLayoutId`) REFERENCES `craft_fieldlayouts` (`id`) ON DELETE SET NULL;

--
-- Constraints for table `craft_globalsets`
--
ALTER TABLE `craft_globalsets`
	ADD CONSTRAINT `craft_globalsets_fieldLayoutId_fk` FOREIGN KEY (`fieldLayoutId`) REFERENCES `craft_fieldlayouts` (`id`) ON DELETE SET NULL,
	ADD CONSTRAINT `craft_globalsets_id_fk` FOREIGN KEY (`id`) REFERENCES `craft_elements` (`id`) ON DELETE CASCADE;

--
-- Constraints for table `craft_googlemaps_locations`
--
ALTER TABLE `craft_googlemaps_locations`
	ADD CONSTRAINT `craft_googlemaps_locations_elementId_fk` FOREIGN KEY (`elementId`) REFERENCES `craft_elements` (`id`) ON DELETE CASCADE;

--
-- Constraints for table `craft_matrixblocks`
--
ALTER TABLE `craft_matrixblocks`
	ADD CONSTRAINT `craft_matrixblocks_fieldId_fk` FOREIGN KEY (`fieldId`) REFERENCES `craft_fields` (`id`) ON DELETE CASCADE,
	ADD CONSTRAINT `craft_matrixblocks_id_fk` FOREIGN KEY (`id`) REFERENCES `craft_elements` (`id`) ON DELETE CASCADE,
	ADD CONSTRAINT `craft_matrixblocks_ownerId_fk` FOREIGN KEY (`ownerId`) REFERENCES `craft_elements` (`id`) ON DELETE CASCADE,
	ADD CONSTRAINT `craft_matrixblocks_ownerLocale_fk` FOREIGN KEY (`ownerLocale`) REFERENCES `craft_locales` (`locale`) ON DELETE CASCADE ON UPDATE CASCADE,
	ADD CONSTRAINT `craft_matrixblocks_typeId_fk` FOREIGN KEY (`typeId`) REFERENCES `craft_matrixblocktypes` (`id`) ON DELETE CASCADE;

--
-- Constraints for table `craft_matrixblocktypes`
--
ALTER TABLE `craft_matrixblocktypes`
	ADD CONSTRAINT `craft_matrixblocktypes_fieldId_fk` FOREIGN KEY (`fieldId`) REFERENCES `craft_fields` (`id`) ON DELETE CASCADE,
	ADD CONSTRAINT `craft_matrixblocktypes_fieldLayoutId_fk` FOREIGN KEY (`fieldLayoutId`) REFERENCES `craft_fieldlayouts` (`id`) ON DELETE SET NULL;

--
-- Constraints for table `craft_matrixcontent_blocks`
--
ALTER TABLE `craft_matrixcontent_blocks`
	ADD CONSTRAINT `craft_matrixcontent_blocks_elementId_fk` FOREIGN KEY (`elementId`) REFERENCES `craft_elements` (`id`) ON DELETE CASCADE,
	ADD CONSTRAINT `craft_matrixcontent_blocks_locale_fk` FOREIGN KEY (`locale`) REFERENCES `craft_locales` (`locale`) ON DELETE CASCADE ON UPDATE CASCADE;

--
-- Constraints for table `craft_migrations`
--
ALTER TABLE `craft_migrations`
	ADD CONSTRAINT `craft_migrations_pluginId_fk` FOREIGN KEY (`pluginId`) REFERENCES `craft_plugins` (`id`) ON DELETE CASCADE;

--
-- Constraints for table `craft_relations`
--
ALTER TABLE `craft_relations`
	ADD CONSTRAINT `craft_relations_fieldId_fk` FOREIGN KEY (`fieldId`) REFERENCES `craft_fields` (`id`) ON DELETE CASCADE,
	ADD CONSTRAINT `craft_relations_sourceId_fk` FOREIGN KEY (`sourceId`) REFERENCES `craft_elements` (`id`) ON DELETE CASCADE,
	ADD CONSTRAINT `craft_relations_sourceLocale_fk` FOREIGN KEY (`sourceLocale`) REFERENCES `craft_locales` (`locale`) ON DELETE CASCADE ON UPDATE CASCADE,
	ADD CONSTRAINT `craft_relations_targetId_fk` FOREIGN KEY (`targetId`) REFERENCES `craft_elements` (`id`) ON DELETE CASCADE;

--
-- Constraints for table `craft_routes`
--
ALTER TABLE `craft_routes`
	ADD CONSTRAINT `craft_routes_locale_fk` FOREIGN KEY (`locale`) REFERENCES `craft_locales` (`locale`) ON DELETE CASCADE ON UPDATE CASCADE;

--
-- Constraints for table `craft_sections`
--
ALTER TABLE `craft_sections`
	ADD CONSTRAINT `craft_sections_structureId_fk` FOREIGN KEY (`structureId`) REFERENCES `craft_structures` (`id`) ON DELETE SET NULL;

--
-- Constraints for table `craft_sections_i18n`
--
ALTER TABLE `craft_sections_i18n`
	ADD CONSTRAINT `craft_sections_i18n_locale_fk` FOREIGN KEY (`locale`) REFERENCES `craft_locales` (`locale`) ON DELETE CASCADE ON UPDATE CASCADE,
	ADD CONSTRAINT `craft_sections_i18n_sectionId_fk` FOREIGN KEY (`sectionId`) REFERENCES `craft_sections` (`id`) ON DELETE CASCADE;

--
-- Constraints for table `craft_sessions`
--
ALTER TABLE `craft_sessions`
	ADD CONSTRAINT `craft_sessions_userId_fk` FOREIGN KEY (`userId`) REFERENCES `craft_users` (`id`) ON DELETE CASCADE;

--
-- Constraints for table `craft_shunnedmessages`
--
ALTER TABLE `craft_shunnedmessages`
	ADD CONSTRAINT `craft_shunnedmessages_userId_fk` FOREIGN KEY (`userId`) REFERENCES `craft_users` (`id`) ON DELETE CASCADE;

--
-- Constraints for table `craft_structureelements`
--
ALTER TABLE `craft_structureelements`
	ADD CONSTRAINT `craft_structureelements_elementId_fk` FOREIGN KEY (`elementId`) REFERENCES `craft_elements` (`id`) ON DELETE CASCADE,
	ADD CONSTRAINT `craft_structureelements_structureId_fk` FOREIGN KEY (`structureId`) REFERENCES `craft_structures` (`id`) ON DELETE CASCADE;

--
-- Constraints for table `craft_taggroups`
--
ALTER TABLE `craft_taggroups`
	ADD CONSTRAINT `craft_taggroups_fieldLayoutId_fk` FOREIGN KEY (`fieldLayoutId`) REFERENCES `craft_fieldlayouts` (`id`) ON DELETE SET NULL;

--
-- Constraints for table `craft_tags`
--
ALTER TABLE `craft_tags`
	ADD CONSTRAINT `craft_tags_groupId_fk` FOREIGN KEY (`groupId`) REFERENCES `craft_taggroups` (`id`) ON DELETE CASCADE,
	ADD CONSTRAINT `craft_tags_id_fk` FOREIGN KEY (`id`) REFERENCES `craft_elements` (`id`) ON DELETE CASCADE;

--
-- Constraints for table `craft_templatecachecriteria`
--
ALTER TABLE `craft_templatecachecriteria`
	ADD CONSTRAINT `craft_templatecachecriteria_cacheId_fk` FOREIGN KEY (`cacheId`) REFERENCES `craft_templatecaches` (`id`) ON DELETE CASCADE;

--
-- Constraints for table `craft_templatecacheelements`
--
ALTER TABLE `craft_templatecacheelements`
	ADD CONSTRAINT `craft_templatecacheelements_cacheId_fk` FOREIGN KEY (`cacheId`) REFERENCES `craft_templatecaches` (`id`) ON DELETE CASCADE,
	ADD CONSTRAINT `craft_templatecacheelements_elementId_fk` FOREIGN KEY (`elementId`) REFERENCES `craft_elements` (`id`) ON DELETE CASCADE;

--
-- Constraints for table `craft_templatecaches`
--
ALTER TABLE `craft_templatecaches`
	ADD CONSTRAINT `craft_templatecaches_locale_fk` FOREIGN KEY (`locale`) REFERENCES `craft_locales` (`locale`) ON DELETE CASCADE ON UPDATE CASCADE;

--
-- Constraints for table `craft_usergroups_users`
--
ALTER TABLE `craft_usergroups_users`
	ADD CONSTRAINT `craft_usergroups_users_groupId_fk` FOREIGN KEY (`groupId`) REFERENCES `craft_usergroups` (`id`) ON DELETE CASCADE,
	ADD CONSTRAINT `craft_usergroups_users_userId_fk` FOREIGN KEY (`userId`) REFERENCES `craft_users` (`id`) ON DELETE CASCADE;

--
-- Constraints for table `craft_userpermissions_usergroups`
--
ALTER TABLE `craft_userpermissions_usergroups`
	ADD CONSTRAINT `craft_userpermissions_usergroups_groupId_fk` FOREIGN KEY (`groupId`) REFERENCES `craft_usergroups` (`id`) ON DELETE CASCADE,
	ADD CONSTRAINT `craft_userpermissions_usergroups_permissionId_fk` FOREIGN KEY (`permissionId`) REFERENCES `craft_userpermissions` (`id`) ON DELETE CASCADE;

--
-- Constraints for table `craft_userpermissions_users`
--
ALTER TABLE `craft_userpermissions_users`
	ADD CONSTRAINT `craft_userpermissions_users_permissionId_fk` FOREIGN KEY (`permissionId`) REFERENCES `craft_userpermissions` (`id`) ON DELETE CASCADE,
	ADD CONSTRAINT `craft_userpermissions_users_userId_fk` FOREIGN KEY (`userId`) REFERENCES `craft_users` (`id`) ON DELETE CASCADE;

--
-- Constraints for table `craft_users`
--
ALTER TABLE `craft_users`
	ADD CONSTRAINT `craft_users_id_fk` FOREIGN KEY (`id`) REFERENCES `craft_elements` (`id`) ON DELETE CASCADE,
	ADD CONSTRAINT `craft_users_preferredLocale_fk` FOREIGN KEY (`preferredLocale`) REFERENCES `craft_locales` (`locale`) ON DELETE SET NULL ON UPDATE CASCADE;

--
-- Constraints for table `craft_widgets`
--
ALTER TABLE `craft_widgets`
	ADD CONSTRAINT `craft_widgets_userId_fk` FOREIGN KEY (`userId`) REFERENCES `craft_users` (`id`) ON DELETE CASCADE;

SET FOREIGN_KEY_CHECKS = 1;
