-- Generated by Craft v2.6.2791 on Aug 2, 2017, 4:15:18 AM.

--
-- Disable foreign key checks and autocommit.
--

SET FOREIGN_KEY_CHECKS = 0;
SET SQL_MODE = "NO_AUTO_VALUE_ON_ZERO";
SET AUTOCOMMIT = 0;
SET NAMES utf8;


DROP TABLE IF EXISTS `craft_assetfiles`;


--
-- Schema for table `craft_assetfiles`
--
CREATE TABLE `craft_assetfiles` (
  `id` int(11) NOT NULL,
  `sourceId` int(11) DEFAULT NULL,
  `folderId` int(11) NOT NULL,
  `filename` varchar(255) COLLATE utf8_unicode_ci NOT NULL,
  `kind` varchar(50) COLLATE utf8_unicode_ci NOT NULL DEFAULT 'unknown',
  `width` int(11) unsigned DEFAULT NULL,
  `height` int(11) unsigned DEFAULT NULL,
  `size` bigint(20) unsigned DEFAULT NULL,
  `dateModified` datetime DEFAULT NULL,
  `dateCreated` datetime NOT NULL,
  `dateUpdated` datetime NOT NULL,
  `uid` char(36) COLLATE utf8_unicode_ci NOT NULL DEFAULT '0',
  PRIMARY KEY (`id`),
  UNIQUE KEY `craft_assetfiles_filename_folderId_unq_idx` (`filename`,`folderId`),
  KEY `craft_assetfiles_sourceId_fk` (`sourceId`),
  KEY `craft_assetfiles_folderId_fk` (`folderId`)
) ENGINE=InnoDB DEFAULT CHARSET=utf8 COLLATE=utf8_unicode_ci;

--
-- Data for table `craft_assetfiles`
--

INSERT INTO `craft_assetfiles` (`id`, `sourceId`, `folderId`, `filename`, `kind`, `width`, `height`, `size`, `dateModified`, `dateCreated`, `dateUpdated`, `uid`) VALUES
 ('17', '1', '1', 'Backgrounds.jpg', 'image', '1373', '799', '131433', '2016-08-26 16:01:19', '2016-08-05 03:35:41', '2016-08-26 15:56:48', 'a9dc7be7-b549-48c1-995b-3d01d7900af0'),
 ('18', '1', '1', 'Welcome_background_1.jpg', 'image', '1799', '1295', '544953', '2016-08-26 15:45:03', '2016-08-26 15:40:21', '2016-08-26 15:40:21', 'aedb7381-c65c-40cf-b906-49db891dd499'),
 ('19', '1', '1', 'GreenBurst.jpg', 'image', '1792', '1196', '1154100', '2016-08-26 15:55:40', '2016-08-26 15:50:58', '2016-08-26 15:50:58', '18d3e420-1fc4-4ba5-b538-c9797dcbf3c3'),
 ('20', '1', '1', 'Props_background_1.jpg', 'image', '1605', '1311', '491003', '2016-08-26 15:57:12', '2016-08-26 15:52:31', '2016-08-26 15:52:31', '9bc2845c-6307-4b8f-b6da-6d08b04b8111'),
 ('21', '1', '1', 'GettyImages-86082558.jpg', 'image', '1500', '996', '972522', '2016-08-26 16:01:00', '2016-08-26 15:56:19', '2016-08-26 15:56:19', 'f96cfdbe-64d2-478e-b916-b364c0bd387e'),
 ('22', '1', '1', 'Icons_Logo_Veritcal.svg', 'image', '897', '1488', '6343', '2016-08-31 01:30:18', '2016-08-31 01:20:49', '2016-08-31 01:20:49', 'e356faf8-5930-4a3e-af8e-772af178cb65'),
 ('23', '1', '1', 'Long_Pattern.svg', 'image', '1268', '82', '219669', '2016-08-31 01:32:10', '2016-08-31 01:22:41', '2016-08-31 01:22:41', '8418fde3-855d-41e9-befa-964c15c14b1a'),
 ('48', '1', '1', 'Backdrop_Slide2.jpg', 'image', '1373', '665', '148845', '2016-09-18 17:55:09', '2016-09-18 17:55:09', '2016-09-18 17:55:09', '9ea72125-49d7-4269-b6b4-023e08e183c7'),
 ('49', '1', '1', 'Backdrop_Slide3.jpg', 'image', '1373', '665', '362026', '2016-09-18 17:55:29', '2016-09-18 17:55:29', '2016-09-18 17:55:29', '374a43db-2119-4391-a0e9-35e943f4589b'),
 ('135', '1', '1', 'Left_onhover.jpg', 'image', '1150', '1150', '987332', '2017-08-02 04:14:11', '2017-08-02 04:14:12', '2017-08-02 04:14:12', 'f093fddf-2a15-4012-958a-8964e806886a'),
 ('136', '1', '1', 'Right_onhover.jpg', 'image', '1150', '1150', '971434', '2017-08-02 04:14:13', '2017-08-02 04:14:13', '2017-08-02 04:14:13', '3eb1f9a9-b75f-4a2f-afac-90904de60ab3');



DROP TABLE IF EXISTS `craft_assetfolders`;


--
-- Schema for table `craft_assetfolders`
--
CREATE TABLE `craft_assetfolders` (
  `id` int(11) NOT NULL AUTO_INCREMENT,
  `parentId` int(11) DEFAULT NULL,
  `sourceId` int(11) DEFAULT NULL,
  `name` varchar(255) COLLATE utf8_unicode_ci NOT NULL,
  `path` varchar(255) COLLATE utf8_unicode_ci DEFAULT NULL,
  `dateCreated` datetime NOT NULL,
  `dateUpdated` datetime NOT NULL,
  `uid` char(36) COLLATE utf8_unicode_ci NOT NULL DEFAULT '0',
  PRIMARY KEY (`id`),
  UNIQUE KEY `craft_assetfolders_name_parentId_sourceId_unq_idx` (`name`,`parentId`,`sourceId`),
  KEY `craft_assetfolders_parentId_fk` (`parentId`),
  KEY `craft_assetfolders_sourceId_fk` (`sourceId`)
) ENGINE=InnoDB AUTO_INCREMENT=2 DEFAULT CHARSET=utf8 COLLATE=utf8_unicode_ci;

--
-- Data for table `craft_assetfolders`
--

INSERT INTO `craft_assetfolders` (`id`, `parentId`, `sourceId`, `name`, `path`, `dateCreated`, `dateUpdated`, `uid`) VALUES
 ('1', NULL, '1', 'Images', '', '2016-06-12 22:13:33', '2016-06-12 22:13:33', '28c200c3-b051-49de-8e1b-fb55ce34d2dd');



DROP TABLE IF EXISTS `craft_assetindexdata`;


--
-- Schema for table `craft_assetindexdata`
--
CREATE TABLE `craft_assetindexdata` (
  `id` int(11) NOT NULL AUTO_INCREMENT,
  `sessionId` varchar(36) COLLATE utf8_unicode_ci NOT NULL DEFAULT '',
  `sourceId` int(10) NOT NULL,
  `offset` int(10) NOT NULL,
  `uri` varchar(255) COLLATE utf8_unicode_ci DEFAULT NULL,
  `size` varchar(255) COLLATE utf8_unicode_ci DEFAULT NULL,
  `recordId` int(10) DEFAULT NULL,
  `dateCreated` datetime NOT NULL,
  `dateUpdated` datetime NOT NULL,
  `uid` char(36) COLLATE utf8_unicode_ci NOT NULL DEFAULT '0',
  PRIMARY KEY (`id`),
  UNIQUE KEY `craft_assetindexdata_sessionId_sourceId_offset_unq_idx` (`sessionId`,`sourceId`,`offset`),
  KEY `craft_assetindexdata_sourceId_fk` (`sourceId`)
) ENGINE=InnoDB DEFAULT CHARSET=utf8 COLLATE=utf8_unicode_ci;

DROP TABLE IF EXISTS `craft_assetsources`;


--
-- Schema for table `craft_assetsources`
--
CREATE TABLE `craft_assetsources` (
  `id` int(11) NOT NULL AUTO_INCREMENT,
  `name` varchar(255) COLLATE utf8_unicode_ci NOT NULL,
  `handle` varchar(255) COLLATE utf8_unicode_ci NOT NULL,
  `type` varchar(150) COLLATE utf8_unicode_ci NOT NULL,
  `settings` text COLLATE utf8_unicode_ci,
  `sortOrder` smallint(6) unsigned DEFAULT NULL,
  `fieldLayoutId` int(10) DEFAULT NULL,
  `dateCreated` datetime NOT NULL,
  `dateUpdated` datetime NOT NULL,
  `uid` char(36) COLLATE utf8_unicode_ci NOT NULL DEFAULT '0',
  PRIMARY KEY (`id`),
  UNIQUE KEY `craft_assetsources_name_unq_idx` (`name`),
  UNIQUE KEY `craft_assetsources_handle_unq_idx` (`handle`),
  KEY `craft_assetsources_fieldLayoutId_fk` (`fieldLayoutId`)
) ENGINE=InnoDB AUTO_INCREMENT=2 DEFAULT CHARSET=utf8 COLLATE=utf8_unicode_ci;

--
-- Data for table `craft_assetsources`
--

INSERT INTO `craft_assetsources` (`id`, `name`, `handle`, `type`, `settings`, `sortOrder`, `fieldLayoutId`, `dateCreated`, `dateUpdated`, `uid`) VALUES
 ('1', 'Images', 'images', 'Local', '{\"path\":\"{fileSystemPath}uploads\\/images\\/\",\"publicURLs\":\"1\",\"url\":\"\\/uploads\\/images\\/\"}', '1', '6', '2016-06-12 22:13:33', '2016-06-12 22:13:33', 'cefed964-81e1-4451-b6e4-2a33c2ddcabb');



DROP TABLE IF EXISTS `craft_assettransformindex`;


--
-- Schema for table `craft_assettransformindex`
--
CREATE TABLE `craft_assettransformindex` (
  `id` int(11) NOT NULL AUTO_INCREMENT,
  `fileId` int(11) NOT NULL,
  `filename` varchar(255) COLLATE utf8_unicode_ci DEFAULT NULL,
  `format` varchar(255) COLLATE utf8_unicode_ci DEFAULT NULL,
  `location` varchar(255) COLLATE utf8_unicode_ci NOT NULL,
  `sourceId` int(11) DEFAULT NULL,
  `fileExists` tinyint(1) DEFAULT NULL,
  `inProgress` tinyint(1) DEFAULT NULL,
  `dateIndexed` datetime DEFAULT NULL,
  `dateCreated` datetime NOT NULL,
  `dateUpdated` datetime NOT NULL,
  `uid` char(36) COLLATE utf8_unicode_ci NOT NULL DEFAULT '0',
  PRIMARY KEY (`id`),
  KEY `craft_assettransformindex_sourceId_fileId_location_idx` (`sourceId`,`fileId`,`location`)
) ENGINE=InnoDB DEFAULT CHARSET=utf8 COLLATE=utf8_unicode_ci;

DROP TABLE IF EXISTS `craft_assettransforms`;


--
-- Schema for table `craft_assettransforms`
--
CREATE TABLE `craft_assettransforms` (
  `id` int(11) NOT NULL AUTO_INCREMENT,
  `name` varchar(255) COLLATE utf8_unicode_ci NOT NULL,
  `handle` varchar(255) COLLATE utf8_unicode_ci NOT NULL,
  `mode` enum('stretch','fit','crop') COLLATE utf8_unicode_ci NOT NULL DEFAULT 'crop',
  `position` enum('top-left','top-center','top-right','center-left','center-center','center-right','bottom-left','bottom-center','bottom-right') COLLATE utf8_unicode_ci NOT NULL DEFAULT 'center-center',
  `height` int(10) DEFAULT NULL,
  `width` int(10) DEFAULT NULL,
  `format` varchar(255) COLLATE utf8_unicode_ci DEFAULT NULL,
  `quality` int(10) DEFAULT NULL,
  `dimensionChangeTime` datetime DEFAULT NULL,
  `dateCreated` datetime NOT NULL,
  `dateUpdated` datetime NOT NULL,
  `uid` char(36) COLLATE utf8_unicode_ci NOT NULL DEFAULT '0',
  PRIMARY KEY (`id`),
  UNIQUE KEY `craft_assettransforms_name_unq_idx` (`name`),
  UNIQUE KEY `craft_assettransforms_handle_unq_idx` (`handle`)
) ENGINE=InnoDB DEFAULT CHARSET=utf8 COLLATE=utf8_unicode_ci;

DROP TABLE IF EXISTS `craft_categories`;


--
-- Schema for table `craft_categories`
--
CREATE TABLE `craft_categories` (
  `id` int(11) NOT NULL,
  `groupId` int(11) NOT NULL,
  `dateCreated` datetime NOT NULL,
  `dateUpdated` datetime NOT NULL,
  `uid` char(36) COLLATE utf8_unicode_ci NOT NULL DEFAULT '0',
  PRIMARY KEY (`id`),
  KEY `craft_categories_groupId_fk` (`groupId`)
) ENGINE=InnoDB DEFAULT CHARSET=utf8 COLLATE=utf8_unicode_ci;

DROP TABLE IF EXISTS `craft_categorygroups`;


--
-- Schema for table `craft_categorygroups`
--
CREATE TABLE `craft_categorygroups` (
  `id` int(11) NOT NULL AUTO_INCREMENT,
  `structureId` int(11) NOT NULL,
  `fieldLayoutId` int(11) DEFAULT NULL,
  `name` varchar(255) COLLATE utf8_unicode_ci NOT NULL,
  `handle` varchar(255) COLLATE utf8_unicode_ci NOT NULL,
  `hasUrls` tinyint(1) unsigned NOT NULL DEFAULT '1',
  `template` varchar(500) COLLATE utf8_unicode_ci DEFAULT NULL,
  `dateCreated` datetime NOT NULL,
  `dateUpdated` datetime NOT NULL,
  `uid` char(36) COLLATE utf8_unicode_ci NOT NULL DEFAULT '0',
  PRIMARY KEY (`id`),
  UNIQUE KEY `craft_categorygroups_name_unq_idx` (`name`),
  UNIQUE KEY `craft_categorygroups_handle_unq_idx` (`handle`),
  KEY `craft_categorygroups_structureId_fk` (`structureId`),
  KEY `craft_categorygroups_fieldLayoutId_fk` (`fieldLayoutId`)
) ENGINE=InnoDB DEFAULT CHARSET=utf8 COLLATE=utf8_unicode_ci;

DROP TABLE IF EXISTS `craft_categorygroups_i18n`;


--
-- Schema for table `craft_categorygroups_i18n`
--
CREATE TABLE `craft_categorygroups_i18n` (
  `id` int(11) NOT NULL AUTO_INCREMENT,
  `groupId` int(11) NOT NULL,
  `locale` char(12) COLLATE utf8_unicode_ci NOT NULL,
  `urlFormat` text COLLATE utf8_unicode_ci,
  `nestedUrlFormat` text COLLATE utf8_unicode_ci,
  `dateCreated` datetime NOT NULL,
  `dateUpdated` datetime NOT NULL,
  `uid` char(36) COLLATE utf8_unicode_ci NOT NULL DEFAULT '0',
  PRIMARY KEY (`id`),
  UNIQUE KEY `craft_categorygroups_i18n_groupId_locale_unq_idx` (`groupId`,`locale`),
  KEY `craft_categorygroups_i18n_locale_fk` (`locale`)
) ENGINE=InnoDB DEFAULT CHARSET=utf8 COLLATE=utf8_unicode_ci;

DROP TABLE IF EXISTS `craft_content`;


--
-- Schema for table `craft_content`
--
CREATE TABLE `craft_content` (
  `id` int(11) NOT NULL AUTO_INCREMENT,
  `elementId` int(11) NOT NULL,
  `locale` char(12) COLLATE utf8_unicode_ci NOT NULL,
  `title` varchar(255) COLLATE utf8_unicode_ci DEFAULT NULL,
  `field_body` text COLLATE utf8_unicode_ci,
  `field_aboutHeader` text COLLATE utf8_unicode_ci,
  `field_aboutBody` text COLLATE utf8_unicode_ci,
  `field_ourBoothTopHeader` text COLLATE utf8_unicode_ci,
  `field_ourBoothTopBody` text COLLATE utf8_unicode_ci,
  `field_ourBoothMiddleBody` text COLLATE utf8_unicode_ci,
  `field_header` text COLLATE utf8_unicode_ci,
  `field_textBody` text COLLATE utf8_unicode_ci,
  `field_ourBoothBottomHeader` text COLLATE utf8_unicode_ci,
  `field_ourBoothBottomBody` text COLLATE utf8_unicode_ci,
  `field_packageHeader` text COLLATE utf8_unicode_ci,
  `field_packageBody` text COLLATE utf8_unicode_ci,
  `field_metaDescription` text COLLATE utf8_unicode_ci,
  `field_metaTitle` text COLLATE utf8_unicode_ci,
  `field_facebook` text COLLATE utf8_unicode_ci,
  `field_twitter` text COLLATE utf8_unicode_ci,
  `field_instagram` text COLLATE utf8_unicode_ci,
  `field_pinterest` text COLLATE utf8_unicode_ci,
  `field_ourBoothMiddleHeader` text COLLATE utf8_unicode_ci,
  `field_classes` text COLLATE utf8_unicode_ci,
  `field_contactHeader` text COLLATE utf8_unicode_ci,
  `field_contactBody` text COLLATE utf8_unicode_ci,
  `field_contactBackgroundColor` char(7) COLLATE utf8_unicode_ci DEFAULT NULL,
  `field_packageBackgroundColor` char(7) COLLATE utf8_unicode_ci DEFAULT NULL,
  `field_ourBoothTopBackgroundColor` char(7) COLLATE utf8_unicode_ci DEFAULT NULL,
  `field_firstName` text COLLATE utf8_unicode_ci,
  `field_lastName` text COLLATE utf8_unicode_ci,
  `field_phoneNumber` text COLLATE utf8_unicode_ci,
  `field_email` text COLLATE utf8_unicode_ci,
  `field_eventDate` text COLLATE utf8_unicode_ci,
  `field_eventStartTime` text COLLATE utf8_unicode_ci,
  `field_eventEndTime` text COLLATE utf8_unicode_ci,
  `field_eventType` text COLLATE utf8_unicode_ci,
  `field_fullName` text COLLATE utf8_unicode_ci,
  `field_message` text COLLATE utf8_unicode_ci,
  `field_eventName` text COLLATE utf8_unicode_ci,
  `field_eventLocation` text COLLATE utf8_unicode_ci,
  `field_howDidYouFindUs` text COLLATE utf8_unicode_ci,
  `field_experiencePackage` text COLLATE utf8_unicode_ci,
  `field_galleryHeadingLeft` text COLLATE utf8_unicode_ci,
  `field_galleryHeadingRight` text COLLATE utf8_unicode_ci,
  `field_gallerisTitle` text COLLATE utf8_unicode_ci,
  `field_galleryLinkLeft` text COLLATE utf8_unicode_ci,
  `field_galleryLinkRight` text COLLATE utf8_unicode_ci,
  `dateCreated` datetime NOT NULL,
  `dateUpdated` datetime NOT NULL,
  `uid` char(36) COLLATE utf8_unicode_ci NOT NULL DEFAULT '0',
  PRIMARY KEY (`id`),
  UNIQUE KEY `craft_content_elementId_locale_unq_idx` (`elementId`,`locale`),
  KEY `craft_content_title_idx` (`title`),
  KEY `craft_content_locale_fk` (`locale`)
) ENGINE=InnoDB AUTO_INCREMENT=44 DEFAULT CHARSET=utf8 COLLATE=utf8_unicode_ci;

--
-- Data for table `craft_content`
--

INSERT INTO `craft_content` (`id`, `elementId`, `locale`, `title`, `field_body`, `field_aboutHeader`, `field_aboutBody`, `field_ourBoothTopHeader`, `field_ourBoothTopBody`, `field_ourBoothMiddleBody`, `field_header`, `field_textBody`, `field_ourBoothBottomHeader`, `field_ourBoothBottomBody`, `field_packageHeader`, `field_packageBody`, `field_metaDescription`, `field_metaTitle`, `field_facebook`, `field_twitter`, `field_instagram`, `field_pinterest`, `field_ourBoothMiddleHeader`, `field_classes`, `field_contactHeader`, `field_contactBody`, `field_contactBackgroundColor`, `field_packageBackgroundColor`, `field_ourBoothTopBackgroundColor`, `field_firstName`, `field_lastName`, `field_phoneNumber`, `field_email`, `field_eventDate`, `field_eventStartTime`, `field_eventEndTime`, `field_eventType`, `field_fullName`, `field_message`, `field_eventName`, `field_eventLocation`, `field_howDidYouFindUs`, `field_experiencePackage`, `field_galleryHeadingLeft`, `field_galleryHeadingRight`, `field_gallerisTitle`, `field_galleryLinkLeft`, `field_galleryLinkRight`, `dateCreated`, `dateUpdated`, `uid`) VALUES
 ('1', '1', 'en_us', NULL, NULL, NULL, NULL, NULL, NULL, NULL, NULL, NULL, NULL, NULL, NULL, NULL, NULL, NULL, NULL, NULL, NULL, NULL, NULL, NULL, NULL, NULL, NULL, NULL, NULL, NULL, NULL, NULL, NULL, NULL, NULL, NULL, NULL, NULL, NULL, NULL, NULL, NULL, NULL, NULL, NULL, NULL, NULL, NULL, '2016-06-12 21:58:15', '2016-06-12 21:58:15', '8598df09-6a6c-42e9-a71e-9a7f143fb4bd'),
 ('2', '2', 'en_us', 'Home', '<p>It’s true, this site doesn’t have a whole lot of content yet, but don’t worry. Our web developers have just installed the CMS, and they’re setting things up for the content editors this very moment. Soon Localhost will be an oasis of fresh perspectives, sharp analyses, and astute opinions that will keep you coming back again and again.</p>', 'Welcome to The LAB', '<p>The LAB is a Dallas based party photo booth company on a mission to add a touch of sophisticated fun to your events. Our luxurious open-air photo booth is sure to make a statement and make memories that you’ll never forget.</p>\n\n<p>So, what’s your occasion? A birthday? A wedding? A corporate shindig? You name it and The LAB photo booth will take the fun and entertainment up a notch. </p>', 'A Close up of the LAB', '<p>What sets The LAB apart is our ability to seamlessly become part of the party and provide a fun, yet stylish experience. You get a professional quality camera and lighting equipment that promises to never take a bad picture and totally WOW your guests. The LAB provides:</p>', '<p>Inside The LAB is where all the magic happens and pictures truly come alive. Our collection of backdrops and props lets your guests make their photo op as classic or quirky as they’d like. Let’s get started!<br /></p>', NULL, NULL, 'The Lab Propshop', '<p>It’s important that every picture is one of a kind and 100% YOU. The LAB’s PropShop is fully loaded with tons of different accessories, masks and other knick-knacks necessary to make each picture anything but ordinary. Having an 80’s party and need a rockin’ mullet wig? We can cater the PropShop to match any party theme.</p>', 'The LAB Experience Packages', '<p>There are tons of different party and event ideas that The LAB can add hours of fun and excitement to. From personal to corporate level, The LAB has options to fit your needs.</p>', NULL, NULL, NULL, NULL, NULL, NULL, 'Come on in The LAB', NULL, 'Contact', '<p>Yes! We\'re excited that you want more info on The LAB. Please compete the information below and we’ll get in touch soon to get the party started!</p>', '#000000', '#bfbc31', '#ffffff', NULL, NULL, NULL, NULL, NULL, NULL, NULL, NULL, NULL, NULL, NULL, NULL, NULL, NULL, NULL, NULL, NULL, NULL, NULL, '2016-06-12 21:58:16', '2016-10-25 14:32:55', 'c8df68d8-7f50-477b-8196-448a3cc9fe2d'),
 ('3', '3', 'en_us', 'We just installed Craft!', '<p>Craft is the CMS that’s powering Localhost. It’s beautiful, powerful, flexible, and easy-to-use, and it’s made by Pixel &amp; Tonic. We can’t wait to dive in and see what it’s capable of!</p><!--pagebreak--><p>This is even more captivating content, which you couldn’t see on the News index page because it was entered after a Page Break, and the News index template only likes to show the content on the first page.</p><p>Craft: a nice alternative to Word, if you’re making a website.</p>', NULL, NULL, NULL, NULL, NULL, NULL, NULL, NULL, NULL, NULL, NULL, NULL, NULL, NULL, NULL, NULL, NULL, NULL, NULL, NULL, NULL, NULL, NULL, NULL, NULL, NULL, NULL, NULL, NULL, NULL, NULL, NULL, NULL, NULL, NULL, NULL, NULL, NULL, NULL, NULL, NULL, NULL, NULL, '2016-06-12 21:58:16', '2016-06-12 21:58:16', 'bc7c339b-e4b8-4397-9a26-01ce711de3ce'),
 ('4', '4', 'en_us', 'Open-air Design', '<p>The LAB has an elegant, modern open-air design making it easy to set up in any type of venue. There are no constraints and no extra clutter. Whether you’re a posing solo or with a group, there is ample space for up to 20 guests to get an effortlessly perfect shot</p>', NULL, NULL, NULL, NULL, NULL, NULL, NULL, NULL, NULL, NULL, NULL, NULL, NULL, NULL, NULL, NULL, NULL, NULL, NULL, NULL, NULL, NULL, NULL, NULL, NULL, NULL, NULL, NULL, NULL, NULL, NULL, NULL, NULL, NULL, NULL, NULL, NULL, NULL, NULL, NULL, NULL, NULL, NULL, '2016-06-14 03:50:41', '2016-06-14 03:50:41', '8f98bbf9-ab84-4ae0-8e5d-c32d59898e03'),
 ('5', '5', 'en_us', 'Studio Quality Camera', '<p>It wouldn’t be fair to get dolled up just to get a bad picture in return. The LAB is equipped with innovative photographic technology and professional lighting that ensure highest quality images every time.</p>', NULL, NULL, NULL, NULL, NULL, NULL, NULL, NULL, NULL, NULL, NULL, NULL, NULL, NULL, NULL, NULL, NULL, NULL, NULL, NULL, NULL, NULL, NULL, NULL, NULL, NULL, NULL, NULL, NULL, NULL, NULL, NULL, NULL, NULL, NULL, NULL, NULL, NULL, NULL, NULL, NULL, NULL, NULL, '2016-06-14 03:51:08', '2016-06-14 03:51:08', '608e41b4-45c3-4488-8e62-2e009dbdfbc8'),
 ('6', '6', 'en_us', 'Snap & Share', '<p>We know once you get that killer shot, you’re going to want everyone to see it. Share and send your picture directly to your social media pages or via email or text instantly with our convenient and super easy touchscreen technology. </p>', NULL, NULL, NULL, NULL, NULL, NULL, NULL, NULL, NULL, NULL, NULL, NULL, NULL, NULL, NULL, NULL, NULL, NULL, NULL, NULL, NULL, NULL, NULL, NULL, NULL, NULL, NULL, NULL, NULL, NULL, NULL, NULL, NULL, NULL, NULL, NULL, NULL, NULL, NULL, NULL, NULL, NULL, NULL, '2016-06-14 03:51:50', '2016-06-14 03:51:50', '25c6d1b4-985c-4977-8318-e44336a4cfe8'),
 ('7', '7', 'en_us', 'The Perfect Keepsake', '<p>Every photo is customizable to commemorate the occasion. Choose from an assortment of photo sizes customized with frames, company logos, event graphics and more. The possibilities are endless to transform your pictures into an ultimate celebration souvenir.</p>', NULL, NULL, NULL, NULL, NULL, NULL, NULL, NULL, NULL, NULL, NULL, NULL, NULL, NULL, NULL, NULL, NULL, NULL, NULL, NULL, NULL, NULL, NULL, NULL, NULL, NULL, NULL, NULL, NULL, NULL, NULL, NULL, NULL, NULL, NULL, NULL, NULL, NULL, NULL, NULL, NULL, NULL, NULL, '2016-06-14 03:52:08', '2016-06-14 03:52:08', '8dac105d-cf81-442e-9785-530bd2de8f0b'),
 ('8', '8', 'en_us', 'Empty   ', '', NULL, NULL, NULL, NULL, NULL, NULL, NULL, NULL, NULL, NULL, NULL, NULL, NULL, NULL, NULL, NULL, NULL, NULL, 'text-white', NULL, NULL, NULL, NULL, NULL, NULL, NULL, NULL, NULL, NULL, NULL, NULL, NULL, NULL, NULL, NULL, NULL, NULL, NULL, NULL, NULL, NULL, NULL, NULL, '2016-06-14 03:55:13', '2016-09-18 17:55:13', '5a4d2e15-c25d-42ed-8291-edfd9b5f2c7f'),
 ('9', '9', 'en_us', 'We\'ve got your back(drop)', '<p>The backdrop is the canvas on which the perfect pictures are created. Our assortment of backgrounds come in an array of different colors and patterns to compliment the excitement of your celebration. Do you need a backdrop of a ship for a bon voyage party or other party themes? Let us know what you would like and we’ll make it happen!</p>\n\n<p>Scroll to the left or right to view some of our favorites. </p>', NULL, NULL, NULL, NULL, NULL, NULL, NULL, NULL, NULL, NULL, NULL, NULL, NULL, NULL, NULL, NULL, NULL, NULL, 'text-black', NULL, NULL, NULL, NULL, NULL, NULL, NULL, NULL, NULL, NULL, NULL, NULL, NULL, NULL, NULL, NULL, NULL, NULL, NULL, NULL, NULL, NULL, NULL, NULL, '2016-06-14 03:55:34', '2016-09-23 06:30:38', '2bf452f5-9522-4dcb-b785-d5548d29303c'),
 ('10', '10', 'en_us', 'The UPTOWN', '<p>No time for prints? The social both allows you to instantly send your picture to yourself via text/email or share with your friends posting your picture directly to your social media page right from the booth! </p>\n\n<ul><li>2 hours of LAB time</li><li>1 LAB assistant</li><li>Personalized photo design</li><li>Online Facebook gallery</li><li>Social media integration </li></ul><p>$550</p>', NULL, NULL, NULL, NULL, NULL, NULL, NULL, NULL, NULL, NULL, NULL, NULL, NULL, NULL, NULL, NULL, NULL, NULL, NULL, NULL, NULL, NULL, NULL, NULL, NULL, NULL, NULL, NULL, NULL, NULL, NULL, NULL, NULL, NULL, NULL, NULL, NULL, NULL, NULL, NULL, NULL, NULL, NULL, '2016-06-14 03:57:20', '2016-09-12 01:14:16', '83651aa1-c54d-4b77-828a-2604dfbfae92'),
 ('11', '11', 'en_us', 'The GROVE', '<p>Two full hours with the booth, a beautiful backdrop and a LAB assistant to help you through. Your guests are sure to be entertained and they will be leaving with a personalized keepsake from your event.</p>\n\n<ul><li>2 hours of LAB time</li><li>1 LAB assistant</li><li>Standard backdrop</li><li>Personalized photo design</li><li>Unlimited 1 print per setting</li></ul><p>$700<br /></p>', NULL, NULL, NULL, NULL, NULL, NULL, NULL, NULL, NULL, NULL, NULL, NULL, NULL, NULL, NULL, NULL, NULL, NULL, NULL, NULL, NULL, NULL, NULL, NULL, NULL, NULL, NULL, NULL, NULL, NULL, NULL, NULL, NULL, NULL, NULL, NULL, NULL, NULL, NULL, NULL, NULL, NULL, NULL, '2016-06-14 03:58:26', '2017-04-27 13:52:38', '82895417-2ece-412d-9fe9-3523d6747a54'),
 ('12', '12', 'en_us', 'The KESSLER', '<p>This has been the option for many happy clients – in addition to your backdrop selection, additional print per sitting, your guest will enjoy digging into the PropShop to truly customize their shot. For three hours The LAB is yours to capture all your event memories!</p>\n\n<ul><li>3 hours of LAB time</li><li>2 LAB assistants</li><li>Standard backdrop </li><li>Standard PropShop</li><li>Personalized photo design</li><li>Unlimited 2 prints per setting</li><li>Online Facebook gallery</li><li>Social media integration</li></ul><p>$900<br /></p>', NULL, NULL, NULL, NULL, NULL, NULL, NULL, NULL, NULL, NULL, NULL, NULL, NULL, NULL, NULL, NULL, NULL, NULL, NULL, NULL, NULL, NULL, NULL, NULL, NULL, NULL, NULL, NULL, NULL, NULL, NULL, NULL, NULL, NULL, NULL, NULL, NULL, NULL, NULL, NULL, NULL, NULL, NULL, '2016-06-14 03:59:53', '2016-09-12 01:13:25', 'bc056a5a-a522-4135-bd82-016f6a86d61c'),
 ('13', '13', 'en_us', 'The CLIFF', '<p>Keep your guest coming back for more with four full hours with The LAB, two LAB assistants, a premium backdrop and custom props from the PropShop.  Plus, your guest will have the option to print the keepsake and use the social kiosk to share a copy friends on their Facebook or Twitter page. <br /></p>\n\n<ul><li>4 hours of LAB time </li><li>2 LAB assistants </li><li>Premium backdrop  </li><li>Custom PropShop</li><li>Personalized photo design </li><li>Unlimited </li><li>Online Facebook gallery </li><li>Social media integration </li><li>Social media kiosk </li></ul><p>$1350</p>', NULL, NULL, NULL, NULL, NULL, NULL, NULL, NULL, NULL, NULL, NULL, NULL, NULL, NULL, NULL, NULL, NULL, NULL, NULL, NULL, NULL, NULL, NULL, NULL, NULL, NULL, NULL, NULL, NULL, NULL, NULL, NULL, NULL, NULL, NULL, NULL, NULL, NULL, NULL, NULL, NULL, NULL, NULL, '2016-06-14 04:00:57', '2016-09-12 01:12:25', 'b2eed1b2-c46c-4715-ba61-01d22525116c'),
 ('14', '14', 'en_us', 'HEADSHOTS', '<p>Are your employees using selfies and Instagram-filtered pictures for their professional headshots? The LAB is now available for headshots. You’ll get six headshots each for up to 35 employees – with additional employees for $25 a person. We provide you with a white backdrop, a LAB assistant, and digital copies of every image. You provide the professionalism – or goofiness! After all it’s your headshot</p><p>$800</p>', NULL, NULL, NULL, NULL, NULL, NULL, NULL, NULL, NULL, NULL, NULL, NULL, NULL, NULL, NULL, NULL, NULL, NULL, NULL, NULL, NULL, NULL, NULL, NULL, NULL, NULL, NULL, NULL, NULL, NULL, NULL, NULL, NULL, NULL, NULL, NULL, NULL, NULL, NULL, NULL, NULL, NULL, NULL, '2016-06-14 04:01:31', '2016-06-14 04:01:31', '72418d53-9aff-43c3-b636-2b6624413676'),
 ('15', '15', 'en_us', NULL, NULL, NULL, NULL, NULL, NULL, NULL, NULL, NULL, NULL, NULL, NULL, NULL, NULL, NULL, NULL, NULL, NULL, NULL, NULL, NULL, NULL, NULL, NULL, NULL, NULL, NULL, NULL, NULL, NULL, NULL, NULL, NULL, NULL, NULL, NULL, NULL, NULL, NULL, NULL, NULL, NULL, NULL, NULL, NULL, '2016-06-30 03:58:22', '2016-06-30 03:59:58', 'ef4d249a-4f61-4539-ae3e-0cd1c08ce390'),
 ('16', '16', 'en_us', NULL, NULL, NULL, NULL, NULL, NULL, NULL, NULL, NULL, NULL, NULL, NULL, NULL, NULL, NULL, 'https://www.facebook.com/eventsbythelab', ' https://twitter.com/labphotobooth', 'https://www.instagram.com/labphotobooth/', 'https://www.pinterest.com/labphotobooth/', NULL, NULL, NULL, NULL, NULL, NULL, NULL, NULL, NULL, NULL, NULL, NULL, NULL, NULL, NULL, NULL, NULL, NULL, NULL, NULL, NULL, NULL, NULL, NULL, NULL, NULL, '2016-07-03 18:06:22', '2016-09-09 19:37:23', '7edfb81f-f4f9-41ad-8e0a-8567d243cfec'),
 ('17', '17', 'en_us', 'Backgrounds', NULL, NULL, NULL, NULL, NULL, NULL, NULL, NULL, NULL, NULL, NULL, NULL, NULL, NULL, NULL, NULL, NULL, NULL, NULL, NULL, NULL, NULL, NULL, NULL, NULL, NULL, NULL, NULL, NULL, NULL, NULL, NULL, NULL, NULL, NULL, NULL, NULL, NULL, NULL, NULL, NULL, NULL, NULL, NULL, '2016-08-05 03:35:41', '2016-08-26 15:56:48', 'b6f7a3f3-1f6f-46e2-948b-d4fbc9597063'),
 ('18', '18', 'en_us', 'Welcome Background 1', NULL, NULL, NULL, NULL, NULL, NULL, NULL, NULL, NULL, NULL, NULL, NULL, NULL, NULL, NULL, NULL, NULL, NULL, NULL, NULL, NULL, NULL, NULL, NULL, NULL, NULL, NULL, NULL, NULL, NULL, NULL, NULL, NULL, NULL, NULL, NULL, NULL, NULL, NULL, NULL, NULL, NULL, NULL, NULL, '2016-08-26 15:40:21', '2016-08-26 15:40:21', '2395219b-05d2-4820-b8cc-1937782694fb'),
 ('19', '19', 'en_us', 'Green Burst', NULL, NULL, NULL, NULL, NULL, NULL, NULL, NULL, NULL, NULL, NULL, NULL, NULL, NULL, NULL, NULL, NULL, NULL, NULL, NULL, NULL, NULL, NULL, NULL, NULL, NULL, NULL, NULL, NULL, NULL, NULL, NULL, NULL, NULL, NULL, NULL, NULL, NULL, NULL, NULL, NULL, NULL, NULL, NULL, '2016-08-26 15:50:58', '2016-08-26 15:50:58', '8bf64f56-eca3-48af-b1f5-5355a6630156'),
 ('20', '20', 'en_us', 'Props Background 1', NULL, NULL, NULL, NULL, NULL, NULL, NULL, NULL, NULL, NULL, NULL, NULL, NULL, NULL, NULL, NULL, NULL, NULL, NULL, NULL, NULL, NULL, NULL, NULL, NULL, NULL, NULL, NULL, NULL, NULL, NULL, NULL, NULL, NULL, NULL, NULL, NULL, NULL, NULL, NULL, NULL, NULL, NULL, NULL, '2016-08-26 15:52:31', '2016-08-26 15:52:31', 'e908e3ba-cc88-4a72-82d8-c492db6ce2a0'),
 ('21', '21', 'en_us', 'Getty Images 86082558', NULL, NULL, NULL, NULL, NULL, NULL, NULL, NULL, NULL, NULL, NULL, NULL, NULL, NULL, NULL, NULL, NULL, NULL, NULL, NULL, NULL, NULL, NULL, NULL, NULL, NULL, NULL, NULL, NULL, NULL, NULL, NULL, NULL, NULL, NULL, NULL, NULL, NULL, NULL, NULL, NULL, NULL, NULL, NULL, '2016-08-26 15:56:19', '2016-08-26 15:56:19', '1adaa076-765e-4c90-8114-1515995c6125'),
 ('22', '22', 'en_us', 'Icons Logo Veritcal', NULL, NULL, NULL, NULL, NULL, NULL, NULL, NULL, NULL, NULL, NULL, NULL, NULL, NULL, NULL, NULL, NULL, NULL, NULL, NULL, NULL, NULL, NULL, NULL, NULL, NULL, NULL, NULL, NULL, NULL, NULL, NULL, NULL, NULL, NULL, NULL, NULL, NULL, NULL, NULL, NULL, NULL, NULL, NULL, '2016-08-31 01:20:49', '2016-08-31 01:20:49', '4757da63-671f-4018-b004-7ed45b8c9999'),
 ('23', '23', 'en_us', 'Long Pattern', NULL, NULL, NULL, NULL, NULL, NULL, NULL, NULL, NULL, NULL, NULL, NULL, NULL, NULL, NULL, NULL, NULL, NULL, NULL, NULL, NULL, NULL, NULL, NULL, NULL, NULL, NULL, NULL, NULL, NULL, NULL, NULL, NULL, NULL, NULL, NULL, NULL, NULL, NULL, NULL, NULL, NULL, NULL, NULL, '2016-08-31 01:22:41', '2016-08-31 01:22:41', 'ec87d0ae-7b15-4ee0-85da-4ee3ff8ad388'),
 ('24', '24', 'en_us', 'FAQ', '<p>We’ve taken some of the most asked questions about The LAB and listed them here. <a href=\"/#contact\">Give us a shout</a> if we missed anything!</p>', NULL, NULL, NULL, NULL, NULL, 'Frequently Asked Questions', NULL, NULL, NULL, NULL, NULL, NULL, NULL, NULL, NULL, NULL, NULL, NULL, NULL, NULL, NULL, NULL, NULL, NULL, NULL, NULL, NULL, NULL, NULL, NULL, NULL, NULL, NULL, NULL, NULL, NULL, NULL, NULL, NULL, NULL, NULL, NULL, NULL, '2016-09-02 19:42:16', '2016-09-14 16:39:16', '014136ce-e563-4c8a-be5e-30908e107103'),
 ('25', '25', 'en_us', 'How does the booth actually work? ', '<p>We’re so glad you asked! When you’re ready to take a pic, just step up to the booth to get started. \n\n  </p>\n\n<p>Feel free to sort through our plethora of props and let the good times roll. You’ll be able to see yourself live on our screen and it’s as easy as pose, snap, repeat.</p>\n\n<p> After you’re done, pick up your printed keepsake and share on social media.</p>\n\n<p> That’s it! Pretty simple. Remember, there will be a LAB assistant available to help you every snap of the way!</p>', NULL, NULL, NULL, NULL, NULL, NULL, NULL, NULL, NULL, NULL, NULL, NULL, NULL, NULL, NULL, NULL, NULL, NULL, NULL, NULL, NULL, NULL, NULL, NULL, NULL, NULL, NULL, NULL, NULL, NULL, NULL, NULL, NULL, NULL, NULL, NULL, NULL, NULL, NULL, NULL, NULL, NULL, NULL, '2016-09-02 19:44:55', '2016-09-12 06:30:14', '19ede972-7759-487d-9e8f-fac47be9b906'),
 ('26', '26', 'en_us', 'What does open-air mean? ', '<p>Open-air means that the days of cramming into a photo booth are over! \n\n  </p>\n\n<p>There are no constraints and no extra clutter. The LAB gives you ample space to shine in a solo picture or pack in the fun with a group picture of 20 (or more) guests to get an effortlessly perfect shot.</p>', NULL, NULL, NULL, NULL, NULL, NULL, NULL, NULL, NULL, NULL, NULL, NULL, NULL, NULL, NULL, NULL, NULL, NULL, NULL, NULL, NULL, NULL, NULL, NULL, NULL, NULL, NULL, NULL, NULL, NULL, NULL, NULL, NULL, NULL, NULL, NULL, NULL, NULL, NULL, NULL, NULL, NULL, NULL, '2016-09-02 19:45:47', '2016-09-12 06:28:46', '81f38760-d3aa-49cc-8bca-88a139f40386'),
 ('27', '31', 'en_us', 'How do I make sure The LAB is a hit with my guest? ', '<p>Three words.\n\n  </p>\n\n<p>LOCATION – Make sure that the booth is going to be visible and accessible to all of the guests. The LAB is a natural attention grabber and by putting your booth in a prominent location, you’re guaranteed to get optimum interaction from guests.</p>\n\n<p>NOTIFICATION – Spread the word that The LAB will be in the building! Include information on invitations, use signage or good ‘ol word of mouth to direct your guests to snap a few pictures in the booth.</p>\n\n<p>PERSONALIZATION – It’s your party, you should have what you want to! Your booth should be a representation of you at all times. Choose props, background and other decorations that reflects the energy of your event and gets guests amped up to hop in and start snapping.</p>', NULL, NULL, NULL, NULL, NULL, NULL, NULL, NULL, NULL, NULL, NULL, NULL, NULL, NULL, NULL, NULL, NULL, NULL, NULL, NULL, NULL, NULL, NULL, NULL, NULL, NULL, NULL, NULL, NULL, NULL, NULL, NULL, NULL, NULL, NULL, NULL, NULL, NULL, NULL, NULL, NULL, NULL, NULL, '2016-09-12 06:35:27', '2016-09-12 06:35:27', '9f16b9e7-2f3f-40ca-84b3-1c78aec6a731'),
 ('28', '32', 'en_us', 'How long is setup time for The LAB ? Who sets it up? ', '<p>Setups take approx. one (1) hour and all setting up of The LAB is done by a LAB assistant.</p>', NULL, NULL, NULL, NULL, NULL, NULL, NULL, NULL, NULL, NULL, NULL, NULL, NULL, NULL, NULL, NULL, NULL, NULL, NULL, NULL, NULL, NULL, NULL, NULL, NULL, NULL, NULL, NULL, NULL, NULL, NULL, NULL, NULL, NULL, NULL, NULL, NULL, NULL, NULL, NULL, NULL, NULL, NULL, '2016-09-12 06:37:04', '2016-09-12 06:37:04', '450c4aa5-b499-4df8-9f28-529b006b91bd'),
 ('29', '33', 'en_us', 'What is a LAB assistant?', '<p>A LAB assistant is one of our designated representatives responsible for assembling and disassembling The LAB equipment and helping out with pictures during your event. Feel free to ask them for assistance during photo sessions and any other questions you have. That’s what they’re here for!<br /></p>', NULL, NULL, NULL, NULL, NULL, NULL, NULL, NULL, NULL, NULL, NULL, NULL, NULL, NULL, NULL, NULL, NULL, NULL, NULL, NULL, NULL, NULL, NULL, NULL, NULL, NULL, NULL, NULL, NULL, NULL, NULL, NULL, NULL, NULL, NULL, NULL, NULL, NULL, NULL, NULL, NULL, NULL, NULL, '2016-09-12 06:39:25', '2016-09-12 06:39:25', '270a0c45-1354-4a25-92ca-561f43640b64'),
 ('30', '34', 'en_us', 'How long can we book The LAB?', '<p>The LAB\'s minimum hire time is 2 hours, great for events with less than 120 party people. Should you have more guests, we suggest adding an additional hour per every 60 guests.</p>', NULL, NULL, NULL, NULL, NULL, NULL, NULL, NULL, NULL, NULL, NULL, NULL, NULL, NULL, NULL, NULL, NULL, NULL, NULL, NULL, NULL, NULL, NULL, NULL, NULL, NULL, NULL, NULL, NULL, NULL, NULL, NULL, NULL, NULL, NULL, NULL, NULL, NULL, NULL, NULL, NULL, NULL, NULL, '2016-09-12 06:40:13', '2016-09-12 06:40:13', '98f7aecb-3ef5-444c-aeac-e76ffda5984f'),
 ('31', '35', 'en_us', 'Do you have professional liability insurance? ', '<p>Absolutely. Don’t worry, we’re covered!</p>', NULL, NULL, NULL, NULL, NULL, NULL, NULL, NULL, NULL, NULL, NULL, NULL, NULL, NULL, NULL, NULL, NULL, NULL, NULL, NULL, NULL, NULL, NULL, NULL, NULL, NULL, NULL, NULL, NULL, NULL, NULL, NULL, NULL, NULL, NULL, NULL, NULL, NULL, NULL, NULL, NULL, NULL, NULL, '2016-09-12 06:40:37', '2016-09-12 06:40:37', '7dbff336-8844-4e5d-b46d-985bf062c442'),
 ('32', '36', 'en_us', 'Where can we see sample backdrop, props and photo card designs? ', '<p>We knew you’d ask that! We’ve got galleries of pictures for the most common occasions for you to see. Visit our gallery page here.</p>', NULL, NULL, NULL, NULL, NULL, NULL, NULL, NULL, NULL, NULL, NULL, NULL, NULL, NULL, NULL, NULL, NULL, NULL, NULL, NULL, NULL, NULL, NULL, NULL, NULL, NULL, NULL, NULL, NULL, NULL, NULL, NULL, NULL, NULL, NULL, NULL, NULL, NULL, NULL, NULL, NULL, NULL, NULL, '2016-09-12 06:41:02', '2016-09-12 06:41:02', 'bf6ef26b-d66a-462f-8f28-395e166c0a1d'),
 ('33', '37', 'en_us', 'What quality are The LAB prints and how long do they take to print? ', '<p>We use professional dye-sublimation printers that produce smudge-free prints in about 10 seconds on thick, robust paper. These will live for a long, long time on a fridge, cork board or in your scrapbook album.<br /></p>', NULL, NULL, NULL, NULL, NULL, NULL, NULL, NULL, NULL, NULL, NULL, NULL, NULL, NULL, NULL, NULL, NULL, NULL, NULL, NULL, NULL, NULL, NULL, NULL, NULL, NULL, NULL, NULL, NULL, NULL, NULL, NULL, NULL, NULL, NULL, NULL, NULL, NULL, NULL, NULL, NULL, NULL, NULL, '2016-09-12 06:42:00', '2016-09-12 06:42:00', '10e0eb0d-5310-41d8-911f-3fcc25a0607e'),
 ('34', '38', 'en_us', 'What space or logistical considerations are required? Do I need to provide anything?', '<p>All The LAB needs for setup is an area that’s 10 feet wide, 10 feet deep and 10 feet tall to ensure we have tons of room for a prop tables and all the guests ready to get some camera time. In addition, we request an unobstructed power source within 25′ of The LAB booth, and a good Wi-Fi connection for uploading pics to social media. You don\'t have to do anything!</p>', NULL, NULL, NULL, NULL, NULL, NULL, NULL, NULL, NULL, NULL, NULL, NULL, NULL, NULL, NULL, NULL, NULL, NULL, NULL, NULL, NULL, NULL, NULL, NULL, NULL, NULL, NULL, NULL, NULL, NULL, NULL, NULL, NULL, NULL, NULL, NULL, NULL, NULL, NULL, NULL, NULL, NULL, NULL, '2016-09-12 06:47:25', '2016-09-12 06:47:25', 'ba0f685c-d686-4a68-8bce-185a85aa5281'),
 ('35', '39', 'en_us', 'What is the payment schedule and refund policy?', '<p>Bookings are first come, first served and require a signed contract and deposit to reserve your date.\n\n  </p>\n\n<p>If the client wishes to cancel the booking sixty days before the event date, then the client is eligible for a full refund. An e-mail notification must be sent to saycheese@eventsbythelab.com sixty days before the event. The full amount paid will be credited back onto the client’s account where he/she paid the deposit.</p>', NULL, NULL, NULL, NULL, NULL, NULL, NULL, NULL, NULL, NULL, NULL, NULL, NULL, NULL, NULL, NULL, NULL, NULL, NULL, NULL, NULL, NULL, NULL, NULL, NULL, NULL, NULL, NULL, NULL, NULL, NULL, NULL, NULL, NULL, NULL, NULL, NULL, NULL, NULL, NULL, NULL, NULL, NULL, '2016-09-12 06:48:28', '2016-09-12 06:48:28', '018f3ca2-704e-49df-bf29-ca278a37daf0'),
 ('36', '40', 'en_us', 'What type of events can The LAB be at? ', '<p>You name it and The LAB is there! </p><p>We’ll bring The LAB to pretty much every party, as long as we’re all on the up-and-up and everything is legal. Corporate events, parties, proms, quinceaneras, bridal/baby shower, bar &amp; bat mitzvahs, charity events -- we got this. You got something else up your sleeve? Shoot us a message.</p>', NULL, NULL, NULL, NULL, NULL, NULL, NULL, NULL, NULL, NULL, NULL, NULL, NULL, NULL, NULL, NULL, NULL, NULL, NULL, NULL, NULL, NULL, NULL, NULL, NULL, NULL, NULL, NULL, NULL, NULL, NULL, NULL, NULL, NULL, NULL, NULL, NULL, NULL, NULL, NULL, NULL, NULL, NULL, '2016-09-12 06:49:03', '2016-09-12 06:49:03', '60f1d7f6-a01f-4fe5-99a7-25c4b3e00605'),
 ('37', '48', 'en_us', 'Backdrop Slide2', NULL, NULL, NULL, NULL, NULL, NULL, NULL, NULL, NULL, NULL, NULL, NULL, NULL, NULL, NULL, NULL, NULL, NULL, NULL, NULL, NULL, NULL, NULL, NULL, NULL, NULL, NULL, NULL, NULL, NULL, NULL, NULL, NULL, NULL, NULL, NULL, NULL, NULL, NULL, NULL, NULL, NULL, NULL, NULL, '2016-09-18 17:55:09', '2016-09-18 17:55:09', '5ad99a06-cf80-4e28-93f6-5ce8a2c7bdaa'),
 ('38', '49', 'en_us', 'Backdrop Slide3', NULL, NULL, NULL, NULL, NULL, NULL, NULL, NULL, NULL, NULL, NULL, NULL, NULL, NULL, NULL, NULL, NULL, NULL, NULL, NULL, NULL, NULL, NULL, NULL, NULL, NULL, NULL, NULL, NULL, NULL, NULL, NULL, NULL, NULL, NULL, NULL, NULL, NULL, NULL, NULL, NULL, NULL, NULL, NULL, '2016-09-18 17:55:29', '2016-09-18 17:55:29', '08c1c01e-c1a9-4ba6-89c1-de4f5d724dac'),
 ('39', '50', 'en_us', 'Slide 3', '', NULL, NULL, NULL, NULL, NULL, NULL, NULL, NULL, NULL, NULL, NULL, NULL, NULL, NULL, NULL, NULL, NULL, NULL, '', NULL, NULL, NULL, NULL, NULL, NULL, NULL, NULL, NULL, NULL, NULL, NULL, NULL, NULL, NULL, NULL, NULL, NULL, NULL, NULL, NULL, NULL, NULL, NULL, '2016-09-18 17:55:34', '2016-09-18 17:55:34', 'aaa5a11f-d816-4ef7-9b3b-92db19e42576'),
 ('40', '51', 'en_us', NULL, NULL, NULL, NULL, NULL, NULL, NULL, NULL, NULL, NULL, NULL, NULL, NULL, NULL, NULL, NULL, NULL, NULL, NULL, NULL, NULL, NULL, NULL, NULL, NULL, NULL, NULL, NULL, NULL, NULL, NULL, NULL, NULL, NULL, NULL, NULL, NULL, NULL, NULL, NULL, NULL, NULL, NULL, NULL, NULL, '2016-09-23 16:54:02', '2016-10-12 03:20:33', 'bfcf1721-d604-445d-98de-20537f2f72a8'),
 ('41', '133', 'en_us', 'Galleries', NULL, NULL, NULL, NULL, NULL, NULL, NULL, NULL, NULL, NULL, NULL, NULL, NULL, NULL, NULL, NULL, NULL, NULL, NULL, NULL, NULL, NULL, NULL, NULL, NULL, NULL, NULL, NULL, NULL, NULL, NULL, NULL, NULL, NULL, NULL, NULL, NULL, NULL, NULL, 'FACEBOOK photos', 'private galleries', 'view past events or find yours\r\nby selecting an option below', 'https://www.facebook.com/eventsbythelab', 'https://www.pinterest.com/labphotobooth/', '2017-07-28 03:42:02', '2017-08-02 04:15:03', '9efaa0cb-b8e7-4095-83e8-988bb4c5a848'),
 ('42', '135', 'en_us', 'Left Onhover', NULL, NULL, NULL, NULL, NULL, NULL, NULL, NULL, NULL, NULL, NULL, NULL, NULL, NULL, NULL, NULL, NULL, NULL, NULL, NULL, NULL, NULL, NULL, NULL, NULL, NULL, NULL, NULL, NULL, NULL, NULL, NULL, NULL, NULL, NULL, NULL, NULL, NULL, NULL, NULL, NULL, NULL, NULL, NULL, '2017-08-02 04:14:12', '2017-08-02 04:14:12', 'daf9ab6e-ea22-442b-9866-cebf8f538db5'),
 ('43', '136', 'en_us', 'Right Onhover', NULL, NULL, NULL, NULL, NULL, NULL, NULL, NULL, NULL, NULL, NULL, NULL, NULL, NULL, NULL, NULL, NULL, NULL, NULL, NULL, NULL, NULL, NULL, NULL, NULL, NULL, NULL, NULL, NULL, NULL, NULL, NULL, NULL, NULL, NULL, NULL, NULL, NULL, NULL, NULL, NULL, NULL, NULL, NULL, '2017-08-02 04:14:13', '2017-08-02 04:14:13', '52de6623-00da-4b3a-a317-c6d3093604c0');



DROP TABLE IF EXISTS `craft_deprecationerrors`;


--
-- Schema for table `craft_deprecationerrors`
--
CREATE TABLE `craft_deprecationerrors` (
  `id` int(11) NOT NULL AUTO_INCREMENT,
  `key` varchar(255) COLLATE utf8_unicode_ci NOT NULL,
  `fingerprint` varchar(255) COLLATE utf8_unicode_ci NOT NULL,
  `lastOccurrence` datetime NOT NULL,
  `file` varchar(255) COLLATE utf8_unicode_ci NOT NULL,
  `line` smallint(6) unsigned NOT NULL,
  `class` varchar(255) COLLATE utf8_unicode_ci DEFAULT NULL,
  `method` varchar(255) COLLATE utf8_unicode_ci DEFAULT NULL,
  `template` varchar(255) COLLATE utf8_unicode_ci DEFAULT NULL,
  `templateLine` smallint(6) unsigned DEFAULT NULL,
  `message` varchar(255) COLLATE utf8_unicode_ci DEFAULT NULL,
  `traces` text COLLATE utf8_unicode_ci,
  `dateCreated` datetime NOT NULL,
  `dateUpdated` datetime NOT NULL,
  `uid` char(36) COLLATE utf8_unicode_ci NOT NULL DEFAULT '0',
  PRIMARY KEY (`id`),
  UNIQUE KEY `craft_deprecationerrors_key_fingerprint_unq_idx` (`key`,`fingerprint`)
) ENGINE=InnoDB DEFAULT CHARSET=utf8 COLLATE=utf8_unicode_ci;

DROP TABLE IF EXISTS `craft_elementindexsettings`;


--
-- Schema for table `craft_elementindexsettings`
--
CREATE TABLE `craft_elementindexsettings` (
  `id` int(11) NOT NULL AUTO_INCREMENT,
  `type` varchar(150) COLLATE utf8_unicode_ci NOT NULL,
  `settings` text COLLATE utf8_unicode_ci,
  `dateCreated` datetime NOT NULL,
  `dateUpdated` datetime NOT NULL,
  `uid` char(36) COLLATE utf8_unicode_ci NOT NULL DEFAULT '0',
  PRIMARY KEY (`id`),
  UNIQUE KEY `craft_elementindexsettings_type_unq_idx` (`type`)
) ENGINE=InnoDB DEFAULT CHARSET=utf8 COLLATE=utf8_unicode_ci;

DROP TABLE IF EXISTS `craft_elements`;


--
-- Schema for table `craft_elements`
--
CREATE TABLE `craft_elements` (
  `id` int(11) NOT NULL AUTO_INCREMENT,
  `type` varchar(150) COLLATE utf8_unicode_ci NOT NULL,
  `enabled` tinyint(1) unsigned NOT NULL DEFAULT '1',
  `archived` tinyint(1) unsigned NOT NULL DEFAULT '0',
  `dateCreated` datetime NOT NULL,
  `dateUpdated` datetime NOT NULL,
  `uid` char(36) COLLATE utf8_unicode_ci NOT NULL DEFAULT '0',
  PRIMARY KEY (`id`),
  KEY `craft_elements_type_idx` (`type`),
  KEY `craft_elements_enabled_idx` (`enabled`),
  KEY `craft_elements_archived_dateCreated_idx` (`archived`,`dateCreated`)
) ENGINE=InnoDB AUTO_INCREMENT=137 DEFAULT CHARSET=utf8 COLLATE=utf8_unicode_ci;

--
-- Data for table `craft_elements`
--

INSERT INTO `craft_elements` (`id`, `type`, `enabled`, `archived`, `dateCreated`, `dateUpdated`, `uid`) VALUES
 ('1', 'User', '1', '0', '2016-06-12 21:58:15', '2016-06-12 21:58:15', 'db6af7e3-81cb-4124-bfee-ad55c2ffdaa3'),
 ('2', 'Entry', '1', '0', '2016-06-12 21:58:16', '2016-10-25 14:32:55', 'c4ca1ad7-f7b2-4f9c-9ba2-a2f5ef8dfbbb'),
 ('3', 'Entry', '1', '0', '2016-06-12 21:58:16', '2016-06-12 21:58:16', '28520134-e3bc-4709-a1a7-a45b1d11f0c1'),
 ('4', 'Entry', '1', '0', '2016-06-14 03:50:41', '2016-06-14 03:50:41', '57279f75-222f-4339-90b6-22c988b030c0'),
 ('5', 'Entry', '1', '0', '2016-06-14 03:51:08', '2016-06-14 03:51:08', '2acfab25-66d3-48d9-baca-314f832e06eb'),
 ('6', 'Entry', '1', '0', '2016-06-14 03:51:50', '2016-06-14 03:51:50', 'efdd8858-dcf5-4de1-bb0f-64645951af58'),
 ('7', 'Entry', '1', '0', '2016-06-14 03:52:08', '2016-06-14 03:52:08', '7103d99b-05a6-448b-ba81-a8d3a9fdb8e3'),
 ('8', 'Entry', '1', '0', '2016-06-14 03:55:13', '2016-09-18 17:55:13', 'd603eef7-5757-4487-82a0-70856c2e2eb8'),
 ('9', 'Entry', '1', '0', '2016-06-14 03:55:34', '2016-09-23 06:30:38', '3b70c3aa-021b-47f6-a7b1-87065e80483a'),
 ('10', 'Entry', '1', '0', '2016-06-14 03:57:20', '2016-09-12 01:14:16', 'aa6e0e44-9e41-4821-85e3-ba4c0dd30635'),
 ('11', 'Entry', '1', '0', '2016-06-14 03:58:26', '2017-04-27 13:52:38', '8aa91808-ef82-48d4-a46f-53ddc285de85'),
 ('12', 'Entry', '1', '0', '2016-06-14 03:59:53', '2016-09-12 01:13:25', '5ba67758-8841-4528-bc9f-2bb09cac7ec1'),
 ('13', 'Entry', '1', '0', '2016-06-14 04:00:57', '2016-09-12 01:12:25', 'b245ced9-db34-4357-8379-be55d742be51'),
 ('14', 'Entry', '1', '0', '2016-06-14 04:01:31', '2016-06-14 04:01:31', 'd50964ba-6f63-4be1-af37-7c2513e4cffe'),
 ('15', 'GlobalSet', '1', '0', '2016-06-30 03:58:22', '2016-06-30 03:59:58', '382ad374-a07e-4a2f-a335-c5a25c87b9d7'),
 ('16', 'GlobalSet', '1', '0', '2016-07-03 18:06:22', '2016-09-09 19:37:23', '5154ab87-d972-47bd-b7f4-8d8c6ebd4fdd'),
 ('17', 'Asset', '1', '0', '2016-08-05 03:35:41', '2016-08-26 15:56:48', 'e2f54589-af05-45b7-919b-a41823221e58'),
 ('18', 'Asset', '1', '0', '2016-08-26 15:40:21', '2016-08-26 15:40:21', '5e6645f9-d1c0-43ce-9097-ce2afa126315'),
 ('19', 'Asset', '1', '0', '2016-08-26 15:50:58', '2016-08-26 15:50:58', '047ff39a-2cd3-411f-b316-ef6e7d6dc84c'),
 ('20', 'Asset', '1', '0', '2016-08-26 15:52:31', '2016-08-26 15:52:31', 'd8deb6a6-54b5-45ea-94e9-bfede03311cb'),
 ('21', 'Asset', '1', '0', '2016-08-26 15:56:19', '2016-08-26 15:56:19', 'e6a9d75f-92cb-4168-b77e-1632570a8870'),
 ('22', 'Asset', '1', '0', '2016-08-31 01:20:49', '2016-08-31 01:20:49', '817ef1ee-534d-4f14-9d8f-8b96aac4c5ad'),
 ('23', 'Asset', '1', '0', '2016-08-31 01:22:41', '2016-08-31 01:22:41', '2d55605d-defe-4d18-90c7-dd60eef5d020'),
 ('24', 'Entry', '1', '0', '2016-09-02 19:42:16', '2016-09-14 16:39:16', '6eafa33b-6ad6-4674-a280-9ec145df3ef9'),
 ('25', 'Entry', '1', '0', '2016-09-02 19:44:55', '2016-09-12 06:30:14', '0f427d6b-eba0-469d-b974-9caebbdf43dd'),
 ('26', 'Entry', '1', '0', '2016-09-02 19:45:47', '2016-09-12 06:28:46', '9a66edd0-338b-4fed-8ee4-f0b3add06ca7'),
 ('27', 'FormBuilder2', '1', '0', '2016-09-07 22:07:50', '2016-09-07 22:07:50', 'f6bf291c-799d-4a88-92f4-71547a3c34a2'),
 ('28', 'FormBuilder2', '1', '0', '2016-09-07 22:15:37', '2016-09-07 22:15:37', 'bfce1041-f227-45fc-a10b-edbfb0027571'),
 ('29', 'FormBuilder2', '1', '0', '2016-09-08 15:15:00', '2016-09-08 15:15:00', '2882603d-96aa-4de9-993c-3c5fd3c9b683'),
 ('30', 'FormBuilder2', '1', '0', '2016-09-08 15:17:14', '2016-09-08 15:17:14', '330eb39c-2daf-439e-8f8a-a3b869d6e03d'),
 ('31', 'Entry', '1', '0', '2016-09-12 06:35:27', '2016-09-12 06:35:27', '71631812-6158-4b9b-87a2-56e3a3bb2762'),
 ('32', 'Entry', '1', '0', '2016-09-12 06:37:04', '2016-09-12 06:37:04', '298df158-aaba-4a86-b34c-1e100fd641f0'),
 ('33', 'Entry', '1', '0', '2016-09-12 06:39:25', '2016-09-12 06:39:25', '63ac6362-3370-47c4-8ada-cb7fd89cd25b'),
 ('34', 'Entry', '1', '0', '2016-09-12 06:40:13', '2016-09-12 06:40:13', '37ad8b02-fcce-4207-a040-2a53dea37452'),
 ('35', 'Entry', '1', '0', '2016-09-12 06:40:37', '2016-09-12 06:40:37', '9b3877a2-b8dd-48f1-a6b0-6760218a7a82'),
 ('36', 'Entry', '1', '0', '2016-09-12 06:41:02', '2016-09-12 06:41:02', 'ee4e09be-beaf-4a1c-bd72-5e742fed09d9'),
 ('37', 'Entry', '1', '0', '2016-09-12 06:42:00', '2016-09-12 06:42:00', '7acdefef-b143-4c24-b770-00deaf3d635d'),
 ('38', 'Entry', '1', '0', '2016-09-12 06:47:25', '2016-09-12 06:47:25', '545bbfd0-25cc-40f2-b573-ed9feaf83f13'),
 ('39', 'Entry', '1', '0', '2016-09-12 06:48:28', '2016-09-12 06:48:28', '406c9e63-89cd-44de-9eb5-0bbc4877550f'),
 ('40', 'Entry', '1', '0', '2016-09-12 06:49:03', '2016-09-12 06:49:03', '0f153093-cee0-4f56-86f6-357affdd3cfa'),
 ('41', 'FormBuilder2', '1', '0', '2016-09-12 16:34:04', '2016-09-12 16:34:04', '5585841c-eed6-4d42-b67e-af692d9df10e'),
 ('42', 'FormBuilder2', '1', '0', '2016-09-12 16:46:01', '2016-09-12 16:46:01', '4cdc94ef-2158-4ac7-97d5-de73fa2046ea'),
 ('43', 'FormBuilder2', '1', '0', '2016-09-12 16:50:25', '2016-09-12 16:50:25', 'b39f88c4-48bb-4711-89bd-2fa5b41df0d3'),
 ('44', 'FormBuilder2', '1', '0', '2016-09-12 17:56:32', '2016-09-12 17:56:32', '2dc56614-8b1a-472b-ba30-97d2d4615c78'),
 ('45', 'FormBuilder2', '1', '0', '2016-09-12 17:56:50', '2016-09-12 17:56:50', 'de574b45-dffd-471c-98fa-62ce4201a23b'),
 ('46', 'FormBuilder2', '1', '0', '2016-09-12 19:10:10', '2016-09-12 19:10:10', '175e2993-cfc6-45dd-89de-f4265a7b3058'),
 ('48', 'Asset', '1', '0', '2016-09-18 17:55:09', '2016-09-18 17:55:09', '78cf5d7b-8664-47a5-a2f9-136075f3032f'),
 ('49', 'Asset', '1', '0', '2016-09-18 17:55:29', '2016-09-18 17:55:29', '18419373-fad5-41fe-9f76-ba6e7c5b049f'),
 ('50', 'Entry', '1', '0', '2016-09-18 17:55:34', '2016-09-18 17:55:34', 'a52ef1fb-893a-4344-b0f3-49b98ebd0cc9'),
 ('51', 'User', '1', '0', '2016-09-23 16:54:02', '2016-10-12 03:20:33', 'd528205c-84c3-4da0-82ad-2e2ce974bf46'),
 ('52', 'FormBuilder2', '1', '0', '2016-10-05 20:12:55', '2016-10-05 20:12:55', '0718ff66-ce99-49dc-8aa3-690e93c76cfc'),
 ('53', 'FormBuilder2', '1', '0', '2016-10-11 00:53:36', '2016-10-11 00:53:36', 'f6e38783-1348-4d45-b0d7-cded18d713f4'),
 ('54', 'FormBuilder2', '1', '0', '2016-10-11 16:48:41', '2016-10-11 16:48:41', '42c7fd90-6643-4dd8-ac7a-adfcbb132e3b'),
 ('56', 'FormBuilder2', '1', '0', '2016-10-20 14:35:06', '2016-10-20 14:35:06', '3f5f9290-1b03-40a8-ac62-8fcc8f9e498e'),
 ('57', 'FormBuilder2', '1', '0', '2016-10-21 04:57:47', '2016-10-21 04:57:47', 'fa384a8e-e25f-4fb8-b5e8-03df1a46d979'),
 ('58', 'FormBuilder2', '1', '0', '2016-10-21 05:15:11', '2016-10-21 05:15:11', '5366634b-3c9f-4b38-be09-4c099e13eb3d'),
 ('59', 'FormBuilder2', '1', '0', '2016-12-01 03:56:41', '2016-12-01 03:56:41', '16db621b-b2c0-421d-9fc6-ddf066a93dd0'),
 ('60', 'FormBuilder2', '1', '0', '2016-12-01 03:56:42', '2016-12-01 03:56:42', '8b6faaec-9f17-4cef-b6ba-99b45bcc794a'),
 ('61', 'FormBuilder2', '1', '0', '2016-12-01 03:56:42', '2016-12-01 03:56:42', 'f62a380d-86d2-47ae-8491-b2760bb24c54'),
 ('62', 'FormBuilder2', '1', '0', '2016-12-01 03:56:43', '2016-12-01 03:56:43', '7c8d4e4d-0d76-4504-a08e-781349185c62'),
 ('63', 'FormBuilder2', '1', '0', '2016-12-01 03:56:43', '2016-12-01 03:56:43', '0d60d7fd-b842-4091-84bd-b7eaf7fa1b72'),
 ('64', 'FormBuilder2', '1', '0', '2016-12-01 03:56:43', '2016-12-01 03:56:43', 'ad63ed04-7796-4924-90a0-8bf8c69e2c5a'),
 ('65', 'FormBuilder2', '1', '0', '2016-12-01 03:56:50', '2016-12-01 03:56:50', '91e242da-4ddf-493a-8e54-2cc70eed19a8'),
 ('66', 'FormBuilder2', '1', '0', '2016-12-01 03:57:40', '2016-12-01 03:57:40', '67c6c1f0-2b2b-48d3-9f03-3545a150cf81'),
 ('67', 'FormBuilder2', '1', '0', '2016-12-01 17:01:01', '2016-12-01 17:01:01', 'fca40a76-2a64-4045-a6b2-f6633f38a22f'),
 ('68', 'FormBuilder2', '1', '0', '2016-12-06 05:24:08', '2016-12-06 05:24:08', 'c2e689a0-aa59-4caf-abf6-d619d8de8a95'),
 ('69', 'FormBuilder2', '1', '0', '2016-12-11 16:32:24', '2016-12-11 16:32:24', 'a34ba66f-806a-4d80-9625-97ae91cc8008'),
 ('70', 'FormBuilder2', '1', '0', '2016-12-18 16:08:27', '2016-12-18 16:08:27', '45067478-2714-4790-9be4-c6d1787e97bb'),
 ('71', 'FormBuilder2', '1', '0', '2017-01-17 18:59:21', '2017-01-17 18:59:21', 'a6137914-be95-41fe-9e33-16fd662459cc'),
 ('72', 'FormBuilder2', '1', '0', '2017-01-25 18:39:46', '2017-01-25 18:39:46', 'e16691a0-12de-4587-b972-280a6a8230dc'),
 ('73', 'FormBuilder2', '1', '0', '2017-01-25 18:39:52', '2017-01-25 18:39:52', '04deea9b-13d3-4db0-9bea-2b18d18c14ee'),
 ('74', 'FormBuilder2', '1', '0', '2017-01-26 03:44:02', '2017-01-26 03:44:02', '431d5b64-437a-4112-870e-8ac42326a2a8'),
 ('75', 'FormBuilder2', '1', '0', '2017-01-26 03:45:00', '2017-01-26 03:45:00', '60bf2732-78fb-43e2-a03b-ae565ff4c163'),
 ('76', 'FormBuilder2', '1', '0', '2017-01-31 23:27:03', '2017-01-31 23:27:03', '4e5c4b4a-6cff-426e-8bc6-a7998be5b4f5'),
 ('77', 'FormBuilder2', '1', '0', '2017-02-11 02:50:16', '2017-02-11 02:50:16', '429657fa-1415-4092-a8c2-348bdf5a76df'),
 ('78', 'FormBuilder2', '1', '0', '2017-02-28 04:04:02', '2017-02-28 04:04:02', '29da4828-8ce4-4547-ae34-56bb2deaa47e'),
 ('79', 'FormBuilder2', '1', '0', '2017-04-04 20:17:18', '2017-04-04 20:17:18', '52ebbd06-0df1-48f0-8aad-fd3646476ff0'),
 ('80', 'FormBuilder2', '1', '0', '2017-04-11 23:19:21', '2017-04-11 23:19:21', 'a8665ec3-e764-4fe1-a726-0f27af93a182'),
 ('81', 'FormBuilder2', '1', '0', '2017-04-13 00:56:04', '2017-04-13 00:56:04', '45b45457-f18a-4fe5-aa0a-da153ebb29e3'),
 ('82', 'FormBuilder2', '1', '0', '2017-04-15 04:05:22', '2017-04-15 04:05:22', '03db0ebd-1f9e-44b6-bd7d-4fb9dd467a2a'),
 ('83', 'FormBuilder2', '1', '0', '2017-04-19 22:22:48', '2017-04-19 22:22:48', 'f0bb8745-b36a-40f6-959d-b0d8ae06838a'),
 ('84', 'FormBuilder2', '1', '0', '2017-04-20 22:38:37', '2017-04-20 22:38:37', 'cfaab1b2-a833-41da-9e49-bd7b89b0bcb8'),
 ('85', 'FormBuilder2', '1', '0', '2017-04-22 20:40:10', '2017-04-22 20:40:10', '43f08806-8ee3-4a64-b75d-6af42d473276'),
 ('86', 'FormBuilder2', '1', '0', '2017-04-30 08:41:23', '2017-04-30 08:41:23', 'bfa1e38c-d3e0-494c-aa4b-8b180c7ed1a7'),
 ('87', 'FormBuilder2', '1', '0', '2017-05-01 22:38:41', '2017-05-01 22:38:41', '8cdbe0bb-faac-49ad-a6b7-57eb173ee4b6'),
 ('88', 'FormBuilder2', '1', '0', '2017-05-07 22:50:53', '2017-05-07 22:50:53', '3bd03cda-b615-40c0-ae71-78127bf9fd5e'),
 ('89', 'FormBuilder2', '1', '0', '2017-05-10 19:24:34', '2017-05-10 19:24:34', '07494f95-fed9-4213-ab4c-02359a132edb'),
 ('90', 'FormBuilder2', '1', '0', '2017-05-11 00:20:06', '2017-05-11 00:20:06', 'b460461f-4d48-437a-a282-3eec0dec31c7'),
 ('91', 'FormBuilder2', '1', '0', '2017-05-11 09:42:32', '2017-05-11 09:42:32', '07480522-44d9-4e9a-a625-53567e6af5c3'),
 ('92', 'FormBuilder2', '1', '0', '2017-05-11 16:52:57', '2017-05-11 16:52:57', '1a4cb0c6-317e-439a-b066-52a27a63ed3f'),
 ('93', 'FormBuilder2', '1', '0', '2017-05-11 18:04:38', '2017-05-11 18:04:38', '06c5b7f8-f5b4-4a98-a172-a1f2380eff67'),
 ('94', 'FormBuilder2', '1', '0', '2017-05-11 22:07:39', '2017-05-11 22:07:39', '059fbc33-6cd4-433d-8e50-3056113c153e'),
 ('95', 'FormBuilder2', '1', '0', '2017-05-12 00:39:22', '2017-05-12 00:39:22', '3ff4bbf7-c66b-496d-8178-88ecad74d43d'),
 ('96', 'FormBuilder2', '1', '0', '2017-05-12 01:41:10', '2017-05-12 01:41:10', '3cb157af-2fb2-490c-8b87-147cff2da1c7'),
 ('97', 'FormBuilder2', '1', '0', '2017-05-12 13:55:11', '2017-05-12 13:55:11', '1d87948b-2a4d-47ba-b443-52eb5c272fd7'),
 ('98', 'FormBuilder2', '1', '0', '2017-05-12 17:21:56', '2017-05-12 17:21:56', '115f8142-ec65-4e3c-b962-e8a279d19537'),
 ('99', 'FormBuilder2', '1', '0', '2017-05-12 18:55:41', '2017-05-12 18:55:41', 'bed2772e-d110-4244-bbf7-89d9eea0942f'),
 ('100', 'FormBuilder2', '1', '0', '2017-05-15 02:09:02', '2017-05-15 02:09:02', '0e30ab2a-a951-4c31-86fa-66402b9aa101'),
 ('101', 'FormBuilder2', '1', '0', '2017-05-15 11:09:04', '2017-05-15 11:09:04', '0681ba77-687a-41b5-ab8a-c4f874057c99'),
 ('102', 'FormBuilder2', '1', '0', '2017-05-15 13:45:55', '2017-05-15 13:45:55', '939b9030-1aee-4a88-85a9-d9b72aa650d1');
INSERT INTO `craft_elements` (`id`, `type`, `enabled`, `archived`, `dateCreated`, `dateUpdated`, `uid`) VALUES
 ('103', 'FormBuilder2', '1', '0', '2017-05-15 13:56:08', '2017-05-15 13:56:08', '0a302374-e2a4-4927-ae42-0ff744415d52'),
 ('104', 'FormBuilder2', '1', '0', '2017-05-15 16:52:10', '2017-05-15 16:52:10', '5f15d18b-e11d-43fa-a948-0fb3b55d3ac7'),
 ('105', 'FormBuilder2', '1', '0', '2017-05-15 18:29:33', '2017-05-15 18:29:33', '367b522b-f6e6-4509-856c-babd488f1d1c'),
 ('106', 'FormBuilder2', '1', '0', '2017-05-16 09:42:56', '2017-05-16 09:42:56', 'e301349e-8f78-48f9-93c9-111275aeb24d'),
 ('107', 'FormBuilder2', '1', '0', '2017-05-16 18:35:31', '2017-05-16 18:35:31', '55828592-0fa7-479b-a063-7da563677242'),
 ('108', 'FormBuilder2', '1', '0', '2017-05-17 10:42:18', '2017-05-17 10:42:18', '4e8acdb2-184e-42e1-925b-b53af3c0da05'),
 ('109', 'FormBuilder2', '1', '0', '2017-05-17 20:51:54', '2017-05-17 20:51:54', '8e8198d8-01ef-4c53-adf5-119c1bd138d5'),
 ('110', 'FormBuilder2', '1', '0', '2017-05-17 23:28:49', '2017-05-17 23:28:49', 'ad684a7f-c856-4389-b0c4-4787ef5e6151'),
 ('111', 'FormBuilder2', '1', '0', '2017-05-19 23:16:57', '2017-05-19 23:16:57', 'e5fa1b64-5c6a-412f-b553-790dda77ab3d'),
 ('112', 'FormBuilder2', '1', '0', '2017-05-23 04:09:48', '2017-05-23 04:09:48', 'c584c4f6-ecda-44ad-9358-53a47a2b9172'),
 ('113', 'FormBuilder2', '1', '0', '2017-05-23 07:13:28', '2017-05-23 07:13:28', '2d84e81e-2775-4d0c-bfad-60feae46ff78'),
 ('114', 'FormBuilder2', '1', '0', '2017-05-23 07:28:39', '2017-05-23 07:28:39', 'fab2b753-eeff-4c82-9cd8-b5fdc828a5aa'),
 ('115', 'FormBuilder2', '1', '0', '2017-05-23 08:30:48', '2017-05-23 08:30:48', '2fe7b385-93c7-4c45-b2da-4b8315e51c33'),
 ('116', 'FormBuilder2', '1', '0', '2017-05-23 10:14:41', '2017-05-23 10:14:41', '18908ca3-b30f-4e9d-ac3f-7b0f167af442'),
 ('117', 'FormBuilder2', '1', '0', '2017-05-23 12:08:03', '2017-05-23 12:08:03', 'c45eb10b-2466-4060-8cc7-471e8cb45be5'),
 ('118', 'FormBuilder2', '1', '0', '2017-05-23 18:48:08', '2017-05-23 18:48:08', 'dee9cdc8-5ff3-42f3-b9a5-23409d29aad1'),
 ('119', 'FormBuilder2', '1', '0', '2017-05-23 21:09:46', '2017-05-23 21:09:46', '79534efb-ea83-47a6-b089-bef45f3f04d4'),
 ('120', 'FormBuilder2', '1', '0', '2017-05-24 15:10:59', '2017-05-24 15:10:59', '9272a090-a5c4-4fe9-8d3c-aefa5a0b25c9'),
 ('121', 'FormBuilder2', '1', '0', '2017-05-26 16:23:29', '2017-05-26 16:23:29', '0b71d957-78c2-4b7a-a059-16df7062c509'),
 ('122', 'FormBuilder2', '1', '0', '2017-05-29 04:07:40', '2017-05-29 04:07:41', '6d9155fa-e078-41b5-9345-ae627a193928'),
 ('123', 'FormBuilder2', '1', '0', '2017-05-29 15:17:38', '2017-05-29 15:17:38', '45db3dcd-e426-4f05-ac14-1c4a0707b541'),
 ('124', 'FormBuilder2', '1', '0', '2017-05-30 17:44:17', '2017-05-30 17:44:17', 'ff884cbc-9b1c-4504-b813-429bbd1e76a0'),
 ('125', 'FormBuilder2', '1', '0', '2017-05-31 00:32:49', '2017-05-31 00:32:49', 'c80f8740-c2de-4b13-b32d-2fd3113703b4'),
 ('126', 'FormBuilder2', '1', '0', '2017-05-31 00:57:07', '2017-05-31 00:57:07', '8591e322-eafa-4ba7-b5b5-c59535bc6436'),
 ('127', 'FormBuilder2', '1', '0', '2017-05-31 07:55:12', '2017-05-31 07:55:12', '740757e2-1a0e-4a7f-913c-cc163425b370'),
 ('128', 'FormBuilder2', '1', '0', '2017-05-31 13:39:32', '2017-05-31 13:39:32', '24a8a6a2-7d52-4a99-9f60-eb35a2c32e95'),
 ('129', 'FormBuilder2', '1', '0', '2017-06-01 08:17:30', '2017-06-01 08:17:30', '6e0889c0-fe34-4324-b0e6-4169e4fff73e'),
 ('130', 'FormBuilder2', '1', '0', '2017-06-01 12:09:51', '2017-06-01 12:09:51', '7fedf974-6e37-4fae-9dd4-e5e5d5c81dd5'),
 ('131', 'FormBuilder2', '1', '0', '2017-07-02 23:23:37', '2017-07-02 23:23:37', '6dbbc53e-1cf9-4583-a519-8547fff70c0a'),
 ('132', 'FormBuilder2', '1', '0', '2017-07-26 03:38:58', '2017-07-26 03:38:58', 'bda1699d-d183-4491-8c65-e1bdb74a95ec'),
 ('133', 'Entry', '1', '0', '2017-07-28 03:42:02', '2017-08-02 04:15:03', '5dd5927a-52c1-4913-a8fd-d1ee26c7a348'),
 ('134', 'FormBuilder2', '1', '0', '2017-08-01 20:29:12', '2017-08-01 20:29:12', '18a59313-2eac-4288-9987-42e83f769cf7'),
 ('135', 'Asset', '1', '0', '2017-08-02 04:14:12', '2017-08-02 04:14:12', '28e69a27-1dcd-4a8d-9cb0-7e94febe8f39'),
 ('136', 'Asset', '1', '0', '2017-08-02 04:14:13', '2017-08-02 04:14:13', '32ec5be2-84d7-4a41-b6dc-f45e57dc73e5');



DROP TABLE IF EXISTS `craft_elements_i18n`;


--
-- Schema for table `craft_elements_i18n`
--
CREATE TABLE `craft_elements_i18n` (
  `id` int(11) NOT NULL AUTO_INCREMENT,
  `elementId` int(11) NOT NULL,
  `locale` char(12) COLLATE utf8_unicode_ci NOT NULL,
  `slug` varchar(255) COLLATE utf8_unicode_ci DEFAULT NULL,
  `uri` varchar(255) COLLATE utf8_unicode_ci DEFAULT NULL,
  `enabled` tinyint(1) unsigned NOT NULL DEFAULT '1',
  `dateCreated` datetime NOT NULL,
  `dateUpdated` datetime NOT NULL,
  `uid` char(36) COLLATE utf8_unicode_ci NOT NULL DEFAULT '0',
  PRIMARY KEY (`id`),
  UNIQUE KEY `craft_elements_i18n_elementId_locale_unq_idx` (`elementId`,`locale`),
  UNIQUE KEY `craft_elements_i18n_uri_locale_unq_idx` (`uri`,`locale`),
  KEY `craft_elements_i18n_slug_locale_idx` (`slug`,`locale`),
  KEY `craft_elements_i18n_enabled_idx` (`enabled`),
  KEY `craft_elements_i18n_locale_fk` (`locale`)
) ENGINE=InnoDB AUTO_INCREMENT=137 DEFAULT CHARSET=utf8 COLLATE=utf8_unicode_ci;

--
-- Data for table `craft_elements_i18n`
--

INSERT INTO `craft_elements_i18n` (`id`, `elementId`, `locale`, `slug`, `uri`, `enabled`, `dateCreated`, `dateUpdated`, `uid`) VALUES
 ('1', '1', 'en_us', '', NULL, '1', '2016-06-12 21:58:15', '2016-06-12 21:58:15', '9f2a8d49-ad9f-4dd7-8c0f-ea934de846af'),
 ('2', '2', 'en_us', 'homepage', '__home__', '1', '2016-06-12 21:58:16', '2016-10-25 14:32:55', 'e386d291-a6a4-4f9d-92cb-eda37fd2026c'),
 ('3', '3', 'en_us', 'we-just-installed-craft', 'news/2016/we-just-installed-craft', '1', '2016-06-12 21:58:16', '2016-06-12 21:58:16', '42bc6dc4-9aca-4169-a34d-aa88e11ae060'),
 ('4', '4', 'en_us', 'open-air-design', 'booth-dropdown/open-air-design', '1', '2016-06-14 03:50:41', '2016-06-14 03:50:41', '8e5b9641-d9b5-466c-9b92-38e708c7e8f5'),
 ('5', '5', 'en_us', 'studio-quality-camera', 'booth-dropdown/studio-quality-camera', '1', '2016-06-14 03:51:08', '2016-06-14 03:51:08', '7785fe71-751c-463c-8732-b0c8b9ef54df'),
 ('6', '6', 'en_us', 'snap-share', 'booth-dropdown/snap-share', '1', '2016-06-14 03:51:50', '2016-06-14 03:51:50', '27d6532f-03da-433e-b48a-e2cf73814d24'),
 ('7', '7', 'en_us', 'the-perfect-keepsake', 'booth-dropdown/the-perfect-keepsake', '1', '2016-06-14 03:52:08', '2016-06-14 03:52:08', '246633c3-9e9e-4489-ac06-7c20290983d3'),
 ('8', '8', 'en_us', 'weve-got-your-back-drop', 'slides/weve-got-your-back-drop', '1', '2016-06-14 03:55:14', '2016-09-18 17:55:13', 'b8360681-2241-4ef9-aeb6-bab8b3cb3808'),
 ('9', '9', 'en_us', 'the-lab-propshop', 'slides/the-lab-propshop', '1', '2016-06-14 03:55:34', '2016-09-23 06:30:38', 'e2e876a9-bc8a-4f1b-b6dd-40aec1875e8c'),
 ('10', '10', 'en_us', 'social-booth', 'package-dropdown/social-booth', '1', '2016-06-14 03:57:21', '2016-09-12 01:14:16', '04849cc8-5d03-476f-8480-82e99ad20145'),
 ('11', '11', 'en_us', 'classic-booth', 'package-dropdown/classic-booth', '1', '2016-06-14 03:58:26', '2017-04-27 13:52:38', '27fb7eeb-138c-4f8b-86c7-90c1b5d72ffd'),
 ('12', '12', 'en_us', 'essetntial-booth', 'package-dropdown/essetntial-booth', '1', '2016-06-14 03:59:53', '2016-09-12 01:13:25', '4e57df85-262e-4740-a930-582927a82697'),
 ('13', '13', 'en_us', 'boss-booth', 'package-dropdown/boss-booth', '1', '2016-06-14 04:00:57', '2016-09-12 01:12:25', 'b9625ad5-885f-4ff0-8538-99eca3d70407'),
 ('14', '14', 'en_us', 'headshots', 'package-dropdown/headshots', '1', '2016-06-14 04:01:31', '2016-06-14 04:01:31', 'bd28ee34-9c5f-4e29-ba8a-eb4ce354a5d8'),
 ('15', '15', 'en_us', '', NULL, '1', '2016-06-30 03:58:22', '2016-06-30 03:59:58', 'b814bb00-9194-4884-8882-be6352d6ea4e'),
 ('16', '16', 'en_us', '', NULL, '1', '2016-07-03 18:06:22', '2016-09-09 19:37:23', '0c317deb-8258-4476-862a-6f2d4de75fa9'),
 ('17', '17', 'en_us', 'backgrounds', NULL, '1', '2016-08-05 03:35:41', '2016-08-26 15:56:48', '3b0b8b09-4caf-4e75-b394-503446b3b713'),
 ('18', '18', 'en_us', 'welcome-background-1', NULL, '1', '2016-08-26 15:40:21', '2016-08-26 15:40:21', 'b5cded9d-de51-4969-9aac-28c19969b8b3'),
 ('19', '19', 'en_us', 'green-burst', NULL, '1', '2016-08-26 15:50:58', '2016-08-26 15:50:58', '71cb6281-d138-4cc0-b806-c59de474824e'),
 ('20', '20', 'en_us', 'props-background-1', NULL, '1', '2016-08-26 15:52:31', '2016-08-26 15:52:31', 'fba62097-8840-4805-bfc8-d56a26c8a5e1'),
 ('21', '21', 'en_us', 'getty-images-86082558', NULL, '1', '2016-08-26 15:56:19', '2016-08-26 15:56:19', 'a11bf524-bb2e-4f75-bd07-a8126ffdbaa2'),
 ('22', '22', 'en_us', 'icons-logo-veritcal', NULL, '1', '2016-08-31 01:20:49', '2016-08-31 01:20:49', '392f9779-7b8f-4eca-9ce3-269496f2be14'),
 ('23', '23', 'en_us', 'long-pattern', NULL, '1', '2016-08-31 01:22:41', '2016-08-31 01:22:41', '37e773a5-c9b0-45c8-a5de-c182689730d7'),
 ('24', '24', 'en_us', 'faq', 'faq', '1', '2016-09-02 19:42:16', '2016-09-14 16:39:16', 'a168f68d-9b59-4cc0-80f4-a0f262c8a534'),
 ('25', '25', 'en_us', 'how-does-the-booth-actually-work', 'faqs/how-does-the-booth-actually-work', '1', '2016-09-02 19:44:56', '2016-09-12 06:30:14', '2bdbac03-9eb1-4cc9-9160-149b9bb95c1a'),
 ('26', '26', 'en_us', 'what-does-open-air-mean', 'faqs/what-does-open-air-mean', '1', '2016-09-02 19:45:47', '2016-09-12 06:28:46', '2a693be3-2ba2-4134-b9b5-73ff1196274e'),
 ('27', '27', 'en_us', 'contact', NULL, '1', '2016-09-07 22:07:50', '2016-09-07 22:07:50', 'caff5a54-c4cb-4ebe-9891-28967427be7c'),
 ('28', '28', 'en_us', 'contact', NULL, '1', '2016-09-07 22:15:37', '2016-09-07 22:15:37', 'eaf8258c-94ad-484c-9e67-0c3a1219df79'),
 ('29', '29', 'en_us', 'contact', NULL, '1', '2016-09-08 15:15:00', '2016-09-08 15:15:00', 'fa2c3429-c3b2-4869-afce-d8bfd952a4c0'),
 ('30', '30', 'en_us', 'contact', NULL, '1', '2016-09-08 15:17:14', '2016-09-08 15:17:14', 'f07f07ff-7ddb-4751-9d46-03c9f1109fef'),
 ('31', '31', 'en_us', 'how-do-i-make-sure-the-lab-is-a-hit-with-my-guest', 'faqs/how-do-i-make-sure-the-lab-is-a-hit-with-my-guest', '1', '2016-09-12 06:35:27', '2016-09-12 06:35:27', '3179b2ac-64a2-41d6-9bb9-b89224961e9f'),
 ('32', '32', 'en_us', 'how-long-is-setup-time-for-the-lab-who-sets-it-up', 'faqs/how-long-is-setup-time-for-the-lab-who-sets-it-up', '1', '2016-09-12 06:37:04', '2016-09-12 06:37:04', '44185310-4d4d-442b-8e05-514370560ad8'),
 ('33', '33', 'en_us', 'what-is-a-lab-assistant', 'faqs/what-is-a-lab-assistant', '1', '2016-09-12 06:39:25', '2016-09-12 06:39:25', 'c5423b9d-f181-466a-9013-095319636817'),
 ('34', '34', 'en_us', 'how-long-can-we-book-the-lab', 'faqs/how-long-can-we-book-the-lab', '1', '2016-09-12 06:40:13', '2016-09-12 06:40:13', 'c42c214c-3b93-4284-8c99-a3eeb9b1ac61'),
 ('35', '35', 'en_us', 'do-you-have-professional-liability-insurance', 'faqs/do-you-have-professional-liability-insurance', '1', '2016-09-12 06:40:37', '2016-09-12 06:40:37', '7ad1de8d-aeef-407e-b979-78bacff34d1e'),
 ('36', '36', 'en_us', 'where-can-we-see-sample-backdrop-props-and-photo-card-designs', 'faqs/where-can-we-see-sample-backdrop-props-and-photo-card-designs', '1', '2016-09-12 06:41:02', '2016-09-12 06:41:02', 'b60828dd-9a36-41aa-9873-1e896b4bea0a'),
 ('37', '37', 'en_us', 'what-quality-are-the-lab-prints-and-how-long-do-they-take-to-print', 'faqs/what-quality-are-the-lab-prints-and-how-long-do-they-take-to-print', '1', '2016-09-12 06:42:00', '2016-09-12 06:42:00', 'f2c197c9-c0d0-4c4f-862d-9748d8a54011'),
 ('38', '38', 'en_us', 'what-space-or-logistical-considerations-are-required-do-i-need-to-provide-anything', 'faqs/what-space-or-logistical-considerations-are-required-do-i-need-to-provide-anything', '1', '2016-09-12 06:47:25', '2016-09-12 06:47:25', '863852eb-d4be-4176-b3e8-5e1c439fd1c1'),
 ('39', '39', 'en_us', 'what-is-the-payment-schedule-and-refund-policy', 'faqs/what-is-the-payment-schedule-and-refund-policy', '1', '2016-09-12 06:48:28', '2016-09-12 06:48:28', '33a95677-5f3d-4aee-babe-147786d64f81'),
 ('40', '40', 'en_us', 'what-type-of-events-can-the-lab-be-at', 'faqs/what-type-of-events-can-the-lab-be-at', '1', '2016-09-12 06:49:03', '2016-09-12 06:49:03', 'ffdb9f63-ad1d-4400-8d35-27247baba2c8'),
 ('41', '41', 'en_us', 'contact', NULL, '1', '2016-09-12 16:34:04', '2016-09-12 16:34:04', '68b05533-49c8-4ea1-8135-a304a165cf9a'),
 ('42', '42', 'en_us', 'contact', NULL, '1', '2016-09-12 16:46:01', '2016-09-12 16:46:01', '1e886179-ad34-4497-8817-def95fa60c05'),
 ('43', '43', 'en_us', 'contact', NULL, '1', '2016-09-12 16:50:25', '2016-09-12 16:50:25', 'b34d21bf-afe5-4a25-a17d-7924ccd39204'),
 ('44', '44', 'en_us', 'contact', NULL, '1', '2016-09-12 17:56:32', '2016-09-12 17:56:32', '373b576d-de39-457c-8748-da9bfabb2710'),
 ('45', '45', 'en_us', 'contact', NULL, '1', '2016-09-12 17:56:50', '2016-09-12 17:56:50', 'a972c347-f3f6-4cae-9631-210bb1e14099'),
 ('46', '46', 'en_us', 'contact', NULL, '1', '2016-09-12 19:10:10', '2016-09-12 19:10:10', '17cc067b-ee57-4507-8ec6-fd018920ee28'),
 ('48', '48', 'en_us', 'backdrop-slide2', NULL, '1', '2016-09-18 17:55:09', '2016-09-18 17:55:09', '93d0164c-df48-42b2-a983-3a7b2d5f31d1'),
 ('49', '49', 'en_us', 'backdrop-slide3', NULL, '1', '2016-09-18 17:55:29', '2016-09-18 17:55:29', 'be31ef23-bb16-450e-aee4-8bacdbc33801'),
 ('50', '50', 'en_us', 'slide-3', 'slides/slide-3', '1', '2016-09-18 17:55:34', '2016-09-18 17:55:34', 'f5912cd2-94c6-4b0c-8cca-32cc9e14d582'),
 ('51', '51', 'en_us', '', NULL, '1', '2016-09-23 16:54:02', '2016-10-12 03:20:33', 'b268451d-2efb-49a7-8125-9a8019252bf8'),
 ('52', '52', 'en_us', 'contact', NULL, '1', '2016-10-05 20:12:55', '2016-10-05 20:12:55', '931a07f5-9480-43cc-84dd-06d6903e056e'),
 ('53', '53', 'en_us', 'contact', NULL, '1', '2016-10-11 00:53:36', '2016-10-11 00:53:36', '136d2070-f7a9-4109-b1da-408e3ab63a1d'),
 ('54', '54', 'en_us', 'contact', NULL, '1', '2016-10-11 16:48:41', '2016-10-11 16:48:41', 'ac60b05a-03a2-43b4-a13a-a48d1df695ad'),
 ('56', '56', 'en_us', 'contact', NULL, '1', '2016-10-20 14:35:06', '2016-10-20 14:35:06', '2c8b6669-6396-4dc8-9a6f-0ba823021925'),
 ('57', '57', 'en_us', 'contact', NULL, '1', '2016-10-21 04:57:47', '2016-10-21 04:57:47', '6b330dfd-ffd2-40cf-a99b-25dfc3d8a216'),
 ('58', '58', 'en_us', 'contact', NULL, '1', '2016-10-21 05:15:11', '2016-10-21 05:15:11', 'bc53d63d-7518-4978-a019-b7382d58d494'),
 ('59', '59', 'en_us', 'contact', NULL, '1', '2016-12-01 03:56:41', '2016-12-01 03:56:41', '9a6732f7-d8d2-4e2f-9177-933e292ddbd2'),
 ('60', '60', 'en_us', 'contact', NULL, '1', '2016-12-01 03:56:42', '2016-12-01 03:56:42', '705e113c-3751-4c43-a89f-87edb88c3e09'),
 ('61', '61', 'en_us', 'contact', NULL, '1', '2016-12-01 03:56:42', '2016-12-01 03:56:42', 'fe614c71-1072-47d1-869d-f8ca95a7bb28'),
 ('62', '62', 'en_us', 'contact', NULL, '1', '2016-12-01 03:56:43', '2016-12-01 03:56:43', '2f475958-7a38-4b40-8f68-03df3353bd0f'),
 ('63', '63', 'en_us', 'contact', NULL, '1', '2016-12-01 03:56:43', '2016-12-01 03:56:43', '67edb6b6-8708-4c1f-963b-47287a8d5ba6'),
 ('64', '64', 'en_us', 'contact', NULL, '1', '2016-12-01 03:56:43', '2016-12-01 03:56:43', '6a93a35c-030a-47f6-abc3-f6c2f5a79c23'),
 ('65', '65', 'en_us', 'contact', NULL, '1', '2016-12-01 03:56:50', '2016-12-01 03:56:50', '0a733073-fd00-46ea-a617-9fa8e6566382'),
 ('66', '66', 'en_us', 'contact', NULL, '1', '2016-12-01 03:57:40', '2016-12-01 03:57:40', 'b87ad7ae-b47a-43f0-87f7-db19bc72f40a'),
 ('67', '67', 'en_us', 'contact', NULL, '1', '2016-12-01 17:01:02', '2016-12-01 17:01:02', 'a8418ebf-5e4e-4d9f-9c88-b9fa200c3fee'),
 ('68', '68', 'en_us', 'contact', NULL, '1', '2016-12-06 05:24:08', '2016-12-06 05:24:08', '2d26926a-bebe-40da-bd82-049a1b681fcb'),
 ('69', '69', 'en_us', 'contact', NULL, '1', '2016-12-11 16:32:24', '2016-12-11 16:32:24', '18029806-0607-4b60-bc7c-99b69725f25c'),
 ('70', '70', 'en_us', 'contact', NULL, '1', '2016-12-18 16:08:27', '2016-12-18 16:08:27', 'ad6d1d40-39d9-4d42-95ed-5b3a0e9a6c26'),
 ('71', '71', 'en_us', 'contact', NULL, '1', '2017-01-17 18:59:21', '2017-01-17 18:59:21', '5ce94691-144e-492c-832b-ac2e09d38674'),
 ('72', '72', 'en_us', 'contact', NULL, '1', '2017-01-25 18:39:46', '2017-01-25 18:39:46', 'd9280a08-9c13-4908-b6a3-d6a7c09a7536'),
 ('73', '73', 'en_us', 'contact', NULL, '1', '2017-01-25 18:39:52', '2017-01-25 18:39:52', 'ba6c9426-c8ef-4716-95a5-bc08b179c44f'),
 ('74', '74', 'en_us', 'contact', NULL, '1', '2017-01-26 03:44:02', '2017-01-26 03:44:02', '2833cfb5-47e4-4118-bf2b-623f7e69c456'),
 ('75', '75', 'en_us', 'contact', NULL, '1', '2017-01-26 03:45:00', '2017-01-26 03:45:00', '94a7cc54-2a36-4eeb-a467-8f35277f3556'),
 ('76', '76', 'en_us', 'contact', NULL, '1', '2017-01-31 23:27:03', '2017-01-31 23:27:03', '7cbee512-a682-42b7-983b-7eed271a53bc'),
 ('77', '77', 'en_us', 'contact', NULL, '1', '2017-02-11 02:50:16', '2017-02-11 02:50:16', 'c6c5fc5b-cae4-4e4e-b953-57ec788089c4'),
 ('78', '78', 'en_us', 'contact', NULL, '1', '2017-02-28 04:04:02', '2017-02-28 04:04:02', 'cbe0476a-4b5d-444d-a4a3-b5d29e009c66'),
 ('79', '79', 'en_us', 'contact', NULL, '1', '2017-04-04 20:17:18', '2017-04-04 20:17:18', '78ec796d-d04d-46fd-b688-ede065d082f1'),
 ('80', '80', 'en_us', 'contact', NULL, '1', '2017-04-11 23:19:21', '2017-04-11 23:19:21', '626c3da7-4d7a-42b9-a451-19612e201abf'),
 ('81', '81', 'en_us', 'contact', NULL, '1', '2017-04-13 00:56:04', '2017-04-13 00:56:04', 'a5c5569e-db88-4d29-a580-4bd59259790c'),
 ('82', '82', 'en_us', 'contact', NULL, '1', '2017-04-15 04:05:22', '2017-04-15 04:05:22', '423e1aeb-9ebe-41f2-a8d5-8399fe6dd3b1'),
 ('83', '83', 'en_us', 'contact', NULL, '1', '2017-04-19 22:22:48', '2017-04-19 22:22:48', 'c9972765-d79b-456a-b8a8-1ed9717da7e1'),
 ('84', '84', 'en_us', 'contact', NULL, '1', '2017-04-20 22:38:37', '2017-04-20 22:38:37', 'aa05905d-6722-4cab-8a14-5dbc9e1e5879'),
 ('85', '85', 'en_us', 'contact', NULL, '1', '2017-04-22 20:40:10', '2017-04-22 20:40:10', 'efbc56e0-43d7-495a-8b46-3578d1291d76'),
 ('86', '86', 'en_us', 'contact', NULL, '1', '2017-04-30 08:41:23', '2017-04-30 08:41:23', '451c51ca-2dfd-40db-a93c-dc63c27d11e0'),
 ('87', '87', 'en_us', 'contact', NULL, '1', '2017-05-01 22:38:41', '2017-05-01 22:38:41', '141c5aee-e3b1-4616-920c-5078d74edad8'),
 ('88', '88', 'en_us', 'contact', NULL, '1', '2017-05-07 22:50:53', '2017-05-07 22:50:53', 'b7d95ef0-e25f-4414-9701-3fdd713f6209'),
 ('89', '89', 'en_us', 'contact', NULL, '1', '2017-05-10 19:24:34', '2017-05-10 19:24:34', 'bdc70bab-ddca-4f9e-b87b-da49cfbbad2f'),
 ('90', '90', 'en_us', 'contact', NULL, '1', '2017-05-11 00:20:06', '2017-05-11 00:20:06', '77c8d6ec-ce90-4f96-b322-2edfcf566ede'),
 ('91', '91', 'en_us', 'contact', NULL, '1', '2017-05-11 09:42:32', '2017-05-11 09:42:32', 'cedc8306-856f-4fd3-8ce9-cd54b7fcca33'),
 ('92', '92', 'en_us', 'contact', NULL, '1', '2017-05-11 16:52:57', '2017-05-11 16:52:57', 'c240c3cb-68fb-4a9d-87e0-2a6b451f89d6'),
 ('93', '93', 'en_us', 'contact', NULL, '1', '2017-05-11 18:04:38', '2017-05-11 18:04:38', 'b4d89ff0-8691-4875-9a82-c37c1f42df1c'),
 ('94', '94', 'en_us', 'contact', NULL, '1', '2017-05-11 22:07:39', '2017-05-11 22:07:39', 'fba30f3f-abe3-4713-9381-8e1a351a8b69'),
 ('95', '95', 'en_us', 'contact', NULL, '1', '2017-05-12 00:39:22', '2017-05-12 00:39:22', 'ba1c960c-684b-4bb0-bcc7-6422a3fa702f'),
 ('96', '96', 'en_us', 'contact', NULL, '1', '2017-05-12 01:41:10', '2017-05-12 01:41:10', '7b76a891-0d8a-41d5-a840-587cdbcf9c3f'),
 ('97', '97', 'en_us', 'contact', NULL, '1', '2017-05-12 13:55:11', '2017-05-12 13:55:11', 'ce10f3c8-34bc-45db-a6fe-835cb198deb8'),
 ('98', '98', 'en_us', 'contact', NULL, '1', '2017-05-12 17:21:56', '2017-05-12 17:21:56', '3466601d-00fb-4520-beb7-f15f29a7300d'),
 ('99', '99', 'en_us', 'contact', NULL, '1', '2017-05-12 18:55:41', '2017-05-12 18:55:41', '222fd44e-b776-4841-8b62-64841dad8af2'),
 ('100', '100', 'en_us', 'contact', NULL, '1', '2017-05-15 02:09:02', '2017-05-15 02:09:02', '0ef6b9fc-083e-43d9-a27f-7b964b3475f2'),
 ('101', '101', 'en_us', 'contact', NULL, '1', '2017-05-15 11:09:04', '2017-05-15 11:09:04', '61816457-7b83-4cd3-8f3a-5196c121684a'),
 ('102', '102', 'en_us', 'contact', NULL, '1', '2017-05-15 13:45:55', '2017-05-15 13:45:55', '11efc266-e390-4791-9c64-d554c9a9d1ce');
INSERT INTO `craft_elements_i18n` (`id`, `elementId`, `locale`, `slug`, `uri`, `enabled`, `dateCreated`, `dateUpdated`, `uid`) VALUES
 ('103', '103', 'en_us', 'contact', NULL, '1', '2017-05-15 13:56:08', '2017-05-15 13:56:08', '2dbc9c8c-12bc-483e-be1e-9e5ac9e91461'),
 ('104', '104', 'en_us', 'contact', NULL, '1', '2017-05-15 16:52:10', '2017-05-15 16:52:10', '9085672c-d748-4283-bba8-ecd3656e4f05'),
 ('105', '105', 'en_us', 'contact', NULL, '1', '2017-05-15 18:29:33', '2017-05-15 18:29:33', '95cff43b-af5a-4f71-a388-c296914978eb'),
 ('106', '106', 'en_us', 'contact', NULL, '1', '2017-05-16 09:42:56', '2017-05-16 09:42:56', '5d9e5675-a6b0-46d6-a60f-8434fb205a7c'),
 ('107', '107', 'en_us', 'contact', NULL, '1', '2017-05-16 18:35:31', '2017-05-16 18:35:31', '041bfb67-b6f8-4ba5-b25e-0eea2f0c6a63'),
 ('108', '108', 'en_us', 'contact', NULL, '1', '2017-05-17 10:42:18', '2017-05-17 10:42:18', 'f8ce7871-9602-4b3d-9125-800cd0e8fe84'),
 ('109', '109', 'en_us', 'contact', NULL, '1', '2017-05-17 20:51:54', '2017-05-17 20:51:54', '782e2083-e697-4494-bea7-b117a78cd4c9'),
 ('110', '110', 'en_us', 'contact', NULL, '1', '2017-05-17 23:28:49', '2017-05-17 23:28:49', '222d10a7-1ebd-4b43-afd0-7b835f06bdf5'),
 ('111', '111', 'en_us', 'contact', NULL, '1', '2017-05-19 23:16:57', '2017-05-19 23:16:57', '55b4aad4-2652-48ce-9892-b1669cc1cac3'),
 ('112', '112', 'en_us', 'contact', NULL, '1', '2017-05-23 04:09:48', '2017-05-23 04:09:48', '7a6268d4-2d10-442a-928b-f2d60f501665'),
 ('113', '113', 'en_us', 'contact', NULL, '1', '2017-05-23 07:13:29', '2017-05-23 07:13:29', 'be0b8819-5edd-439d-8cd7-83c890c3b96d'),
 ('114', '114', 'en_us', 'contact', NULL, '1', '2017-05-23 07:28:39', '2017-05-23 07:28:39', '1ef80d65-f359-4ac5-99d8-69b61d95a5f3'),
 ('115', '115', 'en_us', 'contact', NULL, '1', '2017-05-23 08:30:48', '2017-05-23 08:30:48', '1c21b468-14be-407d-86b2-3d40c254013b'),
 ('116', '116', 'en_us', 'contact', NULL, '1', '2017-05-23 10:14:41', '2017-05-23 10:14:41', '24d528aa-9767-44d1-ac77-515c42854aaa'),
 ('117', '117', 'en_us', 'contact', NULL, '1', '2017-05-23 12:08:03', '2017-05-23 12:08:03', '43d8e0ca-d52d-4aa0-ad2a-7ca31351d255'),
 ('118', '118', 'en_us', 'contact', NULL, '1', '2017-05-23 18:48:08', '2017-05-23 18:48:08', 'fd9ab11d-e43e-4090-b96e-efcc7e31e430'),
 ('119', '119', 'en_us', 'contact', NULL, '1', '2017-05-23 21:09:46', '2017-05-23 21:09:46', 'd98fb1ed-a381-4121-891b-f4372efcbacd'),
 ('120', '120', 'en_us', 'contact', NULL, '1', '2017-05-24 15:10:59', '2017-05-24 15:10:59', 'c4921dd9-a0f0-4393-a42c-4c9e38e7c928'),
 ('121', '121', 'en_us', 'contact', NULL, '1', '2017-05-26 16:23:29', '2017-05-26 16:23:29', 'd341527c-8b11-4cd0-b5a2-4ce91db92216'),
 ('122', '122', 'en_us', 'contact', NULL, '1', '2017-05-29 04:07:41', '2017-05-29 04:07:41', 'c2306e5a-4b9a-49fa-bd57-4ebea3e82b91'),
 ('123', '123', 'en_us', 'contact', NULL, '1', '2017-05-29 15:17:38', '2017-05-29 15:17:38', '1322989b-2774-4264-b435-4636426141e5'),
 ('124', '124', 'en_us', 'contact', NULL, '1', '2017-05-30 17:44:17', '2017-05-30 17:44:17', 'd1b57325-5e0b-4ab8-94c9-49edb431fb99'),
 ('125', '125', 'en_us', 'contact', NULL, '1', '2017-05-31 00:32:49', '2017-05-31 00:32:49', '16eb3269-07ed-4ce0-8bf3-937ffa0b6cf2'),
 ('126', '126', 'en_us', 'contact', NULL, '1', '2017-05-31 00:57:07', '2017-05-31 00:57:07', '98c0cf52-4f90-495e-8179-3824fbbe7b3b'),
 ('127', '127', 'en_us', 'contact', NULL, '1', '2017-05-31 07:55:12', '2017-05-31 07:55:12', 'ab5a2be8-8f55-43bd-a47f-6f229d2a5e77'),
 ('128', '128', 'en_us', 'contact', NULL, '1', '2017-05-31 13:39:32', '2017-05-31 13:39:32', '83b0804a-e71e-42a1-af1c-a7d6befc97f3'),
 ('129', '129', 'en_us', 'contact', NULL, '1', '2017-06-01 08:17:30', '2017-06-01 08:17:30', '7eeefebc-2208-470c-b15b-691c93ac723d'),
 ('130', '130', 'en_us', 'contact', NULL, '1', '2017-06-01 12:09:51', '2017-06-01 12:09:51', '97a89b5e-d6df-4c29-bc94-4a2ff2a248f1'),
 ('131', '131', 'en_us', 'contact', NULL, '1', '2017-07-02 23:23:37', '2017-07-02 23:23:37', '292f5bdf-8b79-401c-a14a-76c3d98d5115'),
 ('132', '132', 'en_us', 'contact', NULL, '1', '2017-07-26 03:38:58', '2017-07-26 03:38:58', '96d271d0-41ef-4b14-8201-10ca6eeac20e'),
 ('133', '133', 'en_us', 'galleries', 'galleries', '1', '2017-07-28 03:42:02', '2017-08-02 04:15:03', 'e5849458-b4d4-4ee1-86d2-e30db441bcc3'),
 ('134', '134', 'en_us', 'contact', NULL, '1', '2017-08-01 20:29:12', '2017-08-01 20:29:12', '29e7e07a-9495-42c1-9c24-e33684b7d9dc'),
 ('135', '135', 'en_us', 'left-onhover', NULL, '1', '2017-08-02 04:14:12', '2017-08-02 04:14:12', '57064987-8503-455e-9410-f27b283cdd96'),
 ('136', '136', 'en_us', 'right-onhover', NULL, '1', '2017-08-02 04:14:13', '2017-08-02 04:14:13', 'd2895ac8-b447-46bd-8554-55aef937bde8');



DROP TABLE IF EXISTS `craft_emailmessages`;


--
-- Schema for table `craft_emailmessages`
--
CREATE TABLE `craft_emailmessages` (
  `id` int(11) NOT NULL AUTO_INCREMENT,
  `key` char(150) COLLATE utf8_unicode_ci NOT NULL,
  `locale` char(12) COLLATE utf8_unicode_ci NOT NULL,
  `subject` varchar(1000) COLLATE utf8_unicode_ci NOT NULL,
  `body` text COLLATE utf8_unicode_ci NOT NULL,
  `dateCreated` datetime NOT NULL,
  `dateUpdated` datetime NOT NULL,
  `uid` char(36) COLLATE utf8_unicode_ci NOT NULL DEFAULT '0',
  PRIMARY KEY (`id`),
  UNIQUE KEY `craft_emailmessages_key_locale_unq_idx` (`key`,`locale`),
  KEY `craft_emailmessages_locale_fk` (`locale`)
) ENGINE=InnoDB DEFAULT CHARSET=utf8 COLLATE=utf8_unicode_ci;

DROP TABLE IF EXISTS `craft_entries`;


--
-- Schema for table `craft_entries`
--
CREATE TABLE `craft_entries` (
  `id` int(11) NOT NULL,
  `sectionId` int(11) NOT NULL,
  `typeId` int(11) DEFAULT NULL,
  `authorId` int(11) DEFAULT NULL,
  `postDate` datetime DEFAULT NULL,
  `expiryDate` datetime DEFAULT NULL,
  `dateCreated` datetime NOT NULL,
  `dateUpdated` datetime NOT NULL,
  `uid` char(36) COLLATE utf8_unicode_ci NOT NULL DEFAULT '0',
  PRIMARY KEY (`id`),
  KEY `craft_entries_sectionId_idx` (`sectionId`),
  KEY `craft_entries_typeId_idx` (`typeId`),
  KEY `craft_entries_postDate_idx` (`postDate`),
  KEY `craft_entries_expiryDate_idx` (`expiryDate`),
  KEY `craft_entries_authorId_fk` (`authorId`)
) ENGINE=InnoDB DEFAULT CHARSET=utf8 COLLATE=utf8_unicode_ci;

--
-- Data for table `craft_entries`
--

INSERT INTO `craft_entries` (`id`, `sectionId`, `typeId`, `authorId`, `postDate`, `expiryDate`, `dateCreated`, `dateUpdated`, `uid`) VALUES
 ('2', '1', NULL, NULL, '2016-06-12 21:58:15', NULL, '2016-06-12 21:58:16', '2016-10-25 14:32:55', '7a28b844-c010-4a71-91ce-c271756fc4d8'),
 ('3', '2', '2', '1', '2016-06-12 21:58:16', NULL, '2016-06-12 21:58:16', '2016-06-12 21:58:16', '6ec46a4e-a960-477a-8814-5280dd05ced6'),
 ('4', '4', '4', '1', '2016-06-14 03:50:41', NULL, '2016-06-14 03:50:41', '2016-06-14 03:50:41', 'f7063194-c1d7-45e4-8b5b-86e021567215'),
 ('5', '4', '4', '1', '2016-06-14 03:51:08', NULL, '2016-06-14 03:51:08', '2016-06-14 03:51:08', '65d96984-2fcd-46f7-988f-2549fc939ec8'),
 ('6', '4', '4', '1', '2016-06-14 03:51:50', NULL, '2016-06-14 03:51:50', '2016-06-14 03:51:50', '057c2ae0-4517-49d2-aed5-e0acf83ba149'),
 ('7', '4', '4', '1', '2016-06-14 03:52:08', NULL, '2016-06-14 03:52:08', '2016-06-14 03:52:08', '92506a28-9d0c-4d78-bb11-be8ca32a5243'),
 ('8', '3', '3', '1', '2016-06-14 03:55:00', NULL, '2016-06-14 03:55:14', '2016-09-18 17:55:13', 'b517d280-ee7b-4842-a6a7-a869cf47ef7e'),
 ('9', '3', '3', '1', '2016-06-14 03:55:00', NULL, '2016-06-14 03:55:34', '2016-09-23 06:30:38', '6c35d1c1-1454-4967-86f3-56573a9d238c'),
 ('10', '5', '5', '1', '2016-06-14 03:57:00', NULL, '2016-06-14 03:57:21', '2016-09-12 01:14:16', 'b80b41b8-feba-4857-9391-569d1d893edc'),
 ('11', '5', '5', '1', '2016-06-14 03:58:00', NULL, '2016-06-14 03:58:26', '2017-04-27 13:52:38', 'dcc0aeb4-1eb5-401d-a19b-59e3c2fef570'),
 ('12', '5', '5', '1', '2016-06-14 03:59:00', NULL, '2016-06-14 03:59:53', '2016-09-12 01:13:25', '7156a432-5497-4677-9793-fc3aa0a69cc0'),
 ('13', '5', '5', '1', '2016-06-14 04:00:00', NULL, '2016-06-14 04:00:57', '2016-09-12 01:12:25', '48d9e66e-d120-4174-a713-78976a5ee57e'),
 ('14', '5', '5', '1', '2016-06-14 04:01:31', NULL, '2016-06-14 04:01:31', '2016-06-14 04:01:31', '5d49ccef-0e15-4560-a580-a4c85e1fc92e'),
 ('24', '7', NULL, NULL, '2016-09-02 19:42:15', NULL, '2016-09-02 19:42:16', '2016-09-14 16:39:16', '20a9ce06-85be-4193-9579-8a10efce9571'),
 ('25', '6', '6', '1', '2016-09-02 19:44:00', NULL, '2016-09-02 19:44:56', '2016-09-12 06:30:14', 'db7afa65-ea9b-4e67-811f-2930e57c6398'),
 ('26', '6', '6', '1', '2016-09-02 19:45:00', NULL, '2016-09-02 19:45:47', '2016-09-12 06:28:46', '0a1c8880-c09e-4e22-acee-2eb27659ff47'),
 ('31', '6', '6', '1', '2016-09-12 06:35:27', NULL, '2016-09-12 06:35:27', '2016-09-12 06:35:27', 'eec358eb-f16c-4adc-ae12-e14f8e502487'),
 ('32', '6', '6', '1', '2016-09-12 06:37:04', NULL, '2016-09-12 06:37:04', '2016-09-12 06:37:04', '6be4b666-6859-41fa-81ab-41474fc834d1'),
 ('33', '6', '6', '1', '2016-09-12 06:39:25', NULL, '2016-09-12 06:39:25', '2016-09-12 06:39:25', '0c676d6f-bed6-49fc-ae89-eef75001dd9f'),
 ('34', '6', '6', '1', '2016-09-12 06:40:13', NULL, '2016-09-12 06:40:13', '2016-09-12 06:40:13', '3384ccef-191c-4cbd-ae79-e820b1661c03'),
 ('35', '6', '6', '1', '2016-09-12 06:40:37', NULL, '2016-09-12 06:40:37', '2016-09-12 06:40:37', 'ed45eee4-e312-4f5c-b1ce-065efde4a6d2'),
 ('36', '6', '6', '1', '2016-09-12 06:41:02', NULL, '2016-09-12 06:41:02', '2016-09-12 06:41:02', '7dd091f4-c4f9-490a-8b3a-46714f20226b'),
 ('37', '6', '6', '1', '2016-09-12 06:42:00', NULL, '2016-09-12 06:42:00', '2016-09-12 06:42:00', 'eb3c10e8-c2df-4c89-8211-ac6134980683'),
 ('38', '6', '6', '1', '2016-09-12 06:47:25', NULL, '2016-09-12 06:47:25', '2016-09-12 06:47:25', '95770f7a-4b76-465b-a99c-b323134ba34f'),
 ('39', '6', '6', '1', '2016-09-12 06:48:28', NULL, '2016-09-12 06:48:28', '2016-09-12 06:48:28', '2c0dbc6a-2746-4064-abff-4d9296ed49f3'),
 ('40', '6', '6', '1', '2016-09-12 06:49:03', NULL, '2016-09-12 06:49:03', '2016-09-12 06:49:03', 'c9b13672-8258-4109-940c-a8231af075ff'),
 ('50', '3', '3', '1', '2016-09-18 17:55:34', NULL, '2016-09-18 17:55:34', '2016-09-18 17:55:34', '83493e8c-b410-4398-81ff-ceab0f1b6aa8'),
 ('133', '8', NULL, NULL, '2017-07-28 03:42:02', NULL, '2017-07-28 03:42:02', '2017-08-02 04:15:03', '27cfb3e2-735c-448d-8df5-39bb13fdcc06');



DROP TABLE IF EXISTS `craft_entrydrafts`;


--
-- Schema for table `craft_entrydrafts`
--
CREATE TABLE `craft_entrydrafts` (
  `id` int(11) NOT NULL AUTO_INCREMENT,
  `entryId` int(11) NOT NULL,
  `sectionId` int(11) NOT NULL,
  `creatorId` int(11) NOT NULL,
  `locale` char(12) COLLATE utf8_unicode_ci NOT NULL,
  `name` varchar(255) COLLATE utf8_unicode_ci NOT NULL,
  `notes` tinytext COLLATE utf8_unicode_ci,
  `data` mediumtext COLLATE utf8_unicode_ci NOT NULL,
  `dateCreated` datetime NOT NULL,
  `dateUpdated` datetime NOT NULL,
  `uid` char(36) COLLATE utf8_unicode_ci NOT NULL DEFAULT '0',
  PRIMARY KEY (`id`),
  KEY `craft_entrydrafts_entryId_locale_idx` (`entryId`,`locale`),
  KEY `craft_entrydrafts_sectionId_fk` (`sectionId`),
  KEY `craft_entrydrafts_creatorId_fk` (`creatorId`),
  KEY `craft_entrydrafts_locale_fk` (`locale`)
) ENGINE=InnoDB DEFAULT CHARSET=utf8 COLLATE=utf8_unicode_ci;

DROP TABLE IF EXISTS `craft_entrytypes`;


--
-- Schema for table `craft_entrytypes`
--
CREATE TABLE `craft_entrytypes` (
  `id` int(11) NOT NULL AUTO_INCREMENT,
  `sectionId` int(11) NOT NULL,
  `fieldLayoutId` int(11) DEFAULT NULL,
  `name` varchar(255) COLLATE utf8_unicode_ci NOT NULL,
  `handle` varchar(255) COLLATE utf8_unicode_ci NOT NULL,
  `hasTitleField` tinyint(1) unsigned NOT NULL DEFAULT '1',
  `titleLabel` varchar(255) COLLATE utf8_unicode_ci DEFAULT 'Title',
  `titleFormat` varchar(255) COLLATE utf8_unicode_ci DEFAULT NULL,
  `sortOrder` smallint(6) unsigned DEFAULT NULL,
  `dateCreated` datetime NOT NULL,
  `dateUpdated` datetime NOT NULL,
  `uid` char(36) COLLATE utf8_unicode_ci NOT NULL DEFAULT '0',
  PRIMARY KEY (`id`),
  UNIQUE KEY `craft_entrytypes_name_sectionId_unq_idx` (`name`,`sectionId`),
  UNIQUE KEY `craft_entrytypes_handle_sectionId_unq_idx` (`handle`,`sectionId`),
  KEY `craft_entrytypes_sectionId_fk` (`sectionId`),
  KEY `craft_entrytypes_fieldLayoutId_fk` (`fieldLayoutId`)
) ENGINE=InnoDB AUTO_INCREMENT=9 DEFAULT CHARSET=utf8 COLLATE=utf8_unicode_ci;

--
-- Data for table `craft_entrytypes`
--

INSERT INTO `craft_entrytypes` (`id`, `sectionId`, `fieldLayoutId`, `name`, `handle`, `hasTitleField`, `titleLabel`, `titleFormat`, `sortOrder`, `dateCreated`, `dateUpdated`, `uid`) VALUES
 ('1', '1', '28', 'Homepage', 'homepage', '1', 'Title', NULL, NULL, '2016-06-12 21:58:15', '2016-09-01 15:00:15', '3542434e-4de5-4c8d-a638-6fecc7bacf48'),
 ('2', '2', '5', 'News', 'news', '1', 'Title', NULL, NULL, '2016-06-12 21:58:16', '2016-06-12 21:58:16', 'ed195569-e475-4e38-bc6b-c157d08ab0ef'),
 ('3', '3', '20', 'Slides', 'slides', '1', 'Title', NULL, NULL, '2016-06-14 02:53:16', '2016-08-26 21:46:30', '05050a71-cf3e-44b6-ba91-d0f27e0c8d0c'),
 ('4', '4', '11', 'Booth Dropdown', 'boothDropdown', '1', 'Title', NULL, NULL, '2016-06-14 03:23:21', '2016-06-14 03:24:41', '197edc34-d5a0-4fcb-ad98-d245a786c325'),
 ('5', '5', '13', 'Package Dropdown', 'packageDropdown', '1', 'Title', NULL, NULL, '2016-06-14 03:31:18', '2016-06-14 03:31:44', '17434714-bb05-4886-8448-01f1592ff950'),
 ('6', '6', '30', 'FAQs', 'faqs', '1', 'Title', NULL, NULL, '2016-09-02 19:39:40', '2016-09-02 19:39:57', '9342d95c-db9d-46c6-aeb3-f8478a6e064e'),
 ('7', '7', '33', 'FAQ', 'faq', '0', NULL, '{section.name|raw}', NULL, '2016-09-02 19:42:15', '2016-09-02 19:47:41', 'cb8dce47-3764-4c65-9270-2209beb44d3b'),
 ('8', '8', '46', 'Galleries', 'galleries', '0', NULL, '{section.name|raw}', NULL, '2017-07-28 03:42:02', '2017-08-02 04:13:24', 'dbdc560c-b2d1-4461-91e1-94fd8c1fa123');



DROP TABLE IF EXISTS `craft_entryversions`;


--
-- Schema for table `craft_entryversions`
--
CREATE TABLE `craft_entryversions` (
  `id` int(11) NOT NULL AUTO_INCREMENT,
  `entryId` int(11) NOT NULL,
  `sectionId` int(11) NOT NULL,
  `creatorId` int(11) DEFAULT NULL,
  `locale` char(12) COLLATE utf8_unicode_ci NOT NULL,
  `num` smallint(6) unsigned NOT NULL,
  `notes` tinytext COLLATE utf8_unicode_ci,
  `data` mediumtext COLLATE utf8_unicode_ci NOT NULL,
  `dateCreated` datetime NOT NULL,
  `dateUpdated` datetime NOT NULL,
  `uid` char(36) COLLATE utf8_unicode_ci NOT NULL DEFAULT '0',
  PRIMARY KEY (`id`),
  KEY `craft_entryversions_entryId_locale_idx` (`entryId`,`locale`),
  KEY `craft_entryversions_sectionId_fk` (`sectionId`),
  KEY `craft_entryversions_creatorId_fk` (`creatorId`),
  KEY `craft_entryversions_locale_fk` (`locale`)
) ENGINE=InnoDB AUTO_INCREMENT=68 DEFAULT CHARSET=utf8 COLLATE=utf8_unicode_ci;

--
-- Data for table `craft_entryversions`
--

INSERT INTO `craft_entryversions` (`id`, `entryId`, `sectionId`, `creatorId`, `locale`, `num`, `notes`, `data`, `dateCreated`, `dateUpdated`, `uid`) VALUES
 ('1', '2', '1', '1', 'en_us', '1', NULL, '{\"typeId\":\"1\",\"authorId\":null,\"title\":\"Homepage\",\"slug\":\"homepage\",\"postDate\":1465768695,\"expiryDate\":null,\"enabled\":1,\"parentId\":null,\"fields\":[]}', '2016-06-12 21:58:16', '2016-06-12 21:58:16', '4689ee31-6bee-4e67-8b2b-be2ac702039e'),
 ('2', '2', '1', '1', 'en_us', '2', NULL, '{\"typeId\":null,\"authorId\":null,\"title\":\"Welcome to Localhost!\",\"slug\":\"homepage\",\"postDate\":1465768695,\"expiryDate\":null,\"enabled\":\"1\",\"parentId\":null,\"fields\":{\"1\":\"<p>It\\u2019s true, this site doesn\\u2019t have a whole lot of content yet, but don\\u2019t worry. Our web developers have just installed the CMS, and they\\u2019re setting things up for the content editors this very moment. Soon Localhost will be an oasis of fresh perspectives, sharp analyses, and astute opinions that will keep you coming back again and again.<\\/p>\"}}', '2016-06-12 21:58:16', '2016-06-12 21:58:16', 'f579003a-b3b8-4041-a2a9-b5b6f1092f9e'),
 ('3', '3', '2', '1', 'en_us', '1', NULL, '{\"typeId\":\"2\",\"authorId\":\"1\",\"title\":\"We just installed Craft!\",\"slug\":\"we-just-installed-craft\",\"postDate\":1465768696,\"expiryDate\":null,\"enabled\":1,\"parentId\":null,\"fields\":[]}', '2016-06-12 21:58:16', '2016-06-12 21:58:16', '7442c643-67c6-4e4d-b93f-2b46c7d5495d'),
 ('4', '4', '4', '1', 'en_us', '1', '', '{\"typeId\":null,\"authorId\":\"1\",\"title\":\"Open-air Design\",\"slug\":\"open-air-design\",\"postDate\":1465876241,\"expiryDate\":null,\"enabled\":1,\"parentId\":null,\"fields\":{\"1\":\"<p>The LAB has an elegant, modern open-air design making it easy to set up in any type of venue. There are no constraints and no extra clutter. Whether you\\u2019re a posing solo or with a group, there is ample space for up to 20 guests to get an effortlessly perfect shot<\\/p>\"}}', '2016-06-14 03:50:41', '2016-06-14 03:50:41', '47534d46-d0b0-4153-bd20-a5aaa43e64ed'),
 ('5', '5', '4', '1', 'en_us', '1', '', '{\"typeId\":null,\"authorId\":\"1\",\"title\":\"Studio Quality Camera\",\"slug\":\"studio-quality-camera\",\"postDate\":1465876268,\"expiryDate\":null,\"enabled\":1,\"parentId\":null,\"fields\":{\"1\":\"<p>It wouldn\\u2019t be fair to get dolled up just to get a bad picture in return. The LAB is equipped with innovative photographic technology and professional lighting that ensure highest quality images every time.<\\/p>\"}}', '2016-06-14 03:51:08', '2016-06-14 03:51:08', 'b7690b16-c881-43f9-b464-fb059bcfff04'),
 ('6', '6', '4', '1', 'en_us', '1', '', '{\"typeId\":null,\"authorId\":\"1\",\"title\":\"Snap & Share\",\"slug\":\"snap-share\",\"postDate\":1465876310,\"expiryDate\":null,\"enabled\":1,\"parentId\":null,\"fields\":{\"1\":\"<p>We know once you get that killer shot, you\\u2019re going to want everyone to see it. Share and send your picture directly to your social media pages or via email or text instantly with our convenient and super easy touchscreen technology.&nbsp;<\\/p>\"}}', '2016-06-14 03:51:50', '2016-06-14 03:51:50', '640cda36-4d47-4315-bba9-a7796a238494'),
 ('7', '7', '4', '1', 'en_us', '1', '', '{\"typeId\":null,\"authorId\":\"1\",\"title\":\"The Perfect Keepsake\",\"slug\":\"the-perfect-keepsake\",\"postDate\":1465876328,\"expiryDate\":null,\"enabled\":1,\"parentId\":null,\"fields\":{\"1\":\"<p>Every photo is customizable to commemorate the occasion. Choose from an assortment of photo sizes customized with frames, company logos, event graphics and more. The possibilities are endless to transform your pictures into an ultimate celebration souvenir.<\\/p>\"}}', '2016-06-14 03:52:08', '2016-06-14 03:52:08', '1c311b23-f104-451d-837d-e668abb8456f'),
 ('8', '8', '3', '1', 'en_us', '1', '', '{\"typeId\":null,\"authorId\":\"1\",\"title\":\"We\\u2019ve Got Your Back (drop)\",\"slug\":\"weve-got-your-back-drop\",\"postDate\":1465876513,\"expiryDate\":null,\"enabled\":1,\"parentId\":null,\"fields\":{\"14\":\"\",\"1\":\"<p>The backdrop is the canvas on which the perfect pictures are created. Our assortment of backgrounds come in an array of different colors and patterns to complement the excitement of your celebration. Do you need a backdrop of a ship for a bon voyage party or other party themes? Custom backdrops are also available at an additional charge.<\\/p>\"}}', '2016-06-14 03:55:14', '2016-06-14 03:55:14', 'fc47d29a-075a-4154-b7d8-5811fb519b35'),
 ('9', '9', '3', '1', 'en_us', '1', '', '{\"typeId\":null,\"authorId\":\"1\",\"title\":\"The LAB PropShop\",\"slug\":\"the-lab-propshop\",\"postDate\":1465876534,\"expiryDate\":null,\"enabled\":1,\"parentId\":null,\"fields\":{\"14\":\"\",\"1\":\"<p>It\\u2019s important that every picture is one of a kind and 100% YOU. The LAB\\u2019s PropShop is fully loaded with tons of different accessories, masks and other knick-knacks necessary to make each picture anything but ordinary. Having an 80\\u2019s party and need a rockin\\u2019 mullet wig? We can cater the PropShop to match any party theme at an additional charge.<\\/p>\"}}', '2016-06-14 03:55:34', '2016-06-14 03:55:34', 'b8fc4e59-43b6-4952-a698-962d63e50723'),
 ('10', '10', '5', '1', 'en_us', '1', '', '{\"typeId\":null,\"authorId\":\"1\",\"title\":\"SOCIAL booth\",\"slug\":\"social-booth\",\"postDate\":1465876640,\"expiryDate\":null,\"enabled\":1,\"parentId\":null,\"fields\":{\"1\":\"<p>No time for prints? The social both allows you to instantly send your picture to yourself via text\\/email or share with your friends posting your picture directly to your social media page right from the booth!&nbsp;<\\/p>\\r\\n\\r\\n<ul><li>2 hours of LAB time<\\/li><li>1 LAB assistant<\\/li><li>Personalized photo design<\\/li><li>Online Facebook gallery<\\/li><li>Social media integration&nbsp;<\\/li><\\/ul><p>$550<\\/p>\\r\\n\\r\\n\\r\\n\\r\\n\\r\\n\\r\\n\\r\\n\\r\\n\"}}', '2016-06-14 03:57:21', '2016-06-14 03:57:21', 'ad284abb-8814-4136-9206-c1196d7fcbc9'),
 ('11', '11', '5', '1', 'en_us', '1', '', '{\"typeId\":null,\"authorId\":\"1\",\"title\":\"CLASSIC booth\",\"slug\":\"classic-booth\",\"postDate\":1465876706,\"expiryDate\":null,\"enabled\":1,\"parentId\":null,\"fields\":{\"1\":\"<p>Two full hours with the booth, a beautiful backdrop and a LAB assistant to help you though. Your guests are sure to be entertained and they will be leaving with a personalized keepsake from your event.<\\/p><ul><li>2 hours of LAB time<\\/li><li>1 LAB assistant<\\/li><li>Standard backdrop<\\/li><li>Personalized photo design<\\/li><li>Unlimited 1 print per setting<\\/li><\\/ul><p>$700<br><\\/p>\\r\\n\\r\\n\\r\\n\\r\\n\\r\\n\\r\\n\\r\\n\\r\\n\"}}', '2016-06-14 03:58:26', '2016-06-14 03:58:26', '18359c96-7088-429f-b324-34e7fbe73ee8'),
 ('12', '12', '5', '1', 'en_us', '1', '', '{\"typeId\":null,\"authorId\":\"1\",\"title\":\"ESSETNTIAL booth\",\"slug\":\"essetntial-booth\",\"postDate\":1465876793,\"expiryDate\":null,\"enabled\":1,\"parentId\":null,\"fields\":{\"1\":\"<p>This has been the option for many happy clients \\u2013 in addition to your backdrop selection, additional print per sitting, your guest will enjoy digging into the PropShop to truly customize their shot. For three hours The LAB is yours to capture all your event memories!<\\/p>\\r\\n\\r\\n<ul><li>3 hours of LAB time<\\/li><li>2 LAB assistant<\\/li><li>Standard backdrop&nbsp;<\\/li><li>Standard PropShop<\\/li><li>Personalized photo design<\\/li><li>Unlimited 2 prints per setting<\\/li><li>Online Facebook gallery<\\/li><li>Social media integration<\\/li><\\/ul>\\r\\n\\r\\n\\r\\n\\r\\n\\r\\n\\r\\n\\r\\n\\r\\n\\r\\n\\r\\n\\r\\n\\r\\n\\r\\n\\r\\n<p>$900<br><\\/p>\"}}', '2016-06-14 03:59:53', '2016-06-14 03:59:53', 'e61f2b4a-6a8b-4753-bca7-36599b580e02'),
 ('13', '13', '5', '1', 'en_us', '1', '', '{\"typeId\":null,\"authorId\":\"1\",\"title\":\"BOSS booth\",\"slug\":\"boss-booth\",\"postDate\":1465876857,\"expiryDate\":null,\"enabled\":1,\"parentId\":null,\"fields\":{\"1\":\"<p>Keep your guest coming back for more with four full hours with The LAB, two LAB assistants, a premium backdrop and custom props from the PropShop. &nbsp;Plus, your guest will have the option to print the keepsake and use the social kiosk to share a copy friends on their Facebook or Twitter page.&nbsp;<br><\\/p><ul><li>4 hours of LAB time&nbsp;<\\/li><li>2 LAB assistants&nbsp;<\\/li><li>Premium backdrop &nbsp;<\\/li><li>Custom PropShop<\\/li><li>Personalized photo design&nbsp;<\\/li><li>Unlimited&nbsp;<\\/li><li>Online Facebook gallery&nbsp;<\\/li><li>Social media integration&nbsp;<\\/li><li>Social media kiosk&nbsp;<\\/li><\\/ul><p>$1350<\\/p>\"}}', '2016-06-14 04:00:57', '2016-06-14 04:00:57', '54bdd9e7-a311-4982-af44-bce8d475e313'),
 ('14', '14', '5', '1', 'en_us', '1', '', '{\"typeId\":null,\"authorId\":\"1\",\"title\":\"HEADSHOTS\",\"slug\":\"headshots\",\"postDate\":1465876891,\"expiryDate\":null,\"enabled\":1,\"parentId\":null,\"fields\":{\"1\":\"<p>Are your employees using selfies and Instagram-filtered pictures for their professional headshots? The LAB is now available for headshots. You\\u2019ll get six headshots each for up to 35 employees \\u2013 with additional employees for $25 a person. We provide you with a white backdrop, a LAB assistant, and digital copies of every image. You provide the professionalism \\u2013 or goofiness! After all it\\u2019s your headshot<\\/p><p>$800<\\/p>\"}}', '2016-06-14 04:01:31', '2016-06-14 04:01:31', '224b9bab-7bc2-42bf-a955-8c4c168451b7'),
 ('15', '2', '1', '1', 'en_us', '3', '', '{\"typeId\":null,\"authorId\":null,\"title\":\"Home\",\"slug\":\"homepage\",\"postDate\":1465768695,\"expiryDate\":null,\"enabled\":1,\"parentId\":null,\"fields\":{\"7\":\"\",\"6\":\"<p>The LAB is a Dallas based party photo booth company on a mission to add a touch of sophisticated fun to your events. Our luxurious open-air photo booth is sure to make a statement and make memories that you\\u2019ll never forget.<\\/p>\\r\\n\\r\\n<p>So, what\\u2019s your occasion? A birthday? A wedding? A corporate shindig? You name it and The LAB photo booth will take the fun and entertainment up a notch.&nbsp;<\\/p>\",\"5\":\"Welcome to The LAB\",\"3\":\"\",\"4\":\"\",\"22\":\"\",\"17\":\"<p>There are tons of different party and event ideas that The LAB can add hours of fun and excitement to. From personal to corporate level, The LAB has options to fit your needs.<\\/p>\",\"16\":\"\",\"18\":[\"4\",\"5\",\"6\",\"7\"],\"11\":\"\",\"10\":\"<p>Come on in The LAB<\\/p><p>Inside The LAB is where all the magic happens and pictures truly come alive. Our collection of backdrops and props lets your guests make their photo op as classic or quirky as they\\u2019d like. Let\\u2019s get started!<\\/p>\",\"15\":[\"8\",\"9\"],\"9\":\"<p>What sets The LAB apart is our ability to seamlessly become part of the party and provide a fun, yet stylish experience. You get a professional quality camera and lighting equipment that promises to never take a bad picture and totally WOW your guests. The LAB provides:<\\/p>\",\"8\":\"A Close up of the LAB\",\"21\":\"\",\"19\":\"\",\"20\":\"The LAB Experience Packages\"}}', '2016-06-14 04:04:55', '2016-06-14 04:04:55', 'b973e49e-986a-4729-b0eb-37ca49135157'),
 ('16', '2', '1', '1', 'en_us', '4', '', '{\"typeId\":null,\"authorId\":null,\"title\":\"Home\",\"slug\":\"homepage\",\"postDate\":1465768695,\"expiryDate\":null,\"enabled\":1,\"parentId\":null,\"fields\":{\"7\":\"\",\"6\":\"<p>The LAB is a Dallas based party photo booth company on a mission to add a touch of sophisticated fun to your events. Our luxurious open-air photo booth is sure to make a statement and make memories that you\\u2019ll never forget.<\\/p>\\r\\n\\r\\n<p>So, what\\u2019s your occasion? A birthday? A wedding? A corporate shindig? You name it and The LAB photo booth will take the fun and entertainment up a notch.&nbsp;<\\/p>\",\"5\":\"Welcome to The LAB\",\"3\":\"\",\"4\":\"\",\"22\":\"\",\"17\":\"\",\"16\":\"\",\"18\":[\"4\",\"5\",\"6\",\"7\"],\"11\":\"\",\"10\":\"<p>Come on in The LAB<\\/p>\\r\\n\\r\\n<p>Inside The LAB is where all the magic happens and pictures truly come alive. Our collection of backdrops and props lets your guests make their photo op as classic or quirky as they\\u2019d like. Let\\u2019s get started!<\\/p>\",\"15\":[\"8\",\"9\"],\"9\":\"<p>What sets The LAB apart is our ability to seamlessly become part of the party and provide a fun, yet stylish experience. You get a professional quality camera and lighting equipment that promises to never take a bad picture and totally WOW your guests. The LAB provides:<\\/p>\",\"8\":\"A Close up of the LAB\",\"21\":\"<p>There are tons of different party and event ideas that The LAB can add hours of fun and excitement to. From personal to corporate level, The LAB has options to fit your needs.<\\/p>\",\"19\":[\"10\",\"11\",\"12\",\"13\",\"14\"],\"20\":\"The LAB Experience Packages\"}}', '2016-06-14 04:06:14', '2016-06-14 04:06:14', '988f48c3-3af1-4b52-b959-d92facfda867'),
 ('17', '2', '1', '1', 'en_us', '5', '', '{\"typeId\":null,\"authorId\":null,\"title\":\"Home\",\"slug\":\"homepage\",\"postDate\":1465768695,\"expiryDate\":null,\"enabled\":1,\"parentId\":null,\"fields\":{\"7\":[\"18\"],\"6\":\"<p>The LAB is a Dallas based party photo booth company on a mission to add a touch of sophisticated fun to your events. Our luxurious open-air photo booth is sure to make a statement and make memories that you\\u2019ll never forget.<\\/p>\\r\\n\\r\\n<p>So, what\\u2019s your occasion? A birthday? A wedding? A corporate shindig? You name it and The LAB photo booth will take the fun and entertainment up a notch.&nbsp;<\\/p>\",\"5\":\"Welcome to The LAB\",\"3\":\"\",\"4\":\"\",\"22\":[\"20\"],\"17\":\"<p>place holder&nbsp;place holder&nbsp;place holder&nbsp;place holder&nbsp;place holder&nbsp;place holder&nbsp;place holder&nbsp;place holder&nbsp;place holder&nbsp;place holder&nbsp;place holder&nbsp;place holder&nbsp;place holder&nbsp;place holder&nbsp;place holder&nbsp;place holder&nbsp;place holder&nbsp;place holder&nbsp;place holder&nbsp;place holder&nbsp;place holder&nbsp;place holder&nbsp;place holder&nbsp;place holder&nbsp;place holder&nbsp;place holder&nbsp;place holder&nbsp;place holder&nbsp;place holder&nbsp;place holder&nbsp;place holder<\\/p>\",\"16\":\"The Lab Propshop\",\"18\":[\"4\",\"5\",\"6\",\"7\"],\"11\":[\"19\"],\"10\":\"<p>Come on in The LAB<\\/p>\\r\\n\\r\\n<p>Inside The LAB is where all the magic happens and pictures truly come alive. Our collection of backdrops and props lets your guests make their photo op as classic or quirky as they\\u2019d like. Let\\u2019s get started!<\\/p>\",\"15\":[\"8\",\"9\"],\"9\":\"<p>What sets The LAB apart is our ability to seamlessly become part of the party and provide a fun, yet stylish experience. You get a professional quality camera and lighting equipment that promises to never take a bad picture and totally WOW your guests. The LAB provides:<\\/p>\",\"8\":\"A Close up of the LAB\",\"21\":\"<p>There are tons of different party and event ideas that The LAB can add hours of fun and excitement to. From personal to corporate level, The LAB has options to fit your needs.<\\/p>\",\"19\":[\"10\",\"11\",\"12\",\"13\",\"14\"],\"20\":\"The LAB Experience Packages\"}}', '2016-08-26 15:53:20', '2016-08-26 15:53:20', '831875c2-feb5-4ab1-a8ec-1c91f88f1115'),
 ('18', '9', '3', '1', 'en_us', '2', '', '{\"typeId\":\"3\",\"authorId\":\"1\",\"title\":\"The LAB PropShop\",\"slug\":\"the-lab-propshop\",\"postDate\":1465876500,\"expiryDate\":null,\"enabled\":1,\"parentId\":null,\"fields\":{\"14\":[\"21\"],\"1\":\"<p>It\\u2019s important that every picture is one of a kind and 100% YOU. The LAB\\u2019s PropShop is fully loaded with tons of different accessories, masks and other knick-knacks necessary to make each picture anything but ordinary. Having an 80\\u2019s party and need a rockin\\u2019 mullet wig? We can cater the PropShop to match any party theme at an additional charge.<\\/p>\"}}', '2016-08-26 15:56:58', '2016-08-26 15:56:58', '287b95b6-3755-4343-a339-44d21ef703be'),
 ('19', '8', '3', '1', 'en_us', '2', '', '{\"typeId\":\"3\",\"authorId\":\"1\",\"title\":\"We\\u2019ve Got Your Back (drop)\",\"slug\":\"weve-got-your-back-drop\",\"postDate\":1465876500,\"expiryDate\":null,\"enabled\":1,\"parentId\":null,\"fields\":{\"14\":[\"17\"],\"1\":\"<p>The backdrop is the canvas on which the perfect pictures are created. Our assortment of backgrounds come in an array of different colors and patterns to complement the excitement of your celebration. Do you need a backdrop of a ship for a bon voyage party or other party themes? Custom backdrops are also available at an additional charge.<\\/p>\"}}', '2016-08-26 15:57:16', '2016-08-26 15:57:16', 'f1d28217-0c67-44a8-a594-9251c54565ed'),
 ('20', '2', '1', '1', 'en_us', '6', '', '{\"typeId\":null,\"authorId\":null,\"title\":\"Home\",\"slug\":\"homepage\",\"postDate\":1465768695,\"expiryDate\":null,\"enabled\":1,\"parentId\":null,\"fields\":{\"7\":[\"18\"],\"6\":\"<p>The LAB is a Dallas based party photo booth company on a mission to add a touch of sophisticated fun to your events. Our luxurious open-air photo booth is sure to make a statement and make memories that you\\u2019ll never forget.<\\/p>\\r\\n\\r\\n<p>So, what\\u2019s your occasion? A birthday? A wedding? A corporate shindig? You name it and The LAB photo booth will take the fun and entertainment up a notch.&nbsp;<\\/p>\",\"5\":\"Welcome to The LAB\",\"3\":\"\",\"4\":\"\",\"22\":[\"20\"],\"17\":\"<p>place holder&nbsp;place holder&nbsp;place holder&nbsp;place holder&nbsp;place holder&nbsp;place holder&nbsp;place holder&nbsp;place holder&nbsp;place holder&nbsp;place holder&nbsp;place holder&nbsp;place holder&nbsp;place holder&nbsp;place holder&nbsp;place holder&nbsp;place holder&nbsp;place holder&nbsp;place holder&nbsp;place holder&nbsp;place holder&nbsp;place holder&nbsp;place holder&nbsp;place holder&nbsp;place holder&nbsp;place holder&nbsp;place holder&nbsp;place holder&nbsp;place holder&nbsp;place holder&nbsp;place holder&nbsp;place holder<\\/p>\",\"16\":\"The Lab Propshop\",\"18\":[\"4\",\"5\",\"6\",\"7\"],\"11\":[\"19\"],\"10\":\"<p>Inside The LAB is where all the magic happens and pictures truly come alive. Our collection of backdrops and props lets your guests make their photo op as classic or quirky as they\\u2019d like. Let\\u2019s get started!<br><\\/p>\",\"30\":\"Come on in The LAB\",\"15\":[\"8\",\"9\"],\"9\":\"<p>What sets The LAB apart is our ability to seamlessly become part of the party and provide a fun, yet stylish experience. You get a professional quality camera and lighting equipment that promises to never take a bad picture and totally WOW your guests. The LAB provides:<\\/p>\",\"8\":\"A Close up of the LAB\",\"21\":\"<p>There are tons of different party and event ideas that The LAB can add hours of fun and excitement to. From personal to corporate level, The LAB has options to fit your needs.<\\/p>\",\"19\":[\"10\",\"11\",\"12\",\"13\",\"14\"],\"20\":\"The LAB Experience Packages\"}}', '2016-08-26 20:06:33', '2016-08-26 20:06:33', 'd41354bd-e80f-4494-946a-b46e12365b8e'),
 ('21', '8', '3', '1', 'en_us', '3', '', '{\"typeId\":\"3\",\"authorId\":\"1\",\"title\":\"We\\u2019ve Got Your Back (drop)\",\"slug\":\"weve-got-your-back-drop\",\"postDate\":1465876500,\"expiryDate\":null,\"enabled\":1,\"parentId\":null,\"fields\":{\"14\":[\"17\"],\"1\":\"<p>The backdrop is the canvas on which the perfect pictures are created. Our assortment of backgrounds come in an array of different colors and patterns to complement the excitement of your celebration. Do you need a backdrop of a ship for a bon voyage party or other party themes? Custom backdrops are also available at an additional charge.<\\/p>\",\"31\":\"text-white\"}}', '2016-08-26 21:46:51', '2016-08-26 21:46:51', '81dbf822-5568-465a-95f9-093df87b7896'),
 ('22', '9', '3', '1', 'en_us', '3', '', '{\"typeId\":\"3\",\"authorId\":\"1\",\"title\":\"The LAB PropShop\",\"slug\":\"the-lab-propshop\",\"postDate\":1465876500,\"expiryDate\":null,\"enabled\":1,\"parentId\":null,\"fields\":{\"14\":[\"21\"],\"1\":\"<p>It\\u2019s important that every picture is one of a kind and 100% YOU. The LAB\\u2019s PropShop is fully loaded with tons of different accessories, masks and other knick-knacks necessary to make each picture anything but ordinary. Having an 80\\u2019s party and need a rockin\\u2019 mullet wig? We can cater the PropShop to match any party theme at an additional charge.<\\/p>\",\"31\":\"text-black\"}}', '2016-08-26 21:47:35', '2016-08-26 21:47:35', '4bef0384-8755-49ec-8033-5fa4e5958263'),
 ('23', '2', '1', '1', 'en_us', '7', '', '{\"typeId\":null,\"authorId\":null,\"title\":\"Home\",\"slug\":\"homepage\",\"postDate\":1465768695,\"expiryDate\":null,\"enabled\":1,\"parentId\":null,\"fields\":{\"7\":[\"18\"],\"6\":\"<p>The LAB is a Dallas based party photo booth company on a mission to add a touch of sophisticated fun to your events. Our luxurious open-air photo booth is sure to make a statement and make memories that you\\u2019ll never forget.<\\/p>\\r\\n\\r\\n<p>So, what\\u2019s your occasion? A birthday? A wedding? A corporate shindig? You name it and The LAB photo booth will take the fun and entertainment up a notch.&nbsp;<\\/p>\",\"5\":\"Welcome to The LAB\",\"33\":\"<p>We are super excited that you want more info on The LAB. Please compete the information below and we\\u2019ll get touch soon to get the party started!<\\/p>\",\"32\":\"Contact\",\"3\":\"\",\"4\":\"\",\"22\":[\"20\"],\"17\":\"<p>place holder&nbsp;place holder&nbsp;place holder&nbsp;place holder&nbsp;place holder&nbsp;place holder&nbsp;place holder&nbsp;place holder&nbsp;place holder&nbsp;place holder&nbsp;place holder&nbsp;place holder&nbsp;place holder&nbsp;place holder&nbsp;place holder&nbsp;place holder&nbsp;place holder&nbsp;place holder&nbsp;place holder&nbsp;place holder&nbsp;place holder&nbsp;place holder&nbsp;place holder&nbsp;place holder&nbsp;place holder&nbsp;place holder&nbsp;place holder&nbsp;place holder&nbsp;place holder&nbsp;place holder&nbsp;place holder<\\/p>\",\"16\":\"The Lab Propshop\",\"18\":[\"4\",\"5\",\"6\",\"7\"],\"11\":[\"19\"],\"10\":\"<p>Inside The LAB is where all the magic happens and pictures truly come alive. Our collection of backdrops and props lets your guests make their photo op as classic or quirky as they\\u2019d like. Let\\u2019s get started!<br><\\/p>\",\"30\":\"Come on in The LAB\",\"15\":[\"8\",\"9\"],\"9\":\"<p>What sets The LAB apart is our ability to seamlessly become part of the party and provide a fun, yet stylish experience. You get a professional quality camera and lighting equipment that promises to never take a bad picture and totally WOW your guests. The LAB provides:<\\/p>\",\"8\":\"A Close up of the LAB\",\"21\":\"<p>There are tons of different party and event ideas that The LAB can add hours of fun and excitement to. From personal to corporate level, The LAB has options to fit your needs.<\\/p>\",\"19\":[\"10\",\"11\",\"12\",\"13\",\"14\"],\"20\":\"The LAB Experience Packages\"}}', '2016-08-29 16:43:09', '2016-08-29 16:43:09', 'd405f5f6-1ca8-46b7-ae56-c071090d77ea'),
 ('24', '2', '1', '1', 'en_us', '8', '', '{\"typeId\":null,\"authorId\":null,\"title\":\"Home\",\"slug\":\"homepage\",\"postDate\":1465768695,\"expiryDate\":null,\"enabled\":1,\"parentId\":null,\"fields\":{\"7\":[\"18\"],\"6\":\"<p>The LAB is a Dallas based party photo booth company on a mission to add a touch of sophisticated fun to your events. Our luxurious open-air photo booth is sure to make a statement and make memories that you\\u2019ll never forget.<\\/p>\\r\\n\\r\\n<p>So, what\\u2019s your occasion? A birthday? A wedding? A corporate shindig? You name it and The LAB photo booth will take the fun and entertainment up a notch.&nbsp;<\\/p>\",\"5\":\"Welcome to The LAB\",\"34\":\"#000000\",\"33\":\"<p>We are super excited that you want more info on The LAB. Please compete the information below and we\\u2019ll get touch soon to get the party started!<\\/p>\",\"32\":\"Contact\",\"3\":\"\",\"4\":\"\",\"22\":[\"20\"],\"17\":\"<p>place holder&nbsp;place holder&nbsp;place holder&nbsp;place holder&nbsp;place holder&nbsp;place holder&nbsp;place holder&nbsp;place holder&nbsp;place holder&nbsp;place holder&nbsp;place holder&nbsp;place holder&nbsp;place holder&nbsp;place holder&nbsp;place holder&nbsp;place holder&nbsp;place holder&nbsp;place holder&nbsp;place holder&nbsp;place holder&nbsp;place holder&nbsp;place holder&nbsp;place holder&nbsp;place holder&nbsp;place holder&nbsp;place holder&nbsp;place holder&nbsp;place holder&nbsp;place holder&nbsp;place holder&nbsp;place holder<\\/p>\",\"16\":\"The Lab Propshop\",\"18\":[\"4\",\"5\",\"6\",\"7\"],\"11\":[\"19\"],\"10\":\"<p>Inside The LAB is where all the magic happens and pictures truly come alive. Our collection of backdrops and props lets your guests make their photo op as classic or quirky as they\\u2019d like. Let\\u2019s get started!<br><\\/p>\",\"30\":\"Come on in The LAB\",\"15\":[\"8\",\"9\"],\"9\":\"<p>What sets The LAB apart is our ability to seamlessly become part of the party and provide a fun, yet stylish experience. You get a professional quality camera and lighting equipment that promises to never take a bad picture and totally WOW your guests. The LAB provides:<\\/p>\",\"8\":\"A Close up of the LAB\",\"21\":\"<p>There are tons of different party and event ideas that The LAB can add hours of fun and excitement to. From personal to corporate level, The LAB has options to fit your needs.<\\/p>\",\"19\":[\"10\",\"11\",\"12\",\"13\",\"14\"],\"20\":\"The LAB Experience Packages\"}}', '2016-08-29 18:18:38', '2016-08-29 18:18:38', '2aad4101-9208-40d0-9208-23ec2e843812'),
 ('25', '2', '1', '1', 'en_us', '9', '', '{\"typeId\":null,\"authorId\":null,\"title\":\"Home\",\"slug\":\"homepage\",\"postDate\":1465768695,\"expiryDate\":null,\"enabled\":1,\"parentId\":null,\"fields\":{\"7\":[\"18\"],\"6\":\"<p>The LAB is a Dallas based party photo booth company on a mission to add a touch of sophisticated fun to your events. Our luxurious open-air photo booth is sure to make a statement and make memories that you\\u2019ll never forget.<\\/p>\\r\\n\\r\\n<p>So, what\\u2019s your occasion? A birthday? A wedding? A corporate shindig? You name it and The LAB photo booth will take the fun and entertainment up a notch.&nbsp;<\\/p>\",\"5\":\"Welcome to The LAB\",\"34\":\"#000000\",\"33\":\"<p>We are super excited that you want more info on The LAB. Please compete the information below and we\\u2019ll get touch soon to get the party started!<\\/p>\",\"32\":\"Contact\",\"3\":\"\",\"4\":\"\",\"22\":[\"20\"],\"17\":\"<p>place holder&nbsp;place holder&nbsp;place holder&nbsp;place holder&nbsp;place holder&nbsp;place holder&nbsp;place holder&nbsp;place holder&nbsp;place holder&nbsp;place holder&nbsp;place holder&nbsp;place holder&nbsp;place holder&nbsp;place holder&nbsp;place holder&nbsp;place holder&nbsp;place holder&nbsp;place holder&nbsp;place holder&nbsp;place holder&nbsp;place holder&nbsp;place holder&nbsp;place holder&nbsp;place holder&nbsp;place holder&nbsp;place holder&nbsp;place holder&nbsp;place holder&nbsp;place holder&nbsp;place holder&nbsp;place holder<\\/p>\",\"16\":\"The Lab Propshop\",\"18\":[\"4\",\"5\",\"6\",\"7\"],\"11\":[\"19\"],\"10\":\"<p>Inside The LAB is where all the magic happens and pictures truly come alive. Our collection of backdrops and props lets your guests make their photo op as classic or quirky as they\\u2019d like. Let\\u2019s get started!<br><\\/p>\",\"30\":\"Come on in The LAB\",\"15\":[\"8\",\"9\"],\"9\":\"<p>What sets The LAB apart is our ability to seamlessly become part of the party and provide a fun, yet stylish experience. You get a professional quality camera and lighting equipment that promises to never take a bad picture and totally WOW your guests. The LAB provides:<\\/p>\",\"8\":\"A Close up of the LAB\",\"35\":\"#bfbc31\",\"21\":\"<p>There are tons of different party and event ideas that The LAB can add hours of fun and excitement to. From personal to corporate level, The LAB has options to fit your needs.<\\/p>\",\"19\":[\"10\",\"11\",\"12\",\"13\",\"14\"],\"20\":\"The LAB Experience Packages\"}}', '2016-08-29 19:46:01', '2016-08-29 19:46:01', 'd2f2b9bf-6ad3-45ff-89cd-105a33233041'),
 ('26', '2', '1', '1', 'en_us', '10', '', '{\"typeId\":null,\"authorId\":null,\"title\":\"Home\",\"slug\":\"homepage\",\"postDate\":1465768695,\"expiryDate\":null,\"enabled\":1,\"parentId\":null,\"fields\":{\"7\":[\"18\"],\"6\":\"<p>The LAB is a Dallas based party photo booth company on a mission to add a touch of sophisticated fun to your events. Our luxurious open-air photo booth is sure to make a statement and make memories that you\\u2019ll never forget.<\\/p>\\r\\n\\r\\n<p>So, what\\u2019s your occasion? A birthday? A wedding? A corporate shindig? You name it and The LAB photo booth will take the fun and entertainment up a notch.&nbsp;<\\/p>\",\"5\":\"Welcome to The LAB\",\"34\":\"#000000\",\"33\":\"<p>We are super excited that you want more info on The LAB. Please compete the information below and we\\u2019ll get touch soon to get the party started!<\\/p>\",\"32\":\"Contact\",\"3\":\"\",\"4\":[\"22\"],\"22\":[\"20\"],\"17\":\"<p>place holder&nbsp;place holder&nbsp;place holder&nbsp;place holder&nbsp;place holder&nbsp;place holder&nbsp;place holder&nbsp;place holder&nbsp;place holder&nbsp;place holder&nbsp;place holder&nbsp;place holder&nbsp;place holder&nbsp;place holder&nbsp;place holder&nbsp;place holder&nbsp;place holder&nbsp;place holder&nbsp;place holder&nbsp;place holder&nbsp;place holder&nbsp;place holder&nbsp;place holder&nbsp;place holder&nbsp;place holder&nbsp;place holder&nbsp;place holder&nbsp;place holder&nbsp;place holder&nbsp;place holder&nbsp;place holder<\\/p>\",\"16\":\"The Lab Propshop\",\"18\":[\"4\",\"5\",\"6\",\"7\"],\"11\":[\"19\"],\"10\":\"<p>Inside The LAB is where all the magic happens and pictures truly come alive. Our collection of backdrops and props lets your guests make their photo op as classic or quirky as they\\u2019d like. Let\\u2019s get started!<br><\\/p>\",\"30\":\"Come on in The LAB\",\"15\":[\"8\",\"9\"],\"9\":\"<p>What sets The LAB apart is our ability to seamlessly become part of the party and provide a fun, yet stylish experience. You get a professional quality camera and lighting equipment that promises to never take a bad picture and totally WOW your guests. The LAB provides:<\\/p>\",\"8\":\"A Close up of the LAB\",\"35\":\"#bfbc31\",\"38\":[\"23\"],\"21\":\"<p>There are tons of different party and event ideas that The LAB can add hours of fun and excitement to. From personal to corporate level, The LAB has options to fit your needs.<\\/p>\",\"19\":[\"10\",\"11\",\"12\",\"13\",\"14\"],\"20\":\"The LAB Experience Packages\"}}', '2016-08-31 01:23:08', '2016-08-31 01:23:08', '83b5b728-0044-4675-ac84-9771801af4bd'),
 ('27', '2', '1', '1', 'en_us', '11', '', '{\"typeId\":null,\"authorId\":null,\"title\":\"Home\",\"slug\":\"homepage\",\"postDate\":1465768695,\"expiryDate\":null,\"enabled\":1,\"parentId\":null,\"fields\":{\"7\":[\"18\"],\"6\":\"<p>The LAB is a Dallas based party photo booth company on a mission to add a touch of sophisticated fun to your events. Our luxurious open-air photo booth is sure to make a statement and make memories that you\\u2019ll never forget.<\\/p>\\r\\n\\r\\n<p>So, what\\u2019s your occasion? A birthday? A wedding? A corporate shindig? You name it and The LAB photo booth will take the fun and entertainment up a notch.&nbsp;<\\/p>\",\"5\":\"Welcome to The LAB\",\"34\":\"#000000\",\"33\":\"<p>We are super excited that you want more info on The LAB. Please compete the information below and we\\u2019ll get touch soon to get the party started!<\\/p>\",\"32\":\"Contact\",\"22\":[\"20\"],\"17\":\"<p>place holder&nbsp;place holder&nbsp;place holder&nbsp;place holder&nbsp;place holder&nbsp;place holder&nbsp;place holder&nbsp;place holder&nbsp;place holder&nbsp;place holder&nbsp;place holder&nbsp;place holder&nbsp;place holder&nbsp;place holder&nbsp;place holder&nbsp;place holder&nbsp;place holder&nbsp;place holder&nbsp;place holder&nbsp;place holder&nbsp;place holder&nbsp;place holder&nbsp;place holder&nbsp;place holder&nbsp;place holder&nbsp;place holder&nbsp;place holder&nbsp;place holder&nbsp;place holder&nbsp;place holder&nbsp;place holder<\\/p>\",\"16\":\"The Lab Propshop\",\"18\":[\"4\",\"5\",\"6\",\"7\"],\"11\":[\"19\"],\"10\":\"<p>Inside The LAB is where all the magic happens and pictures truly come alive. Our collection of backdrops and props lets your guests make their photo op as classic or quirky as they\\u2019d like. Let\\u2019s get started!<br><\\/p>\",\"30\":\"Come on in The LAB\",\"15\":[\"8\",\"9\"],\"39\":\"#ffffff\",\"9\":\"<p>What sets The LAB apart is our ability to seamlessly become part of the party and provide a fun, yet stylish experience. You get a professional quality camera and lighting equipment that promises to never take a bad picture and totally WOW your guests. The LAB provides:<\\/p>\",\"8\":\"A Close up of the LAB\",\"35\":\"#bfbc31\",\"38\":[\"23\"],\"21\":\"<p>There are tons of different party and event ideas that The LAB can add hours of fun and excitement to. From personal to corporate level, The LAB has options to fit your needs.<\\/p>\",\"19\":[\"10\",\"11\",\"12\",\"13\",\"14\"],\"20\":\"The LAB Experience Packages\"}}', '2016-09-01 15:00:41', '2016-09-01 15:00:41', '525aa5d6-97db-439c-8ad8-16e80990979c'),
 ('28', '24', '7', '1', 'en_us', '1', NULL, '{\"typeId\":\"7\",\"authorId\":null,\"title\":\"FAQ\",\"slug\":\"faq\",\"postDate\":1472845335,\"expiryDate\":null,\"enabled\":1,\"parentId\":null,\"fields\":[]}', '2016-09-02 19:42:16', '2016-09-02 19:42:16', 'ee4d3905-3fd8-40c9-8f86-85734ac168bc'),
 ('29', '25', '6', '1', 'en_us', '1', '', '{\"typeId\":null,\"authorId\":\"1\",\"title\":\"How does the booth actually work? \",\"slug\":\"how-does-the-booth-actually-work\",\"postDate\":1472845495,\"expiryDate\":null,\"enabled\":1,\"parentId\":null,\"fields\":{\"1\":\"<p>It\\u2019s so simple it\\u2019s almost crazy. People approach the booth, whether having grabbed a prop or not, and can see themselves in a live view screen right in the booth.<\\/p>\\r\\n\\r\\n<p>There is a touchscreen prompt that says to press the bolt with a notice that it will take three pictures. Once pressed, it initiates a 3-image session at 5 second intervals.<\\/p>\\r\\n\\r\\n<p>Once the 3 images are complete guests are asked to leave the booth to pick up their prints and\\/or share via the social kiosk.<\\/p>\\r\\n\\r\\n<p>We have an attendant there to help liaise peeps to the process, but they\\u2019re rarely needed after a few folks see how simply it works.<\\/p>\"}}', '2016-09-02 19:44:56', '2016-09-02 19:44:56', '100b2596-53b7-47aa-aabe-326b73690c1b'),
 ('30', '26', '6', '1', 'en_us', '1', '', '{\"typeId\":null,\"authorId\":\"1\",\"title\":\"What does open-air mean? \",\"slug\":\"what-does-open-air-mean\",\"postDate\":1472845547,\"expiryDate\":null,\"enabled\":1,\"parentId\":null,\"fields\":{\"1\":\"<p>It\\u2019s so simple it\\u2019s almost crazy. People approach the booth, whether having grabbed a prop or not, and can see themselves in a live view screen right in the booth.<\\/p>\\r\\n\\r\\n<p>There is a touchscreen prompt that says to press the bolt with a notice that it will take three pictures. Once pressed, it initiates a 3-image session at 5 second intervals.<\\/p>\\r\\n\\r\\n<p>Once the 3 images are complete guests are asked to leave the booth to pick up their prints and\\/or share via the social kiosk.<\\/p>\\r\\n\\r\\n<p>We have an attendant there to help liaise peeps to the process, but they\\u2019re rarely needed after a few folks see how simply it works.<\\/p>\"}}', '2016-09-02 19:45:47', '2016-09-02 19:45:47', '89045022-2469-44ea-a7e7-62bffea3bb5b'),
 ('31', '24', '7', '1', 'en_us', '2', '', '{\"typeId\":null,\"authorId\":null,\"title\":\"FAQ\",\"slug\":\"faq\",\"postDate\":1472845335,\"expiryDate\":null,\"enabled\":1,\"parentId\":null,\"fields\":{\"1\":\"<p>We\\u2019ve taken some of the most asked questions about The LAB and listed them here. <a href=\\\"\\/#contact\\\">Give us a shout<\\/a> if we missed anything!<\\/p>\",\"40\":[\"26\",\"25\"],\"12\":\"Frequently Asked Questions\"}}', '2016-09-02 19:52:40', '2016-09-02 19:52:40', 'ed1c525f-43cb-49ac-88fc-8eddfde1b08f'),
 ('32', '2', '1', '1', 'en_us', '12', '', '{\"typeId\":null,\"authorId\":null,\"title\":\"Home\",\"slug\":\"homepage\",\"postDate\":1465768695,\"expiryDate\":null,\"enabled\":1,\"parentId\":null,\"fields\":{\"7\":[\"18\"],\"6\":\"<p>The LAB is a Dallas based party photo booth company on a mission to add a touch of sophisticated fun to your events. Our luxurious open-air photo booth is sure to make a statement and make memories that you\\u2019ll never forget.<\\/p>\\r\\n\\r\\n<p>So, what\\u2019s your occasion? A birthday? A wedding? A corporate shindig? You name it and The LAB photo booth will take the fun and entertainment up a notch.&nbsp;<\\/p>\",\"5\":\"Welcome to The LAB\",\"34\":\"#000000\",\"33\":\"<p>We are super excited that you want more info on The LAB. Please compete the information below and we\\u2019ll get touch soon to get the party started!<\\/p>\",\"32\":\"Contact\",\"22\":[\"20\"],\"17\":\"<p>It\\u2019s important that every picture is one of a kind and 100% YOU. The LAB\\u2019s PropShop is fully loaded with tons of different accessories, masks and other knick-knacks necessary to make each picture anything but ordinary. Having an 80\\u2019s party and need a rockin\\u2019 mullet wig? We can cater the PropShop to match any party theme<\\/p>\",\"16\":\"The Lab Propshop\",\"18\":[\"4\",\"5\",\"6\",\"7\"],\"11\":[\"19\"],\"10\":\"<p>Inside The LAB is where all the magic happens and pictures truly come alive. Our collection of backdrops and props lets your guests make their photo op as classic or quirky as they\\u2019d like. Let\\u2019s get started!<br><\\/p>\",\"30\":\"Come on in The LAB\",\"15\":[\"8\",\"9\"],\"39\":\"#ffffff\",\"9\":\"<p>What sets The LAB apart is our ability to seamlessly become part of the party and provide a fun, yet stylish experience. You get a professional quality camera and lighting equipment that promises to never take a bad picture and totally WOW your guests. The LAB provides:<\\/p>\",\"8\":\"A Close up of the LAB\",\"35\":\"#bfbc31\",\"38\":[\"23\"],\"21\":\"<p>There are tons of different party and event ideas that The LAB can add hours of fun and excitement to. From personal to corporate level, The LAB has options to fit your needs.<\\/p>\",\"19\":[\"10\",\"11\",\"12\",\"13\",\"14\"],\"20\":\"The LAB Experience Packages\"}}', '2016-09-08 19:15:19', '2016-09-08 19:15:19', '5075fb2d-4a83-47cd-820e-fcdd408ffbec'),
 ('33', '8', '3', '1', 'en_us', '4', '', '{\"typeId\":\"3\",\"authorId\":\"1\",\"title\":\"Empty   \",\"slug\":\"weve-got-your-back-drop\",\"postDate\":1465876500,\"expiryDate\":null,\"enabled\":1,\"parentId\":null,\"fields\":{\"14\":[\"17\"],\"1\":\"\",\"31\":\"text-white\"}}', '2016-09-08 19:23:42', '2016-09-08 19:23:42', '546eb23b-3eda-48a7-b7f1-06c162b8ee59'),
 ('34', '13', '5', '1', 'en_us', '2', '', '{\"typeId\":\"5\",\"authorId\":\"1\",\"title\":\"The CLIFF\\u00a0- $1350 \",\"slug\":\"boss-booth\",\"postDate\":1465876800,\"expiryDate\":null,\"enabled\":1,\"parentId\":null,\"fields\":{\"1\":\"<p>Keep your guest coming back for more with four full hours with The LAB, two LAB assistants, a premium backdrop and custom props from the PropShop. &nbsp;Plus, your guest will have the option to print the keepsake and use the social kiosk to share a copy friends on their Facebook or Twitter page.&nbsp;<br><\\/p>\\r\\n\\r\\n<ul><li>4 hours of LAB time&nbsp;<\\/li><li>2 LAB assistants&nbsp;<\\/li><li>Premium backdrop &nbsp;<\\/li><li>Custom PropShop<\\/li><li>Personalized photo design&nbsp;<\\/li><li>Unlimited&nbsp;<\\/li><li>Online Facebook gallery&nbsp;<\\/li><li>Social media integration&nbsp;<\\/li><li>Social media kiosk&nbsp;<\\/li><\\/ul>\\r\\n\\r\\n<p>$1350<\\/p>\"}}', '2016-09-08 19:26:35', '2016-09-08 19:26:35', '283d27ae-6e3c-4bb5-b407-67d9567eb047'),
 ('35', '12', '5', '1', 'en_us', '2', '', '{\"typeId\":\"5\",\"authorId\":\"1\",\"title\":\"The KESSLER - $900 \",\"slug\":\"essetntial-booth\",\"postDate\":1465876740,\"expiryDate\":null,\"enabled\":1,\"parentId\":null,\"fields\":{\"1\":\"<p>This has been the option for many happy clients \\u2013 in addition to your backdrop selection, additional print per sitting, your guest will enjoy digging into the PropShop to truly customize their shot. For three hours The LAB is yours to capture all your event memories!<\\/p>\\r\\n\\r\\n<ul><li>3 hours of LAB time<\\/li><li>2 LAB assistant<\\/li><li>Standard backdrop&nbsp;<\\/li><li>Standard PropShop<\\/li><li>Personalized photo design<\\/li><li>Unlimited 2 prints per setting<\\/li><li>Online Facebook gallery<\\/li><li>Social media integration<\\/li><\\/ul>\\r\\n\\r\\n<p>$900<br><\\/p>\"}}', '2016-09-08 19:27:02', '2016-09-08 19:27:02', '381c0f97-9d98-489e-ab8c-a106b65e2321'),
 ('36', '11', '5', '1', 'en_us', '2', '', '{\"typeId\":\"5\",\"authorId\":\"1\",\"title\":\"The GROVE - $700\",\"slug\":\"classic-booth\",\"postDate\":1465876680,\"expiryDate\":null,\"enabled\":1,\"parentId\":null,\"fields\":{\"1\":\"<p>Two full hours with the booth, a beautiful backdrop and a LAB assistant to help you though. Your guests are sure to be entertained and they will be leaving with a personalized keepsake from your event.<\\/p>\\r\\n\\r\\n<ul><li>2 hours of LAB time<\\/li><li>1 LAB assistant<\\/li><li>Standard backdrop<\\/li><li>Personalized photo design<\\/li><li>Unlimited 1 print per setting<\\/li><\\/ul>\\r\\n\\r\\n<p>$700<br><\\/p>\"}}', '2016-09-08 19:27:16', '2016-09-08 19:27:16', '1cab887b-e1a5-4453-aefc-dd9c54485a3c'),
 ('37', '10', '5', '1', 'en_us', '2', '', '{\"typeId\":\"5\",\"authorId\":\"1\",\"title\":\"The UPTOWN - $550*\",\"slug\":\"social-booth\",\"postDate\":1465876620,\"expiryDate\":null,\"enabled\":1,\"parentId\":null,\"fields\":{\"1\":\"<p>No time for prints? The social both allows you to instantly send your picture to yourself via text\\/email or share with your friends posting your picture directly to your social media page right from the booth!&nbsp;<\\/p>\\r\\n\\r\\n<ul><li>2 hours of LAB time<\\/li><li>1 LAB assistant<\\/li><li>Personalized photo design<\\/li><li>Online Facebook gallery<\\/li><li>Social media integration&nbsp;<\\/li><\\/ul>\\r\\n\\r\\n<p>$550<\\/p>\"}}', '2016-09-08 19:28:05', '2016-09-08 19:28:05', '37faedb6-ef46-41d0-b080-003f0478d76f'),
 ('38', '12', '5', '1', 'en_us', '3', '', '{\"typeId\":\"5\",\"authorId\":\"1\",\"title\":\"The KESSLER - $900 \",\"slug\":\"essetntial-booth\",\"postDate\":1465876740,\"expiryDate\":null,\"enabled\":1,\"parentId\":null,\"fields\":{\"1\":\"<p>This has been the option for many happy clients \\u2013 in addition to your backdrop selection, additional print per sitting, your guest will enjoy digging into the PropShop to truly customize their shot. For three hours The LAB is yours to capture all your event memories!<\\/p>\\r\\n\\r\\n<ul><li>3 hours of LAB time<\\/li><li>2 LAB assistants<\\/li><li>Standard backdrop&nbsp;<\\/li><li>Standard PropShop<\\/li><li>Personalized photo design<\\/li><li>Unlimited 2 prints per setting<\\/li><li>Online Facebook gallery<\\/li><li>Social media integration<\\/li><\\/ul>\\r\\n\\r\\n<p>$900<br><\\/p>\"}}', '2016-09-09 12:17:51', '2016-09-09 12:17:51', 'f027a4b4-e9b0-480b-a1aa-a49f4540fbb3'),
 ('39', '13', '5', '1', 'en_us', '3', '', '{\"typeId\":\"5\",\"authorId\":\"1\",\"title\":\"The CLIFF\",\"slug\":\"boss-booth\",\"postDate\":1465876800,\"expiryDate\":null,\"enabled\":1,\"parentId\":null,\"fields\":{\"1\":\"<p>Keep your guest coming back for more with four full hours with The LAB, two LAB assistants, a premium backdrop and custom props from the PropShop. &nbsp;Plus, your guest will have the option to print the keepsake and use the social kiosk to share a copy friends on their Facebook or Twitter page.&nbsp;<br><\\/p>\\r\\n\\r\\n<ul><li>4 hours of LAB time&nbsp;<\\/li><li>2 LAB assistants&nbsp;<\\/li><li>Premium backdrop &nbsp;<\\/li><li>Custom PropShop<\\/li><li>Personalized photo design&nbsp;<\\/li><li>Unlimited&nbsp;<\\/li><li>Online Facebook gallery&nbsp;<\\/li><li>Social media integration&nbsp;<\\/li><li>Social media kiosk&nbsp;<\\/li><\\/ul>\\r\\n\\r\\n<p>$1350<\\/p>\"}}', '2016-09-12 01:12:25', '2016-09-12 01:12:25', '834fd0b9-206f-4dc8-bb1a-eeb23d20361f'),
 ('40', '12', '5', '1', 'en_us', '4', '', '{\"typeId\":\"5\",\"authorId\":\"1\",\"title\":\"The KESSLER\",\"slug\":\"essetntial-booth\",\"postDate\":1465876740,\"expiryDate\":null,\"enabled\":1,\"parentId\":null,\"fields\":{\"1\":\"<p>This has been the option for many happy clients \\u2013 in addition to your backdrop selection, additional print per sitting, your guest will enjoy digging into the PropShop to truly customize their shot. For three hours The LAB is yours to capture all your event memories!<\\/p>\\r\\n\\r\\n<ul><li>3 hours of LAB time<\\/li><li>2 LAB assistants<\\/li><li>Standard backdrop&nbsp;<\\/li><li>Standard PropShop<\\/li><li>Personalized photo design<\\/li><li>Unlimited 2 prints per setting<\\/li><li>Online Facebook gallery<\\/li><li>Social media integration<\\/li><\\/ul>\\r\\n\\r\\n<p>$900<br><\\/p>\"}}', '2016-09-12 01:13:25', '2016-09-12 01:13:25', 'b577e27e-6d58-4ef3-adcf-76030970ee5c'),
 ('41', '11', '5', '1', 'en_us', '3', '', '{\"typeId\":\"5\",\"authorId\":\"1\",\"title\":\"The GROVE\",\"slug\":\"classic-booth\",\"postDate\":1465876680,\"expiryDate\":null,\"enabled\":1,\"parentId\":null,\"fields\":{\"1\":\"<p>Two full hours with the booth, a beautiful backdrop and a LAB assistant to help you though. Your guests are sure to be entertained and they will be leaving with a personalized keepsake from your event.<\\/p>\\r\\n\\r\\n<ul><li>2 hours of LAB time<\\/li><li>1 LAB assistant<\\/li><li>Standard backdrop<\\/li><li>Personalized photo design<\\/li><li>Unlimited 1 print per setting<\\/li><\\/ul>\\r\\n\\r\\n<p>$700<br><\\/p>\"}}', '2016-09-12 01:13:58', '2016-09-12 01:13:58', '2c750f46-8a41-48df-9450-483db9f8f1e3'),
 ('42', '10', '5', '1', 'en_us', '3', '', '{\"typeId\":\"5\",\"authorId\":\"1\",\"title\":\"The UPTOWN\",\"slug\":\"social-booth\",\"postDate\":1465876620,\"expiryDate\":null,\"enabled\":1,\"parentId\":null,\"fields\":{\"1\":\"<p>No time for prints? The social both allows you to instantly send your picture to yourself via text\\/email or share with your friends posting your picture directly to your social media page right from the booth!&nbsp;<\\/p>\\r\\n\\r\\n<ul><li>2 hours of LAB time<\\/li><li>1 LAB assistant<\\/li><li>Personalized photo design<\\/li><li>Online Facebook gallery<\\/li><li>Social media integration&nbsp;<\\/li><\\/ul>\\r\\n\\r\\n<p>$550<\\/p>\"}}', '2016-09-12 01:14:16', '2016-09-12 01:14:16', '42cdf56a-7776-49c6-9497-bfbc1aa8b320'),
 ('43', '9', '3', '1', 'en_us', '4', '', '{\"typeId\":\"3\",\"authorId\":\"1\",\"title\":\"We\'ve got your back(drop)\",\"slug\":\"the-lab-propshop\",\"postDate\":1465876500,\"expiryDate\":null,\"enabled\":1,\"parentId\":null,\"fields\":{\"14\":[\"21\"],\"1\":\"<p>The backdrop is the canvas on which the perfect pictures are created. Our assortment of backgrounds come in an array of different colors and patterns to complement the excitement of your celebration. Do you need a backdrop of a ship for a bon voyage party or other party themes? Let us know what you would like and we\\u2019ll&nbsp;make it happen!<\\/p><p>Scroll to the left or right to view some of our favorites.&nbsp;<\\/p>\",\"31\":\"text-black\"}}', '2016-09-12 05:57:13', '2016-09-12 05:57:13', '86671da3-5fd2-40c9-87ed-e73de3a88d81'),
 ('44', '2', '1', '1', 'en_us', '13', '', '{\"typeId\":null,\"authorId\":null,\"title\":\"Home\",\"slug\":\"homepage\",\"postDate\":1465768695,\"expiryDate\":null,\"enabled\":1,\"parentId\":null,\"fields\":{\"7\":[\"18\"],\"6\":\"<p>The LAB is a Dallas based party photo booth company on a mission to add a touch of sophisticated fun to your events. Our luxurious open-air photo booth is sure to make a statement and make memories that you\\u2019ll never forget.<\\/p>\\r\\n\\r\\n<p>So, what\\u2019s your occasion? A birthday? A wedding? A corporate shindig? You name it and The LAB photo booth will take the fun and entertainment up a notch.&nbsp;<\\/p>\",\"5\":\"Welcome to The LAB\",\"34\":\"#000000\",\"33\":\"<p>Yes! We\'re&nbsp;excited that you want more info on The LAB. Please compete the information below and we\\u2019ll get touch soon to get the party started!<\\/p>\",\"32\":\"Contact\",\"22\":[\"20\"],\"17\":\"<p>It\\u2019s important that every picture is one of a kind and 100% YOU. The LAB\\u2019s PropShop is fully loaded with tons of different accessories, masks and other knick-knacks necessary to make each picture anything but ordinary. Having an 80\\u2019s party and need a rockin\\u2019 mullet wig? We can cater the PropShop to match any party theme.<\\/p>\",\"16\":\"The Lab Propshop\",\"18\":[\"4\",\"5\",\"6\",\"7\"],\"11\":[\"19\"],\"10\":\"<p>Inside The LAB is where all the magic happens and pictures truly come alive. Our collection of backdrops and props lets your guests make their photo op as classic or quirky as they\\u2019d like. Let\\u2019s get started!<br><\\/p>\",\"30\":\"Come on in The LAB\",\"15\":[\"8\",\"9\"],\"39\":\"#ffffff\",\"9\":\"<p>What sets The LAB apart is our ability to seamlessly become part of the party and provide a fun, yet stylish experience. You get a professional quality camera and lighting equipment that promises to never take a bad picture and totally WOW your guests. The LAB provides:<\\/p>\",\"8\":\"A Close up of the LAB\",\"35\":\"#bfbc31\",\"38\":[\"23\"],\"21\":\"<p>There are tons of different party and event ideas that The LAB can add hours of fun and excitement to. From personal to corporate level, The LAB has options to fit your needs.<\\/p>\",\"19\":[\"10\",\"11\",\"12\",\"13\",\"14\"],\"20\":\"The LAB Experience Packages\"}}', '2016-09-12 06:00:39', '2016-09-12 06:00:39', '9d3e0676-08b4-4bf6-9308-e79ed3e98a89'),
 ('45', '26', '6', '1', 'en_us', '2', '', '{\"typeId\":\"6\",\"authorId\":\"1\",\"title\":\"What does open-air mean? \",\"slug\":\"what-does-open-air-mean\",\"postDate\":1472845500,\"expiryDate\":null,\"enabled\":1,\"parentId\":null,\"fields\":{\"1\":\"<p>Open-air means that the days of cramming into a photo booth are over! \\r\\n\\r\\n  <\\/p>\\r\\n\\r\\n<p>There are no constraints and no extra clutter. The LAB gives you ample space to shine in a solo picture or pack in the fun with a group picture of 20 (or more) guests to get an effortlessly perfect shot.<\\/p>\"}}', '2016-09-12 06:28:46', '2016-09-12 06:28:46', '735ceb49-7a55-4cbf-af7a-0928eb2f3b2a'),
 ('46', '25', '6', '1', 'en_us', '2', '', '{\"typeId\":\"6\",\"authorId\":\"1\",\"title\":\"How does the booth actually work? \",\"slug\":\"how-does-the-booth-actually-work\",\"postDate\":1472845440,\"expiryDate\":null,\"enabled\":1,\"parentId\":null,\"fields\":{\"1\":\"<p>We\\u2019re so glad you asked! When you\\u2019re ready to take a pic, just step up to the booth to get started. \\r\\n\\r\\n  <\\/p>\\r\\n\\r\\n<p>Feel free to sort through our plethora of props and let the good times roll. You\\u2019ll be able to see yourself live on our screen and it\\u2019s as easy as pose, snap, repeat.<\\/p>\\r\\n\\r\\n<p>&nbsp;After you\\u2019re done, pick up your printed keepsake and share on social media.<\\/p>\\r\\n\\r\\n<p>&nbsp;That\\u2019s it! Pretty simple. Remember, there will be a LAB assistant available to help you every snap of the way!<\\/p>\"}}', '2016-09-12 06:30:14', '2016-09-12 06:30:14', 'd637d570-944f-4943-b712-4819137de03b'),
 ('47', '31', '6', '1', 'en_us', '1', '', '{\"typeId\":null,\"authorId\":\"1\",\"title\":\"How do I make sure The LAB is a hit with my guest? \",\"slug\":\"how-do-i-make-sure-the-lab-is-a-hit-with-my-guest\",\"postDate\":1473662127,\"expiryDate\":null,\"enabled\":1,\"parentId\":null,\"fields\":{\"1\":\"<p>Three words.\\r\\n\\r\\n  <\\/p>\\r\\n\\r\\n<p>LOCATION \\u2013 Make sure that the booth is going to be visible and accessible to all of the guests. The LAB is a natural attention grabber and by putting your booth in a prominent location, you\\u2019re guaranteed to get optimum interaction from guests.<\\/p>\\r\\n\\r\\n<p>NOTIFICATION \\u2013 Spread the word that The LAB will be in the building! Include information on invitations, use signage or good \\u2018ol word of mouth to direct your guests to snap a few pictures in the booth.<\\/p>\\r\\n\\r\\n<p>PERSONALIZATION \\u2013 It\\u2019s your party, you should have what you want to! Your booth should be a representation of you at all times. Choose props, background and other decorations that reflects the energy of your event and gets guests amped up to hop in and start snapping.<\\/p>\"}}', '2016-09-12 06:35:27', '2016-09-12 06:35:27', '08f98a30-185d-4db5-8f94-596552b6698e'),
 ('48', '32', '6', '1', 'en_us', '1', '', '{\"typeId\":null,\"authorId\":\"1\",\"title\":\"How long is setup time for The LAB ? Who sets it up? \",\"slug\":\"how-long-is-setup-time-for-the-lab-who-sets-it-up\",\"postDate\":1473662224,\"expiryDate\":null,\"enabled\":1,\"parentId\":null,\"fields\":{\"1\":\"<p>Setups take approx. one (1) hour and all setting up of The LAB is done by a LAB assistant.<span><\\/span><\\/p>\"}}', '2016-09-12 06:37:04', '2016-09-12 06:37:04', 'e19bc5d6-2b23-45e2-9d3a-8d781f43eb53'),
 ('49', '33', '6', '1', 'en_us', '1', '', '{\"typeId\":null,\"authorId\":\"1\",\"title\":\"What is a LAB assistant?\",\"slug\":\"what-is-a-lab-assistant\",\"postDate\":1473662365,\"expiryDate\":null,\"enabled\":1,\"parentId\":null,\"fields\":{\"1\":\"<p>A LAB assistant is one of our designated representatives responsible for assembling and disassembling The LAB equipment and helping out with pictures during your event. Feel free to ask them for assistance during photo sessions and any other questions you have. That\\u2019s what they\\u2019re here for!<br><\\/p>\"}}', '2016-09-12 06:39:25', '2016-09-12 06:39:25', 'a4267119-ecf2-492e-992b-6057a952492f'),
 ('50', '34', '6', '1', 'en_us', '1', '', '{\"typeId\":null,\"authorId\":\"1\",\"title\":\"How long can we book The LAB?\",\"slug\":\"how-long-can-we-book-the-lab\",\"postDate\":1473662413,\"expiryDate\":null,\"enabled\":1,\"parentId\":null,\"fields\":{\"1\":\"<p>The LAB\'s minimum hire time is 2 hours, great for events with less than 120 party people. Should you have more guests, we suggest adding an additional hour per every 60 guests.<\\/p>\"}}', '2016-09-12 06:40:13', '2016-09-12 06:40:13', '10023153-6c6b-4b97-bf2a-f269c2f602e0'),
 ('51', '35', '6', '1', 'en_us', '1', '', '{\"typeId\":null,\"authorId\":\"1\",\"title\":\"Do you have professional liability insurance? \",\"slug\":\"do-you-have-professional-liability-insurance\",\"postDate\":1473662437,\"expiryDate\":null,\"enabled\":1,\"parentId\":null,\"fields\":{\"1\":\"<p>Absolutely. Don\\u2019t worry, we\\u2019re covered!<\\/p>\"}}', '2016-09-12 06:40:37', '2016-09-12 06:40:37', '7bd20523-c666-460c-9f74-6455bd60a924'),
 ('52', '36', '6', '1', 'en_us', '1', '', '{\"typeId\":null,\"authorId\":\"1\",\"title\":\"Where can we see sample backdrop, props and photo card designs? \",\"slug\":\"where-can-we-see-sample-backdrop-props-and-photo-card-designs\",\"postDate\":1473662462,\"expiryDate\":null,\"enabled\":1,\"parentId\":null,\"fields\":{\"1\":\"<p>We knew you\\u2019d ask that! We\\u2019ve got galleries of pictures for the most common occasions for you to see. Visit our gallery page here.<\\/p>\"}}', '2016-09-12 06:41:02', '2016-09-12 06:41:02', 'b1170b70-5145-4b18-bd32-71199fcb3460'),
 ('53', '37', '6', '1', 'en_us', '1', '', '{\"typeId\":null,\"authorId\":\"1\",\"title\":\"What quality are The LAB prints and how long do they take to print? \",\"slug\":\"what-quality-are-the-lab-prints-and-how-long-do-they-take-to-print\",\"postDate\":1473662520,\"expiryDate\":null,\"enabled\":1,\"parentId\":null,\"fields\":{\"1\":\"<p>We use professional dye-sublimation printers that produce smudge-free prints in about 10 seconds on thick, robust paper. These will live for a long, long time on a fridge,&nbsp;cork&nbsp;board&nbsp;or in your scrapbook album.<br><\\/p>\"}}', '2016-09-12 06:42:00', '2016-09-12 06:42:00', 'fc06e526-4a82-4676-a69f-e5b01951a203'),
 ('54', '38', '6', '1', 'en_us', '1', '', '{\"typeId\":null,\"authorId\":\"1\",\"title\":\"What space or logistical considerations are required? Do I need to provide anything?\",\"slug\":\"what-space-or-logistical-considerations-are-required-do-i-need-to-provide-anything\",\"postDate\":1473662845,\"expiryDate\":null,\"enabled\":1,\"parentId\":null,\"fields\":{\"1\":\"<p>All The LAB needs for setup is an area that\\u2019s 10 feet wide, 10 feet deep and 10 feet tall to ensure we have tons of room for a prop tables and all the guests ready to get some camera time. In addition, we request an unobstructed power source within 25\\u2032 of The LAB booth, and a good Wi-Fi connection for uploading pics to social media. You don\'t have to do anything!<\\/p>\"}}', '2016-09-12 06:47:25', '2016-09-12 06:47:25', 'ee7bcc80-e1bc-4a6b-8baf-7e27361b795a'),
 ('55', '39', '6', '1', 'en_us', '1', '', '{\"typeId\":null,\"authorId\":\"1\",\"title\":\"What is the payment schedule and refund policy?\",\"slug\":\"what-is-the-payment-schedule-and-refund-policy\",\"postDate\":1473662908,\"expiryDate\":null,\"enabled\":1,\"parentId\":null,\"fields\":{\"1\":\"<p>Bookings are first come, first served and require a signed contract and deposit to&nbsp;reserve&nbsp;your date.\\r\\n\\r\\n  <\\/p>\\r\\n\\r\\n<p>If the client wishes to cancel the booking sixty days before the event date, then the client is eligible for a full refund. An e-mail notification must be sent to saycheese@eventsbythelab.com sixty days before the event. The full amount paid will be credited back onto the client\\u2019s account where he\\/she paid the deposit.<\\/p>\"}}', '2016-09-12 06:48:28', '2016-09-12 06:48:28', '1652b60b-d697-413b-af7d-69764bbdb6ee'),
 ('56', '40', '6', '1', 'en_us', '1', '', '{\"typeId\":null,\"authorId\":\"1\",\"title\":\"What type of events can The LAB be at? \",\"slug\":\"what-type-of-events-can-the-lab-be-at\",\"postDate\":1473662943,\"expiryDate\":null,\"enabled\":1,\"parentId\":null,\"fields\":{\"1\":\"<p>You name it and The LAB is there!&nbsp;<\\/p><p>We\\u2019ll bring The LAB to pretty much every party, as long as we\\u2019re all on the up-and-up and everything is legal. Corporate events, parties, proms, quinceaneras, bridal\\/baby shower, bar & bat mitzvahs, charity events -- we got this. You got something else up your sleeve? Shoot us a message.<\\/p>\"}}', '2016-09-12 06:49:03', '2016-09-12 06:49:03', '2196f9fb-4d68-4dde-9a5e-1e4b71336899'),
 ('57', '24', '7', '1', 'en_us', '3', '', '{\"typeId\":null,\"authorId\":null,\"title\":\"FAQ\",\"slug\":\"faq\",\"postDate\":1472845335,\"expiryDate\":null,\"enabled\":1,\"parentId\":null,\"fields\":{\"1\":\"<p>We\\u2019ve taken some of the most asked questions about The LAB and listed them here. <a href=\\\"\\/#contact\\\">Give us a shout<\\/a> if we missed anything!<\\/p>\",\"40\":[\"26\",\"25\",\"40\",\"39\",\"38\",\"37\",\"36\",\"35\",\"34\",\"33\",\"32\",\"31\"],\"12\":\"Frequently Asked Questions\"}}', '2016-09-14 16:39:16', '2016-09-14 16:39:16', '94ff9370-6cbd-4e6d-97f1-b3ea14f41a7f'),
 ('58', '8', '3', '1', 'en_us', '5', '', '{\"typeId\":\"3\",\"authorId\":\"1\",\"title\":\"Empty   \",\"slug\":\"weve-got-your-back-drop\",\"postDate\":1465876500,\"expiryDate\":null,\"enabled\":1,\"parentId\":null,\"fields\":{\"14\":[\"48\"],\"1\":\"\",\"31\":\"text-white\"}}', '2016-09-18 17:55:13', '2016-09-18 17:55:13', '0d043b9a-8fc3-4875-ba29-9d229b22067b'),
 ('59', '50', '3', '1', 'en_us', '1', '', '{\"typeId\":null,\"authorId\":\"1\",\"title\":\"Slide 3\",\"slug\":\"slide-3\",\"postDate\":1474221334,\"expiryDate\":null,\"enabled\":1,\"parentId\":null,\"fields\":{\"14\":[\"49\"],\"1\":\"\",\"31\":\"\"}}', '2016-09-18 17:55:34', '2016-09-18 17:55:34', 'ec77380d-9f6b-4dd8-a33a-56587f1a7586'),
 ('60', '2', '1', '1', 'en_us', '14', '', '{\"typeId\":null,\"authorId\":null,\"title\":\"Home\",\"slug\":\"homepage\",\"postDate\":1465768695,\"expiryDate\":null,\"enabled\":1,\"parentId\":null,\"fields\":{\"7\":[\"18\"],\"6\":\"<p>The LAB is a Dallas based party photo booth company on a mission to add a touch of sophisticated fun to your events. Our luxurious open-air photo booth is sure to make a statement and make memories that you\\u2019ll never forget.<\\/p>\\r\\n\\r\\n<p>So, what\\u2019s your occasion? A birthday? A wedding? A corporate shindig? You name it and The LAB photo booth will take the fun and entertainment up a notch.&nbsp;<\\/p>\",\"5\":\"Welcome to The LAB\",\"34\":\"#000000\",\"33\":\"<p>Yes! We\'re&nbsp;excited that you want more info on The LAB. Please compete the information below and we\\u2019ll get touch soon to get the party started!<\\/p>\",\"32\":\"Contact\",\"22\":[\"20\"],\"17\":\"<p>It\\u2019s important that every picture is one of a kind and 100% YOU. The LAB\\u2019s PropShop is fully loaded with tons of different accessories, masks and other knick-knacks necessary to make each picture anything but ordinary. Having an 80\\u2019s party and need a rockin\\u2019 mullet wig? We can cater the PropShop to match any party theme.<\\/p>\",\"16\":\"The Lab Propshop\",\"18\":[\"4\",\"5\",\"6\",\"7\"],\"11\":[\"19\"],\"10\":\"<p>Inside The LAB is where all the magic happens and pictures truly come alive. Our collection of backdrops and props lets your guests make their photo op as classic or quirky as they\\u2019d like. Let\\u2019s get started!<br><\\/p>\",\"30\":\"Come on in The LAB\",\"15\":[\"8\",\"9\",\"50\"],\"39\":\"#ffffff\",\"9\":\"<p>What sets The LAB apart is our ability to seamlessly become part of the party and provide a fun, yet stylish experience. You get a professional quality camera and lighting equipment that promises to never take a bad picture and totally WOW your guests. The LAB provides:<\\/p>\",\"8\":\"A Close up of the LAB\",\"35\":\"#bfbc31\",\"38\":[\"23\"],\"21\":\"<p>There are tons of different party and event ideas that The LAB can add hours of fun and excitement to. From personal to corporate level, The LAB has options to fit your needs.<\\/p>\",\"19\":[\"10\",\"11\",\"12\",\"13\",\"14\"],\"20\":\"The LAB Experience Packages\"}}', '2016-09-18 17:56:02', '2016-09-18 17:56:02', 'c409402d-5c13-4663-9f45-ca9abad003e1'),
 ('61', '9', '3', '1', 'en_us', '5', '', '{\"typeId\":\"3\",\"authorId\":\"1\",\"title\":\"We\'ve got your back(drop)\",\"slug\":\"the-lab-propshop\",\"postDate\":1465876500,\"expiryDate\":null,\"enabled\":1,\"parentId\":null,\"fields\":{\"14\":[\"21\"],\"1\":\"<p>The backdrop is the canvas on which the perfect pictures are created. Our assortment of backgrounds come in an array of different colors and patterns to compliment the excitement of your celebration. Do you need a backdrop of a ship for a bon voyage party or other party themes? Let us know what you would like and we\\u2019ll&nbsp;make it happen!<\\/p>\\r\\n\\r\\n<p>Scroll to the left or right to view some of our favorites.&nbsp;<\\/p>\",\"31\":\"text-black\"}}', '2016-09-23 06:30:38', '2016-09-23 06:30:38', '8d064acc-d9e0-4280-953b-2f21e236b9a0'),
 ('62', '2', '1', '1', 'en_us', '15', '', '{\"typeId\":null,\"authorId\":null,\"title\":\"Home\",\"slug\":\"homepage\",\"postDate\":1465768695,\"expiryDate\":null,\"enabled\":1,\"parentId\":null,\"fields\":{\"7\":[\"18\"],\"6\":\"<p>The LAB is a Dallas based party photo booth company on a mission to add a touch of sophisticated fun to your events. Our luxurious open-air photo booth is sure to make a statement and make memories that you\\u2019ll never forget.<\\/p>\\r\\n\\r\\n<p>So, what\\u2019s your occasion? A birthday? A wedding? A corporate shindig? You name it and The LAB photo booth will take the fun and entertainment up a notch.&nbsp;<\\/p>\",\"5\":\"Welcome to The LAB\",\"34\":\"#000000\",\"33\":\"<p>Yes! We\'re&nbsp;excited that you want more info on The LAB. Please compete the information below and we\\u2019ll get touch soon to get the party started!<\\/p>\",\"32\":\"Contact\",\"22\":[\"20\"],\"17\":\"<p>It\\u2019s important that every picture is one of a kind and 100% YOU. The LAB\\u2019s PropShop is fully loaded with tons of different accessories, masks and other knick-knacks necessary to make each picture anything but ordinary. Having an 80\\u2019s party and need a rockin\\u2019 mullet wig? We can cater the PropShop to match any party theme.<\\/p>\",\"16\":\"The Lab Propshop\",\"18\":[\"4\",\"5\",\"6\",\"7\"],\"11\":[\"19\"],\"10\":\"<p>Inside The LAB is where all the magic happens and pictures truly come alive. Our collection of backdrops and props lets your guests make their photo op as classic or quirky as they\\u2019d like. Let\\u2019s get started!<br><\\/p>\",\"30\":\"Come on in The LAB\",\"15\":[\"9\",\"8\",\"50\"],\"39\":\"#ffffff\",\"9\":\"<p>What sets The LAB apart is our ability to seamlessly become part of the party and provide a fun, yet stylish experience. You get a professional quality camera and lighting equipment that promises to never take a bad picture and totally WOW your guests. The LAB provides:<\\/p>\",\"8\":\"A Close up of the LAB\",\"35\":\"#bfbc31\",\"38\":[\"23\"],\"21\":\"<p>There are tons of different party and event ideas that The LAB can add hours of fun and excitement to. From personal to corporate level, The LAB has options to fit your needs.<\\/p>\",\"19\":[\"10\",\"11\",\"12\",\"13\",\"14\"],\"20\":\"The LAB Experience Packages\"}}', '2016-09-29 07:59:40', '2016-09-29 07:59:40', '8b2ff174-2736-4413-aa84-a15ff7ad8ca6'),
 ('63', '2', '1', '51', 'en_us', '16', '', '{\"typeId\":null,\"authorId\":null,\"title\":\"Home\",\"slug\":\"homepage\",\"postDate\":1465768695,\"expiryDate\":null,\"enabled\":1,\"parentId\":null,\"fields\":{\"7\":[\"18\"],\"6\":\"<p>The LAB is a Dallas based party photo booth company on a mission to add a touch of sophisticated fun to your events. Our luxurious open-air photo booth is sure to make a statement and make memories that you\\u2019ll never forget.<\\/p>\\r\\n\\r\\n<p>So, what\\u2019s your occasion? A birthday? A wedding? A corporate shindig? You name it and The LAB photo booth will take the fun and entertainment up a notch.&nbsp;<\\/p>\",\"5\":\"Welcome to The LAB\",\"34\":\"#000000\",\"33\":\"<p>Yes! We\'re&nbsp;excited that you want more info on The LAB. Please compete the information below and we\\u2019ll get in&nbsp;touch soon to get the party started!<\\/p>\",\"32\":\"Contact\",\"22\":[\"20\"],\"17\":\"<p>It\\u2019s important that every picture is one of a kind and 100% YOU. The LAB\\u2019s PropShop is fully loaded with tons of different accessories, masks and other knick-knacks necessary to make each picture anything but ordinary. Having an 80\\u2019s party and need a rockin\\u2019 mullet wig? We can cater the PropShop to match any party theme.<\\/p>\",\"16\":\"The Lab Propshop\",\"18\":[\"4\",\"5\",\"6\",\"7\"],\"11\":[\"19\"],\"10\":\"<p>Inside The LAB is where all the magic happens and pictures truly come alive. Our collection of backdrops and props lets your guests make their photo op as classic or quirky as they\\u2019d like. Let\\u2019s get started!<br><\\/p>\",\"30\":\"Come on in The LAB\",\"15\":[\"9\",\"8\",\"50\"],\"39\":\"#ffffff\",\"9\":\"<p>What sets The LAB apart is our ability to seamlessly become part of the party and provide a fun, yet stylish experience. You get a professional quality camera and lighting equipment that promises to never take a bad picture and totally WOW your guests. The LAB provides:<\\/p>\",\"8\":\"A Close up of the LAB\",\"35\":\"#bfbc31\",\"38\":[\"23\"],\"21\":\"<p>There are tons of different party and event ideas that The LAB can add hours of fun and excitement to. From personal to corporate level, The LAB has options to fit your needs.<\\/p>\",\"19\":[\"10\",\"11\",\"12\",\"13\",\"14\"],\"20\":\"The LAB Experience Packages\"}}', '2016-10-25 14:32:55', '2016-10-25 14:32:55', '5ca42fef-2573-4500-8fed-b88aa4159e5a'),
 ('64', '11', '5', '51', 'en_us', '4', '', '{\"typeId\":\"5\",\"authorId\":\"1\",\"title\":\"The GROVE\",\"slug\":\"classic-booth\",\"postDate\":1465876680,\"expiryDate\":null,\"enabled\":1,\"parentId\":null,\"fields\":{\"1\":\"<p>Two full hours with the booth, a beautiful backdrop and a LAB assistant to help you through. Your guests are sure to be entertained and they will be leaving with a personalized keepsake from your event.<\\/p>\\r\\n\\r\\n<ul><li>2 hours of LAB time<\\/li><li>1 LAB assistant<\\/li><li>Standard backdrop<\\/li><li>Personalized photo design<\\/li><li>Unlimited 1 print per setting<\\/li><\\/ul>\\r\\n\\r\\n<p>$700<br><\\/p>\"}}', '2017-04-27 13:52:38', '2017-04-27 13:52:38', 'ae68ad01-dffc-47f1-8196-65f7b4151714'),
 ('65', '133', '8', '1', 'en_us', '1', NULL, '{\"typeId\":\"8\",\"authorId\":null,\"title\":\"Galleries\",\"slug\":\"galleries\",\"postDate\":1501213322,\"expiryDate\":null,\"enabled\":1,\"parentId\":null,\"fields\":[]}', '2017-07-28 03:42:02', '2017-07-28 03:42:02', '345d4365-d3a7-4502-b28b-234647d4768e'),
 ('66', '133', '8', '1', 'en_us', '2', '', '{\"typeId\":null,\"authorId\":null,\"title\":\"Galleries\",\"slug\":\"galleries\",\"postDate\":1501213322,\"expiryDate\":null,\"enabled\":1,\"parentId\":null,\"fields\":{\"59\":\"view past events or find yours\\r\\nby selecting an option below\",\"55\":\"FACEBOOK photos\",\"57\":\"private galleries\",\"56\":\"\",\"58\":\"\"}}', '2017-07-28 03:56:33', '2017-07-28 03:56:33', 'c5694bfa-4ea0-41c3-a01e-ec5f3c0a5933'),
 ('67', '133', '8', '1', 'en_us', '3', '', '{\"typeId\":null,\"authorId\":null,\"title\":\"Galleries\",\"slug\":\"galleries\",\"postDate\":1501213322,\"expiryDate\":null,\"enabled\":1,\"parentId\":null,\"fields\":{\"59\":\"view past events or find yours\\r\\nby selecting an option below\",\"55\":\"FACEBOOK photos\",\"57\":\"private galleries\",\"56\":[\"135\"],\"58\":[\"136\"],\"60\":\"https:\\/\\/www.facebook.com\\/eventsbythelab\",\"61\":\"https:\\/\\/www.pinterest.com\\/labphotobooth\\/\"}}', '2017-08-02 04:15:03', '2017-08-02 04:15:03', '22717619-fa19-4af2-a96e-952fb1349445');



DROP TABLE IF EXISTS `craft_fieldgroups`;


--
-- Schema for table `craft_fieldgroups`
--
CREATE TABLE `craft_fieldgroups` (
  `id` int(11) NOT NULL AUTO_INCREMENT,
  `name` varchar(255) COLLATE utf8_unicode_ci NOT NULL,
  `dateCreated` datetime NOT NULL,
  `dateUpdated` datetime NOT NULL,
  `uid` char(36) COLLATE utf8_unicode_ci NOT NULL DEFAULT '0',
  PRIMARY KEY (`id`),
  UNIQUE KEY `craft_fieldgroups_name_unq_idx` (`name`)
) ENGINE=InnoDB AUTO_INCREMENT=9 DEFAULT CHARSET=utf8 COLLATE=utf8_unicode_ci;

--
-- Data for table `craft_fieldgroups`
--

INSERT INTO `craft_fieldgroups` (`id`, `name`, `dateCreated`, `dateUpdated`, `uid`) VALUES
 ('1', 'Default', '2016-06-12 21:58:15', '2016-06-12 21:58:15', '140fc07d-69ea-466e-b64c-b419e7c667f4'),
 ('2', 'Home', '2016-06-12 22:10:12', '2016-06-12 22:10:33', '4dc53379-b864-4fdc-af9d-defb663770e4'),
 ('3', 'Slide', '2016-06-14 02:43:03', '2016-06-14 02:43:12', '5c3e6db2-8546-4e92-a43c-e599773f51f7'),
 ('4', 'Global', '2016-06-30 03:58:43', '2016-06-30 03:58:43', '53e23895-a326-42ef-8611-f118b9e12a9c'),
 ('5', 'Class', '2016-08-26 21:44:52', '2016-08-26 21:44:52', 'd9fcb6c3-2283-46c1-b805-6e02eabbf814'),
 ('6', 'FAQ', '2016-09-02 19:40:18', '2016-09-02 19:40:18', '0e2c37b5-9b5f-4dd1-9044-3f6247b834df'),
 ('7', 'form', '2016-09-08 15:06:25', '2016-09-08 15:06:25', 'ebe781a5-22dd-4ccb-9544-d4eac3560bb8'),
 ('8', 'Galleries', '2017-07-28 03:43:53', '2017-07-28 03:43:53', '9d672749-987f-422c-afb9-4160fd56312b');



DROP TABLE IF EXISTS `craft_fieldlayoutfields`;


--
-- Schema for table `craft_fieldlayoutfields`
--
CREATE TABLE `craft_fieldlayoutfields` (
  `id` int(11) NOT NULL AUTO_INCREMENT,
  `layoutId` int(11) NOT NULL,
  `tabId` int(11) NOT NULL,
  `fieldId` int(11) NOT NULL,
  `required` tinyint(1) unsigned NOT NULL DEFAULT '0',
  `sortOrder` smallint(6) unsigned DEFAULT NULL,
  `dateCreated` datetime NOT NULL,
  `dateUpdated` datetime NOT NULL,
  `uid` char(36) COLLATE utf8_unicode_ci NOT NULL DEFAULT '0',
  PRIMARY KEY (`id`),
  UNIQUE KEY `craft_fieldlayoutfields_layoutId_fieldId_unq_idx` (`layoutId`,`fieldId`),
  KEY `craft_fieldlayoutfields_sortOrder_idx` (`sortOrder`),
  KEY `craft_fieldlayoutfields_tabId_fk` (`tabId`),
  KEY `craft_fieldlayoutfields_fieldId_fk` (`fieldId`)
) ENGINE=InnoDB AUTO_INCREMENT=354 DEFAULT CHARSET=utf8 COLLATE=utf8_unicode_ci;

--
-- Data for table `craft_fieldlayoutfields`
--

INSERT INTO `craft_fieldlayoutfields` (`id`, `layoutId`, `tabId`, `fieldId`, `required`, `sortOrder`, `dateCreated`, `dateUpdated`, `uid`) VALUES
 ('2', '5', '2', '1', '1', '1', '2016-06-12 21:58:16', '2016-06-12 21:58:16', '5d8099a6-a6a2-4501-a2ae-c56caa7bae29'),
 ('3', '5', '2', '2', '0', '2', '2016-06-12 21:58:16', '2016-06-12 21:58:16', 'b0d13bf1-e402-4ada-97b7-5778e039ec5f'),
 ('9', '11', '5', '1', '0', '1', '2016-06-14 03:24:41', '2016-06-14 03:24:41', 'aae7e5f0-9f41-4c1f-8946-8d4c9cc19726'),
 ('10', '13', '6', '1', '0', '1', '2016-06-14 03:31:44', '2016-06-14 03:31:44', '95a1620c-f51b-49af-885e-e05543f6c1c3'),
 ('44', '17', '9', '24', '0', '1', '2016-06-30 03:59:58', '2016-06-30 03:59:58', '28a5f9e1-fd52-49cb-9b10-e55641dee71c'),
 ('45', '17', '9', '23', '0', '2', '2016-06-30 03:59:58', '2016-06-30 03:59:58', '97ccc050-6007-4ba1-a6b4-0c635696e0df'),
 ('69', '20', '12', '1', '0', '1', '2016-08-26 21:46:30', '2016-08-26 21:46:30', '622d21b7-a0ac-4bc0-9e6b-d36e30d5b40e'),
 ('70', '20', '12', '14', '0', '2', '2016-08-26 21:46:30', '2016-08-26 21:46:30', 'd6831a10-7aa4-4f47-9654-9a70fe4a780f'),
 ('71', '20', '12', '31', '0', '3', '2016-08-26 21:46:30', '2016-08-26 21:46:30', '57725581-1046-48a4-9d77-b93013129af7'),
 ('179', '27', '18', '26', '0', '1', '2016-08-31 22:13:31', '2016-08-31 22:13:31', '94e94d34-42d5-4b80-b9ad-edfde3958058'),
 ('180', '27', '18', '28', '0', '2', '2016-08-31 22:13:31', '2016-08-31 22:13:31', '47658503-6752-4725-8d71-a5be4e9ac277'),
 ('181', '27', '18', '27', '0', '3', '2016-08-31 22:13:31', '2016-08-31 22:13:31', '13586f0b-9b6f-472f-a104-541b1140bd59'),
 ('182', '27', '18', '29', '0', '4', '2016-08-31 22:13:31', '2016-08-31 22:13:31', '4e15de7b-d62d-4e41-8b8f-47a43cc22292'),
 ('183', '28', '19', '6', '0', '1', '2016-09-01 15:00:15', '2016-09-01 15:00:15', 'a2424d60-3c6e-4e09-aaaf-7df08f95c969'),
 ('184', '28', '19', '5', '0', '2', '2016-09-01 15:00:15', '2016-09-01 15:00:15', '885c86c4-6fe8-40d9-b06a-de538ea57b7c'),
 ('185', '28', '19', '7', '0', '3', '2016-09-01 15:00:15', '2016-09-01 15:00:15', 'f9ea06bb-5cfc-45b8-ba50-01372e6eb61c'),
 ('186', '28', '19', '8', '0', '4', '2016-09-01 15:00:15', '2016-09-01 15:00:15', 'b8d5732e-5670-46d7-aa7b-0adc1c32daa1'),
 ('187', '28', '19', '39', '0', '5', '2016-09-01 15:00:15', '2016-09-01 15:00:15', '4a92fb76-5905-4892-ac11-626b01eb4679'),
 ('188', '28', '19', '9', '0', '6', '2016-09-01 15:00:15', '2016-09-01 15:00:15', '9c227919-0e51-446d-9655-5a0041fa144b'),
 ('189', '28', '19', '18', '0', '7', '2016-09-01 15:00:15', '2016-09-01 15:00:15', 'f343c391-760e-4257-a7c8-c171ee65b758'),
 ('190', '28', '19', '30', '0', '8', '2016-09-01 15:00:15', '2016-09-01 15:00:15', 'c0cc6969-1268-4e72-8467-35d0b46bae29'),
 ('191', '28', '19', '10', '0', '9', '2016-09-01 15:00:15', '2016-09-01 15:00:15', '22404223-eefd-4cfe-ad01-f55f2e1caaa4'),
 ('192', '28', '19', '11', '0', '10', '2016-09-01 15:00:15', '2016-09-01 15:00:15', '31ce5ce2-dbce-49f0-990b-1e15e9fef328'),
 ('193', '28', '19', '15', '0', '11', '2016-09-01 15:00:15', '2016-09-01 15:00:15', '559334fd-c2eb-4eda-9ea6-b7a789a715c3'),
 ('194', '28', '19', '16', '0', '12', '2016-09-01 15:00:15', '2016-09-01 15:00:15', 'c9ebf925-76d7-43e8-85ac-82cfa52deccf'),
 ('195', '28', '19', '17', '0', '13', '2016-09-01 15:00:15', '2016-09-01 15:00:15', '97a3b7a9-43f3-4442-aa65-e9f85f7ddade'),
 ('196', '28', '19', '22', '0', '14', '2016-09-01 15:00:15', '2016-09-01 15:00:15', 'e54cb639-bbcd-4129-922c-cae567fb3d15'),
 ('197', '28', '19', '20', '0', '15', '2016-09-01 15:00:15', '2016-09-01 15:00:15', '027d46ac-d6fe-4eb8-bfcb-12ea852593bc'),
 ('198', '28', '19', '35', '0', '16', '2016-09-01 15:00:15', '2016-09-01 15:00:15', '45eeedb6-0a13-4e5d-82e2-b532677caf0a'),
 ('199', '28', '19', '38', '0', '17', '2016-09-01 15:00:15', '2016-09-01 15:00:15', '4c505738-e7b9-4e26-aa17-515a3485c305'),
 ('200', '28', '19', '21', '0', '18', '2016-09-01 15:00:15', '2016-09-01 15:00:15', '04afc24a-119e-469e-a81f-68715986e2a7'),
 ('201', '28', '19', '19', '0', '19', '2016-09-01 15:00:15', '2016-09-01 15:00:15', 'ca0470b8-a470-4878-8b40-dcdf22ed9c50'),
 ('202', '28', '19', '32', '0', '20', '2016-09-01 15:00:15', '2016-09-01 15:00:15', '420246a0-eb1b-463f-a135-fc50e9105cd5'),
 ('203', '28', '19', '34', '0', '21', '2016-09-01 15:00:15', '2016-09-01 15:00:15', '1df46e82-7e2d-4e0f-bea7-d7124ee546d1'),
 ('204', '28', '19', '33', '0', '22', '2016-09-01 15:00:15', '2016-09-01 15:00:15', 'dd9b7450-23b8-4bcc-8ad7-ba8c1a68fec7'),
 ('205', '30', '20', '1', '0', '1', '2016-09-02 19:39:57', '2016-09-02 19:39:57', '6dcf46a0-f3c9-4e9f-af74-effb3b99797e'),
 ('208', '33', '22', '12', '0', '1', '2016-09-02 19:47:41', '2016-09-02 19:47:41', 'f4fc1c51-28c7-475b-9549-30c25299a864'),
 ('209', '33', '22', '1', '0', '2', '2016-09-02 19:47:41', '2016-09-02 19:47:41', '67105ef1-9a47-42ba-b538-2a91859787ec'),
 ('210', '33', '22', '40', '0', '3', '2016-09-02 19:47:41', '2016-09-02 19:47:41', 'feaabf10-dec4-4454-b75c-229f11de8a7b'),
 ('323', '42', '31', '44', '0', '1', '2017-05-20 04:11:22', '2017-05-20 04:11:22', '55c69bc1-12d8-4dff-b377-82f8dea00a1a'),
 ('324', '42', '31', '45', '0', '2', '2017-05-20 04:11:22', '2017-05-20 04:11:22', '8663ba56-fa68-45f7-8890-af618f1eec43'),
 ('325', '42', '31', '47', '0', '3', '2017-05-20 04:11:22', '2017-05-20 04:11:22', 'c741d083-d077-45a6-a89f-23d4c78ae524'),
 ('326', '42', '31', '52', '0', '4', '2017-05-20 04:11:22', '2017-05-20 04:11:22', '6e5a4bfa-0ff1-4be3-9e93-ce03224d6d67'),
 ('327', '42', '31', '51', '0', '5', '2017-05-20 04:11:22', '2017-05-20 04:11:22', '5b68018a-8ca7-4c90-a7c9-ecf7d85e4797'),
 ('328', '42', '31', '46', '0', '6', '2017-05-20 04:11:22', '2017-05-20 04:11:22', 'f77fa9e1-e160-46a4-9938-d074d4ea636a'),
 ('329', '42', '31', '48', '0', '7', '2017-05-20 04:11:22', '2017-05-20 04:11:22', '0715be51-47a7-4157-99f4-310c37135bcb'),
 ('330', '42', '31', '54', '0', '8', '2017-05-20 04:11:22', '2017-05-20 04:11:22', '7c9a70d2-8a0a-4b09-a2c2-68044c9776f8'),
 ('331', '42', '31', '41', '0', '9', '2017-05-20 04:11:22', '2017-05-20 04:11:22', '36873f23-3ccc-46c8-b0af-b0ce82e240e2'),
 ('332', '42', '31', '49', '0', '10', '2017-05-20 04:11:22', '2017-05-20 04:11:22', '93b376f3-83af-4d23-9bd2-e98ad2f5f034'),
 ('333', '42', '31', '53', '0', '11', '2017-05-20 04:11:22', '2017-05-20 04:11:22', '4e333369-9c42-4a7c-8a9e-e7b8cb6eb529'),
 ('334', '42', '31', '42', '0', '12', '2017-05-20 04:11:22', '2017-05-20 04:11:22', 'a8a3e638-3090-4e6f-8c06-e090aed0fc35'),
 ('335', '42', '31', '50', '0', '13', '2017-05-20 04:11:22', '2017-05-20 04:11:22', '6030c350-acfa-426c-82a0-c651740cd4da'),
 ('336', '42', '31', '43', '0', '14', '2017-05-20 04:11:22', '2017-05-20 04:11:22', '20a67e2e-c584-42c8-8f2d-6e346aa2a6d7'),
 ('347', '46', '34', '59', '0', '1', '2017-08-02 04:13:24', '2017-08-02 04:13:24', '9c721720-bd49-4424-b92a-1c3a93f1e1f9'),
 ('348', '46', '34', '55', '0', '2', '2017-08-02 04:13:24', '2017-08-02 04:13:24', '7f34421a-068a-4369-be19-ecf2a4143421'),
 ('349', '46', '34', '56', '0', '3', '2017-08-02 04:13:24', '2017-08-02 04:13:24', '14a28549-76f1-440a-b1d4-7340002ced60'),
 ('350', '46', '34', '60', '0', '4', '2017-08-02 04:13:24', '2017-08-02 04:13:24', '682161c5-3a4d-43d0-98b6-2652ba9ecdf4'),
 ('351', '46', '34', '57', '0', '5', '2017-08-02 04:13:24', '2017-08-02 04:13:24', '77755563-feb3-4c55-aec1-ae6957f788f0'),
 ('352', '46', '34', '58', '0', '6', '2017-08-02 04:13:24', '2017-08-02 04:13:24', '9db87c52-a7cc-43ff-839f-4e4a9148c954'),
 ('353', '46', '34', '61', '0', '7', '2017-08-02 04:13:24', '2017-08-02 04:13:24', 'd138dbc8-cd16-4ca4-be3d-17861a440aef');



DROP TABLE IF EXISTS `craft_fieldlayouts`;


--
-- Schema for table `craft_fieldlayouts`
--
CREATE TABLE `craft_fieldlayouts` (
  `id` int(11) NOT NULL AUTO_INCREMENT,
  `type` varchar(150) COLLATE utf8_unicode_ci NOT NULL,
  `dateCreated` datetime NOT NULL,
  `dateUpdated` datetime NOT NULL,
  `uid` char(36) COLLATE utf8_unicode_ci NOT NULL DEFAULT '0',
  PRIMARY KEY (`id`),
  KEY `craft_fieldlayouts_type_idx` (`type`)
) ENGINE=InnoDB AUTO_INCREMENT=47 DEFAULT CHARSET=utf8 COLLATE=utf8_unicode_ci;

--
-- Data for table `craft_fieldlayouts`
--

INSERT INTO `craft_fieldlayouts` (`id`, `type`, `dateCreated`, `dateUpdated`, `uid`) VALUES
 ('1', 'Tag', '2016-06-12 21:58:15', '2016-06-12 21:58:15', '398e0818-5079-4e7e-ad6b-8aa92b309e2d'),
 ('5', 'Entry', '2016-06-12 21:58:16', '2016-06-12 21:58:16', '912cc0dc-a330-4acf-bc60-2bd7a2cef634'),
 ('6', 'Asset', '2016-06-12 22:13:33', '2016-06-12 22:13:33', '884ed32e-bfb4-4739-af05-a3dfb607be98'),
 ('11', 'Entry', '2016-06-14 03:24:41', '2016-06-14 03:24:41', 'dabafd41-a8d9-4bc8-9efd-a6d9b94f71e0'),
 ('13', 'Entry', '2016-06-14 03:31:44', '2016-06-14 03:31:44', 'e7477b17-0ab4-491c-b871-d32b2cb84257'),
 ('17', 'GlobalSet', '2016-06-30 03:59:58', '2016-06-30 03:59:58', 'abafaef5-e6f3-4b7b-a87d-0aea4180309e'),
 ('20', 'Entry', '2016-08-26 21:46:30', '2016-08-26 21:46:30', '27348a47-d1f7-48cb-9f75-ee384e43e74d'),
 ('27', 'GlobalSet', '2016-08-31 22:13:31', '2016-08-31 22:13:31', 'd87aa1e0-c4f9-40fb-b309-d3dcfea81f83'),
 ('28', 'Entry', '2016-09-01 15:00:15', '2016-09-01 15:00:15', '73da9a31-16a0-4ec8-a726-205dc50822ad'),
 ('30', 'Entry', '2016-09-02 19:39:57', '2016-09-02 19:39:57', '6781d04c-ee67-4c4e-8617-f78c5653f6b4'),
 ('33', 'Entry', '2016-09-02 19:47:41', '2016-09-02 19:47:41', '92f9e757-74ca-4c93-acee-f51a8b9e0a4c'),
 ('42', 'Asset', '2017-05-20 04:11:22', '2017-05-20 04:11:22', '6e345157-6115-4586-92c7-2d6fc6d3ce0d'),
 ('46', 'Entry', '2017-08-02 04:13:24', '2017-08-02 04:13:24', 'f2186e0a-09f2-4cdd-b9ff-eafd73e392eb');



DROP TABLE IF EXISTS `craft_fieldlayouttabs`;


--
-- Schema for table `craft_fieldlayouttabs`
--
CREATE TABLE `craft_fieldlayouttabs` (
  `id` int(11) NOT NULL AUTO_INCREMENT,
  `layoutId` int(11) NOT NULL,
  `name` varchar(255) COLLATE utf8_unicode_ci NOT NULL,
  `sortOrder` smallint(6) unsigned DEFAULT NULL,
  `dateCreated` datetime NOT NULL,
  `dateUpdated` datetime NOT NULL,
  `uid` char(36) COLLATE utf8_unicode_ci NOT NULL DEFAULT '0',
  PRIMARY KEY (`id`),
  KEY `craft_fieldlayouttabs_sortOrder_idx` (`sortOrder`),
  KEY `craft_fieldlayouttabs_layoutId_fk` (`layoutId`)
) ENGINE=InnoDB AUTO_INCREMENT=35 DEFAULT CHARSET=utf8 COLLATE=utf8_unicode_ci;

--
-- Data for table `craft_fieldlayouttabs`
--

INSERT INTO `craft_fieldlayouttabs` (`id`, `layoutId`, `name`, `sortOrder`, `dateCreated`, `dateUpdated`, `uid`) VALUES
 ('2', '5', 'Content', '1', '2016-06-12 21:58:16', '2016-06-12 21:58:16', '5719ca2f-f70a-43b9-a4b8-a67acd08f056'),
 ('5', '11', 'Tab 1', '1', '2016-06-14 03:24:41', '2016-06-14 03:24:41', '1c4500c1-d376-45c9-bd7d-a495eb24ed39'),
 ('6', '13', 'Tab 1', '1', '2016-06-14 03:31:44', '2016-06-14 03:31:44', '3bfb31bb-b40a-45e9-9b9c-e380920cac75'),
 ('9', '17', 'Content', '1', '2016-06-30 03:59:58', '2016-06-30 03:59:58', 'e2c6b0ed-10b1-4321-9388-b67fcc5f01b1'),
 ('12', '20', 'Slide', '1', '2016-08-26 21:46:30', '2016-08-26 21:46:30', '7333fbf9-1857-4093-ae0a-db4de5445f77'),
 ('18', '27', 'Content', '1', '2016-08-31 22:13:31', '2016-08-31 22:13:31', '4cab35bd-f791-47b2-990b-3642cc84b7cc'),
 ('19', '28', 'Home', '1', '2016-09-01 15:00:15', '2016-09-01 15:00:15', 'dc5c25bd-8e9a-4b35-a4c6-cc9c5d860dd4'),
 ('20', '30', 'Tab 1', '1', '2016-09-02 19:39:57', '2016-09-02 19:39:57', '08456b71-a7e9-402c-b8bf-007a91300b19'),
 ('22', '33', 'Tab 1', '1', '2016-09-02 19:47:41', '2016-09-02 19:47:41', '385f5d1b-18a6-4382-a4e2-c4fbf8af5713'),
 ('31', '42', 'form', '1', '2017-05-20 04:11:22', '2017-05-20 04:11:22', 'a8dae52f-0841-4ed3-80e2-067e7f0caab5'),
 ('34', '46', 'Galleries', '1', '2017-08-02 04:13:24', '2017-08-02 04:13:24', '17aef5ac-c956-4d9e-9c65-4ea4032857ca');



DROP TABLE IF EXISTS `craft_fields`;


--
-- Schema for table `craft_fields`
--
CREATE TABLE `craft_fields` (
  `id` int(11) NOT NULL AUTO_INCREMENT,
  `groupId` int(11) DEFAULT NULL,
  `name` varchar(255) COLLATE utf8_unicode_ci NOT NULL,
  `handle` varchar(58) COLLATE utf8_unicode_ci NOT NULL,
  `context` varchar(255) COLLATE utf8_unicode_ci NOT NULL DEFAULT 'global',
  `instructions` text COLLATE utf8_unicode_ci,
  `translatable` tinyint(1) unsigned NOT NULL DEFAULT '0',
  `type` varchar(150) COLLATE utf8_unicode_ci NOT NULL,
  `settings` text COLLATE utf8_unicode_ci,
  `dateCreated` datetime NOT NULL,
  `dateUpdated` datetime NOT NULL,
  `uid` char(36) COLLATE utf8_unicode_ci NOT NULL DEFAULT '0',
  PRIMARY KEY (`id`),
  UNIQUE KEY `craft_fields_handle_context_unq_idx` (`handle`,`context`),
  KEY `craft_fields_context_idx` (`context`),
  KEY `craft_fields_groupId_fk` (`groupId`)
) ENGINE=InnoDB AUTO_INCREMENT=62 DEFAULT CHARSET=utf8 COLLATE=utf8_unicode_ci;

--
-- Data for table `craft_fields`
--

INSERT INTO `craft_fields` (`id`, `groupId`, `name`, `handle`, `context`, `instructions`, `translatable`, `type`, `settings`, `dateCreated`, `dateUpdated`, `uid`) VALUES
 ('1', '1', 'Body', 'body', 'global', NULL, '1', 'RichText', '{\"configFile\":\"Standard.json\",\"columnType\":\"text\"}', '2016-06-12 21:58:15', '2016-06-12 21:58:15', '3d18bb35-9bb0-4406-bcd5-b60ff0f14a7a'),
 ('2', '1', 'Tags', 'tags', 'global', NULL, '0', 'Tags', '{\"source\":\"taggroup:1\"}', '2016-06-12 21:58:15', '2016-06-12 21:58:15', 'c521aede-4666-4fd1-b3ec-baeb87b03d15'),
 ('3', '2', 'Hero Background Image', 'heroBackgroundImage', 'global', '', '0', 'Assets', '{\"useSingleFolder\":\"\",\"sources\":\"*\",\"defaultUploadLocationSource\":\"1\",\"defaultUploadLocationSubpath\":\"\",\"singleUploadLocationSource\":\"1\",\"singleUploadLocationSubpath\":\"\",\"restrictFiles\":\"\",\"limit\":\"\",\"viewMode\":\"list\",\"selectionLabel\":\"\"}', '2016-06-12 22:38:40', '2016-06-12 22:38:40', 'b83dc66b-c876-4fe2-b218-cc00fb08b44a'),
 ('4', '2', 'Home Hero Logo', 'homeHeroLogo', 'global', '', '0', 'Assets', '{\"useSingleFolder\":\"\",\"sources\":\"*\",\"defaultUploadLocationSource\":\"1\",\"defaultUploadLocationSubpath\":\"\",\"singleUploadLocationSource\":\"1\",\"singleUploadLocationSubpath\":\"\",\"restrictFiles\":\"\",\"limit\":\"\",\"viewMode\":\"list\",\"selectionLabel\":\"\"}', '2016-06-12 22:41:56', '2016-06-12 22:41:56', '02f31445-c5e0-4e7c-86d6-8d9c788157fe'),
 ('5', '2', 'About Header', 'aboutHeader', 'global', '', '0', 'PlainText', '{\"placeholder\":\"\",\"maxLength\":\"\",\"multiline\":\"\",\"initialRows\":\"4\"}', '2016-06-12 23:49:46', '2016-06-12 23:49:46', '67c0b79a-93aa-42cf-8b97-952b0ee360f7'),
 ('6', '2', 'About Body', 'aboutBody', 'global', '', '0', 'RichText', '{\"configFile\":\"\",\"availableAssetSources\":\"*\",\"availableTransforms\":\"*\",\"cleanupHtml\":\"1\",\"purifyHtml\":\"1\",\"columnType\":\"text\"}', '2016-06-12 23:50:22', '2016-06-12 23:50:22', '966b4a48-eb89-4888-885d-8df5e62b99f2'),
 ('7', '2', 'About Background Image', 'aboutBackgroundImage', 'global', '', '0', 'Assets', '{\"useSingleFolder\":\"\",\"sources\":[\"folder:1\"],\"defaultUploadLocationSource\":\"1\",\"defaultUploadLocationSubpath\":\"\",\"singleUploadLocationSource\":\"1\",\"singleUploadLocationSubpath\":\"\",\"restrictFiles\":\"\",\"limit\":\"\",\"viewMode\":\"list\",\"selectionLabel\":\"\"}', '2016-06-12 23:50:49', '2016-06-12 23:50:49', 'a4ffe6a3-3a58-4fa5-a258-c4b7cfd6d224'),
 ('8', '2', 'Our Booth Top Header', 'ourBoothTopHeader', 'global', '', '0', 'PlainText', '{\"placeholder\":\"\",\"maxLength\":\"\",\"multiline\":\"\",\"initialRows\":\"4\"}', '2016-06-14 02:25:22', '2016-06-14 02:25:22', 'd2408139-8aea-4d36-9c10-9f6e7ee95ca6'),
 ('9', '2', 'Our Booth Top Body', 'ourBoothTopBody', 'global', '', '0', 'RichText', '{\"configFile\":\"\",\"availableAssetSources\":\"*\",\"availableTransforms\":\"*\",\"cleanupHtml\":\"1\",\"purifyHtml\":\"1\",\"columnType\":\"text\"}', '2016-06-14 02:27:10', '2016-06-14 02:27:10', 'ecffb3a8-2b3e-47f7-9d2f-e8dfb2f2cc63'),
 ('10', '2', 'Our Booth Middle Body', 'ourBoothMiddleBody', 'global', '', '0', 'RichText', '{\"configFile\":\"\",\"availableAssetSources\":\"*\",\"availableTransforms\":\"*\",\"cleanupHtml\":\"1\",\"purifyHtml\":\"1\",\"columnType\":\"text\"}', '2016-06-14 02:34:08', '2016-06-14 02:34:08', 'fdfca099-bbb8-4a64-a979-85d8f8382603'),
 ('11', '2', 'Our Booth Middle Background Image', 'ourBoothMiddleBackgroundImage', 'global', '', '0', 'Assets', '{\"useSingleFolder\":\"\",\"sources\":[\"folder:1\"],\"defaultUploadLocationSource\":\"1\",\"defaultUploadLocationSubpath\":\"\",\"singleUploadLocationSource\":\"1\",\"singleUploadLocationSubpath\":\"\",\"restrictFiles\":\"\",\"limit\":\"\",\"viewMode\":\"list\",\"selectionLabel\":\"\"}', '2016-06-14 02:36:12', '2016-06-14 02:36:12', 'a0bf2fd9-accf-4f4e-95b9-a8c3166a1ab3'),
 ('12', '3', 'Header', 'header', 'global', '', '0', 'PlainText', '{\"placeholder\":\"\",\"maxLength\":\"\",\"multiline\":\"\",\"initialRows\":\"4\"}', '2016-06-14 02:44:14', '2016-06-14 02:44:14', '76542ddf-89fc-4cf0-930f-aeb830480102'),
 ('13', '3', 'Text Body', 'textBody', 'global', '', '0', 'RichText', '{\"configFile\":\"\",\"availableAssetSources\":\"*\",\"availableTransforms\":\"*\",\"cleanupHtml\":\"1\",\"purifyHtml\":\"1\",\"columnType\":\"text\"}', '2016-06-14 02:47:03', '2016-06-14 02:47:03', '4dfa272b-1339-4930-bf63-78bd4823cd84'),
 ('14', '3', 'Background Image', 'backgroundImage', 'global', '', '0', 'Assets', '{\"useSingleFolder\":\"\",\"sources\":[\"folder:1\"],\"defaultUploadLocationSource\":\"1\",\"defaultUploadLocationSubpath\":\"\",\"singleUploadLocationSource\":\"1\",\"singleUploadLocationSubpath\":\"\",\"restrictFiles\":\"\",\"limit\":\"\",\"viewMode\":\"list\",\"selectionLabel\":\"\"}', '2016-06-14 02:47:24', '2016-06-14 02:47:24', '13796318-049e-4e15-9bc1-c02a8b71ceca'),
 ('15', '2', 'Our Booth Slides', 'ourBoothSlides', 'global', '', '0', 'Entries', '{\"sources\":[\"section:3\"],\"limit\":\"\",\"selectionLabel\":\"\"}', '2016-06-14 03:15:46', '2016-06-14 03:15:46', 'ef3a56ab-00dc-4eb5-89eb-700f21cb7d06'),
 ('16', '2', 'Our Booth Bottom Header', 'ourBoothBottomHeader', 'global', '', '0', 'PlainText', '{\"placeholder\":\"\",\"maxLength\":\"\",\"multiline\":\"\",\"initialRows\":\"4\"}', '2016-06-14 03:16:11', '2016-06-14 03:16:11', 'e2d725f5-daa2-4d4b-abce-59d06331d9ff'),
 ('17', '2', 'Our Booth Bottom Body', 'ourBoothBottomBody', 'global', '', '0', 'RichText', '{\"configFile\":\"\",\"availableAssetSources\":\"*\",\"availableTransforms\":\"*\",\"cleanupHtml\":\"1\",\"purifyHtml\":\"1\",\"columnType\":\"text\"}', '2016-06-14 03:16:36', '2016-06-14 03:41:21', '3b4634c7-4353-491e-b77f-916501805b20'),
 ('18', '2', 'Our Booth Dropdowns', 'ourBoothDropdowns', 'global', '', '0', 'Entries', '{\"sources\":[\"section:4\"],\"limit\":\"\",\"selectionLabel\":\"\"}', '2016-06-14 03:25:10', '2016-06-14 03:25:24', 'f2bd9c20-050b-4bcd-8e1d-2f1b51796955'),
 ('19', '2', 'Package Dropdowns', 'packageDropdowns', 'global', '', '0', 'Entries', '{\"sources\":[\"section:5\"],\"limit\":\"\",\"selectionLabel\":\"\"}', '2016-06-14 03:36:29', '2016-06-14 03:36:29', '101ea046-75a1-47e8-8ceb-bc79336f135a'),
 ('20', '2', 'Package Header', 'packageHeader', 'global', '', '0', 'PlainText', '{\"placeholder\":\"\",\"maxLength\":\"\",\"multiline\":\"\",\"initialRows\":\"4\"}', '2016-06-14 03:36:55', '2016-06-14 03:36:55', '3bc14c8d-1afb-454a-a938-42b81f875ea0'),
 ('21', '2', 'Package Body', 'packageBody', 'global', '', '0', 'RichText', '{\"configFile\":\"\",\"availableAssetSources\":\"*\",\"availableTransforms\":\"*\",\"cleanupHtml\":\"1\",\"purifyHtml\":\"1\",\"columnType\":\"text\"}', '2016-06-14 03:37:39', '2016-06-14 03:37:39', '6312d163-d9ad-419e-9811-ab51b6a88eff'),
 ('22', '2', 'Our Booth Bottom Background Image', 'ourBoothBottomBackgroundImage', 'global', '', '0', 'Assets', '{\"useSingleFolder\":\"\",\"sources\":[\"folder:1\"],\"defaultUploadLocationSource\":\"1\",\"defaultUploadLocationSubpath\":\"\",\"singleUploadLocationSource\":\"1\",\"singleUploadLocationSubpath\":\"\",\"restrictFiles\":\"\",\"limit\":\"\",\"viewMode\":\"list\",\"selectionLabel\":\"\"}', '2016-06-14 03:41:53', '2016-06-14 03:41:53', '9db24c90-3e89-44a0-9945-7172a0a0dbae'),
 ('23', '4', 'Meta Description', 'metaDescription', 'global', '', '0', 'PlainText', '{\"placeholder\":\"\",\"maxLength\":\"\",\"multiline\":\"\",\"initialRows\":\"4\"}', '2016-06-30 03:59:02', '2016-07-03 17:49:34', '1b08e9d0-d1d9-4832-a56a-19fda939fd4c'),
 ('24', '4', 'Meta Title', 'metaTitle', 'global', '', '0', 'PlainText', '{\"placeholder\":\"\",\"maxLength\":\"\",\"multiline\":\"\",\"initialRows\":\"4\"}', '2016-06-30 03:59:29', '2016-06-30 03:59:29', '22a7f6e6-36af-4ccf-b834-bcd611404214'),
 ('25', '4', 'Logo', 'logo', 'global', '', '0', 'Assets', '{\"useSingleFolder\":\"\",\"sources\":[\"folder:1\"],\"defaultUploadLocationSource\":\"1\",\"defaultUploadLocationSubpath\":\"\",\"singleUploadLocationSource\":\"1\",\"singleUploadLocationSubpath\":\"\",\"restrictFiles\":\"\",\"limit\":\"\",\"viewMode\":\"list\",\"selectionLabel\":\"\"}', '2016-07-03 18:03:42', '2016-07-03 18:05:28', 'eade162e-39d3-4df3-9cb8-68eb4ea02404'),
 ('26', '4', 'Facebook', 'facebook', 'global', '', '0', 'PlainText', '{\"placeholder\":\"\",\"maxLength\":\"\",\"multiline\":\"\",\"initialRows\":\"4\"}', '2016-07-03 18:04:26', '2016-07-03 18:04:26', '4f4b464e-5157-44e8-a06f-a0e482d1fc84'),
 ('27', '4', 'Twitter', 'twitter', 'global', '', '0', 'PlainText', '{\"placeholder\":\"\",\"maxLength\":\"\",\"multiline\":\"\",\"initialRows\":\"4\"}', '2016-07-03 18:04:34', '2016-07-03 18:04:34', 'a53ab456-2fb4-4026-bf7c-e86fe90169b3'),
 ('28', '4', 'Instagram', 'instagram', 'global', '', '0', 'PlainText', '{\"placeholder\":\"\",\"maxLength\":\"\",\"multiline\":\"\",\"initialRows\":\"4\"}', '2016-07-03 18:05:04', '2016-07-03 18:05:04', '834a8ab3-b4e2-4525-8e2b-4f2cfa7fbcfb'),
 ('29', '4', 'Pinterest', 'pinterest', 'global', '', '0', 'PlainText', '{\"placeholder\":\"\",\"maxLength\":\"\",\"multiline\":\"\",\"initialRows\":\"4\"}', '2016-07-03 18:05:17', '2016-07-03 18:05:17', '1a0dadc3-7388-4757-b807-0274fad45cc2'),
 ('30', '2', 'Our Booth Middle Header', 'ourBoothMiddleHeader', 'global', '', '0', 'PlainText', '{\"placeholder\":\"\",\"maxLength\":\"\",\"multiline\":\"\",\"initialRows\":\"4\"}', '2016-08-26 20:05:32', '2016-08-26 20:05:32', 'b76eeb80-a895-4dc3-871b-9da8ac9f91db'),
 ('31', '5', 'classes', 'classes', 'global', '', '0', 'PlainText', '{\"placeholder\":\"\",\"maxLength\":\"\",\"multiline\":\"\",\"initialRows\":\"4\"}', '2016-08-26 21:45:51', '2016-08-26 21:45:51', '5199b005-65b8-4392-ab3a-809381e22064'),
 ('32', '2', 'Contact Header', 'contactHeader', 'global', '', '0', 'PlainText', '{\"placeholder\":\"\",\"maxLength\":\"\",\"multiline\":\"\",\"initialRows\":\"4\"}', '2016-08-29 16:42:00', '2016-08-29 16:42:00', 'bfdeb101-23bb-4885-8830-e97d89fce4a0'),
 ('33', '2', 'Contact Body', 'contactBody', 'global', '', '0', 'RichText', '{\"configFile\":\"\",\"availableAssetSources\":\"*\",\"availableTransforms\":\"*\",\"cleanupHtml\":\"1\",\"purifyHtml\":\"1\",\"columnType\":\"text\"}', '2016-08-29 16:42:14', '2016-08-29 16:42:14', 'dceb7872-60b9-48bd-88a9-466e279742e0'),
 ('34', '2', 'Contact Background Color', 'contactBackgroundColor', 'global', '', '0', 'Color', NULL, '2016-08-29 16:54:59', '2016-08-29 16:54:59', '4eb21f67-2366-438d-abef-6039f2e270b2'),
 ('35', '2', 'Package Background Color', 'packageBackgroundColor', 'global', '', '0', 'Color', NULL, '2016-08-29 19:42:35', '2016-08-29 19:42:35', '086da7a8-bf86-41d8-9ec1-ee20cb963861'),
 ('36', '2', 'Hero Logo', 'heroLogo', 'global', '', '0', 'Assets', '{\"useSingleFolder\":\"\",\"sources\":[\"folder:1\"],\"defaultUploadLocationSource\":\"1\",\"defaultUploadLocationSubpath\":\"\",\"singleUploadLocationSource\":\"1\",\"singleUploadLocationSubpath\":\"\",\"restrictFiles\":\"\",\"limit\":\"\",\"viewMode\":\"list\",\"selectionLabel\":\"\"}', '2016-08-31 01:17:01', '2016-08-31 01:17:01', '9815faeb-5cf2-4da5-944f-d865e2821693'),
 ('37', '2', 'Hero Background Video', 'heroBackgroundVideo', 'global', '', '0', 'Assets', '{\"useSingleFolder\":\"\",\"sources\":[\"folder:1\"],\"defaultUploadLocationSource\":\"1\",\"defaultUploadLocationSubpath\":\"\",\"singleUploadLocationSource\":\"1\",\"singleUploadLocationSubpath\":\"\",\"restrictFiles\":\"\",\"limit\":\"\",\"viewMode\":\"list\",\"selectionLabel\":\"\"}', '2016-08-31 01:17:33', '2016-08-31 01:17:33', 'beddbd96-3ab6-4cc1-aa89-ffed4d6b9a8d'),
 ('38', '2', 'Package Belt', 'packageBelt', 'global', '', '0', 'Assets', '{\"useSingleFolder\":\"\",\"sources\":[\"folder:1\"],\"defaultUploadLocationSource\":\"1\",\"defaultUploadLocationSubpath\":\"\",\"singleUploadLocationSource\":\"1\",\"singleUploadLocationSubpath\":\"\",\"restrictFiles\":\"\",\"limit\":\"\",\"viewMode\":\"list\",\"selectionLabel\":\"\"}', '2016-08-31 01:18:08', '2016-08-31 01:18:08', '5ee70488-e225-4dc7-bbd0-6b92d0fce573'),
 ('39', '2', 'Our Booth Top Background Color', 'ourBoothTopBackgroundColor', 'global', '', '0', 'Color', NULL, '2016-09-01 14:59:44', '2016-09-01 14:59:44', '8cbe210f-9167-41dd-8383-476148da5957'),
 ('40', '6', 'FAQ Dropdowns', 'faqDropdowns', 'global', '', '0', 'Entries', '{\"sources\":[\"section:6\"],\"limit\":\"\",\"selectionLabel\":\"\"}', '2016-09-02 19:41:05', '2016-09-02 19:41:05', 'def6400a-d51e-4ce3-99b3-d83a958684c7'),
 ('41', '7', 'First Name', 'firstName', 'global', '', '0', 'PlainText', '{\"placeholder\":\"\",\"maxLength\":\"\",\"multiline\":\"\",\"initialRows\":\"4\"}', '2016-09-08 15:08:08', '2016-09-08 15:08:08', 'ff493065-d234-4e59-9e32-00c21301c9d4'),
 ('42', '7', 'Last Name', 'lastName', 'global', '', '0', 'PlainText', '{\"placeholder\":\"\",\"maxLength\":\"\",\"multiline\":\"\",\"initialRows\":\"4\"}', '2016-09-08 15:08:31', '2016-09-08 15:08:31', '57223892-c8dd-4c2b-b521-bdd69c44b448'),
 ('43', '7', 'Phone Number', 'phoneNumber', 'global', '', '0', 'PlainText', '{\"placeholder\":\"\",\"maxLength\":\"\",\"multiline\":\"\",\"initialRows\":\"4\"}', '2016-09-08 15:08:45', '2016-09-08 15:08:45', 'edf4ac81-f54c-431f-a10d-45256b05338f'),
 ('44', '7', 'Email', 'email', 'global', '', '0', 'PlainText', '{\"placeholder\":\"\",\"maxLength\":\"\",\"multiline\":\"\",\"initialRows\":\"4\"}', '2016-09-08 15:08:55', '2016-09-08 15:08:55', '0b6dc9a6-2f10-4ec5-91ea-00da35e05849'),
 ('45', '7', 'Event Date', 'eventDate', 'global', '', '0', 'PlainText', '{\"placeholder\":\"\",\"maxLength\":\"\",\"multiline\":\"\",\"initialRows\":\"4\"}', '2016-09-08 15:09:20', '2016-09-08 15:09:20', '3bc54b2a-aa7f-431d-8349-5ddcf41fc9a3'),
 ('46', '7', 'Event Start Time', 'eventStartTime', 'global', '', '0', 'PlainText', '{\"placeholder\":\"\",\"maxLength\":\"\",\"multiline\":\"\",\"initialRows\":\"4\"}', '2016-09-08 15:09:31', '2016-09-08 15:09:31', '230446a9-cae8-4b35-9142-bc1f97789bd2'),
 ('47', '7', 'Event End Time', 'eventEndTime', 'global', '', '0', 'PlainText', '{\"placeholder\":\"\",\"maxLength\":\"\",\"multiline\":\"\",\"initialRows\":\"4\"}', '2016-09-08 15:09:46', '2016-09-08 15:09:46', 'e4aabc5c-0711-447a-b376-8993787e91cb'),
 ('48', '7', 'Event Type', 'eventType', 'global', '', '0', 'PlainText', '{\"placeholder\":\"\",\"maxLength\":\"\",\"multiline\":\"\",\"initialRows\":\"4\"}', '2016-09-08 15:09:59', '2016-09-08 15:09:59', '560b4e43-185c-462b-885b-47a07662d25a'),
 ('49', '7', 'Full Name', 'fullName', 'global', '', '0', 'PlainText', '{\"placeholder\":\"\",\"maxLength\":\"\",\"multiline\":\"\",\"initialRows\":\"4\"}', '2016-09-08 15:10:34', '2016-09-08 15:10:34', '47e25596-9e3f-4fb4-b570-6fdae01034fb'),
 ('50', '7', 'Message', 'message', 'global', '', '0', 'PlainText', '{\"placeholder\":\"\",\"maxLength\":\"\",\"multiline\":\"\",\"initialRows\":\"4\"}', '2016-09-08 15:10:52', '2016-09-08 15:10:52', '27a05679-758f-48b3-8747-50019e402443'),
 ('51', '7', 'Event Name', 'eventName', 'global', '', '0', 'PlainText', '{\"placeholder\":\"\",\"maxLength\":\"\",\"multiline\":\"\",\"initialRows\":\"4\"}', '2016-09-08 15:11:18', '2016-09-08 15:11:18', 'a12c45f4-5c8b-40e0-8ce0-d84f0eac2ddc'),
 ('52', '7', 'Event Location', 'eventLocation', 'global', '', '0', 'PlainText', '{\"placeholder\":\"\",\"maxLength\":\"\",\"multiline\":\"\",\"initialRows\":\"4\"}', '2016-09-08 15:11:26', '2016-09-08 15:11:26', 'a3677c52-040d-45d7-85d6-102cfd8cc63d'),
 ('53', '7', 'How Did You Find Us', 'howDidYouFindUs', 'global', '', '0', 'PlainText', '{\"placeholder\":\"\",\"maxLength\":\"\",\"multiline\":\"\",\"initialRows\":\"4\"}', '2016-09-08 15:11:45', '2016-09-08 15:11:45', '5bf8fafb-a11f-424a-9452-920af2d4eabc'),
 ('54', '7', 'Experience Package', 'experiencePackage', 'global', '', '0', 'PlainText', '{\"placeholder\":\"\",\"maxLength\":\"\",\"multiline\":\"\",\"initialRows\":\"4\"}', '2016-09-08 15:12:04', '2016-09-08 15:12:04', '9ad4a51c-e572-4c87-80a9-63ffce4351ab'),
 ('55', '8', 'Gallery Heading Left', 'galleryHeadingLeft', 'global', '', '0', 'PlainText', '{\"placeholder\":\"\",\"maxLength\":\"\",\"multiline\":\"\",\"initialRows\":\"4\"}', '2017-07-28 03:44:46', '2017-07-28 03:44:46', 'c93e0dad-437d-41e4-9bd7-2d9d81919e52'),
 ('56', '8', 'Gallery Image Left', 'galleryImageLeft', 'global', '', '0', 'Assets', '{\"useSingleFolder\":\"\",\"sources\":[\"folder:1\"],\"defaultUploadLocationSource\":\"1\",\"defaultUploadLocationSubpath\":\"\",\"singleUploadLocationSource\":\"1\",\"singleUploadLocationSubpath\":\"\",\"restrictFiles\":\"\",\"limit\":\"\",\"viewMode\":\"list\",\"selectionLabel\":\"\"}', '2017-07-28 03:45:22', '2017-07-28 03:45:22', 'f120dbcd-dd8a-4f2b-8b72-4282b11d391a'),
 ('57', '8', 'Gallery Heading Right', 'galleryHeadingRight', 'global', '', '0', 'PlainText', '{\"placeholder\":\"\",\"maxLength\":\"\",\"multiline\":\"\",\"initialRows\":\"4\"}', '2017-07-28 03:45:38', '2017-07-28 03:45:38', '0ad86609-fb90-4cdb-b914-affa0c1e5c3a'),
 ('58', '8', 'Gallery Image Right', 'galleryImageRight', 'global', '', '0', 'Assets', '{\"useSingleFolder\":\"\",\"sources\":[\"folder:1\"],\"defaultUploadLocationSource\":\"1\",\"defaultUploadLocationSubpath\":\"\",\"singleUploadLocationSource\":\"1\",\"singleUploadLocationSubpath\":\"\",\"restrictFiles\":\"\",\"limit\":\"\",\"viewMode\":\"list\",\"selectionLabel\":\"\"}', '2017-07-28 03:46:14', '2017-07-28 03:46:14', 'd7f915b9-ff27-4698-9738-6e23803d6c41'),
 ('59', '8', 'Galleris Title', 'gallerisTitle', 'global', '', '0', 'PlainText', '{\"placeholder\":\"\",\"maxLength\":\"\",\"multiline\":\"1\",\"initialRows\":\"4\"}', '2017-07-28 03:51:11', '2017-07-28 03:51:11', 'c26e3794-0b3b-4ed9-a454-732533985e10'),
 ('60', '8', 'Gallery Link Left', 'galleryLinkLeft', 'global', '', '0', 'PlainText', '{\"placeholder\":\"\",\"maxLength\":\"\",\"multiline\":\"\",\"initialRows\":\"4\"}', '2017-08-02 04:12:38', '2017-08-02 04:12:38', '3a3c2a7d-9cd1-4948-973e-9e771b094489'),
 ('61', '8', 'Gallery Link Right', 'galleryLinkRight', 'global', '', '0', 'PlainText', '{\"placeholder\":\"\",\"maxLength\":\"\",\"multiline\":\"\",\"initialRows\":\"4\"}', '2017-08-02 04:12:49', '2017-08-02 04:12:49', '192ceb7f-77a4-48a0-a9a3-2f1b470b8d17');



DROP TABLE IF EXISTS `craft_formbuilder2_entries`;


--
-- Schema for table `craft_formbuilder2_entries`
--
CREATE TABLE `craft_formbuilder2_entries` (
  `id` int(11) NOT NULL,
  `formId` int(10) DEFAULT NULL,
  `title` varchar(255) COLLATE utf8_unicode_ci DEFAULT NULL,
  `files` text COLLATE utf8_unicode_ci,
  `submission` text COLLATE utf8_unicode_ci,
  `dateCreated` datetime NOT NULL,
  `dateUpdated` datetime NOT NULL,
  `uid` char(36) COLLATE utf8_unicode_ci NOT NULL DEFAULT '0',
  PRIMARY KEY (`id`),
  KEY `craft_formbuilder2_entries_formId_fk` (`formId`)
) ENGINE=InnoDB DEFAULT CHARSET=utf8 COLLATE=utf8_unicode_ci;

--
-- Data for table `craft_formbuilder2_entries`
--

INSERT INTO `craft_formbuilder2_entries` (`id`, `formId`, `title`, `files`, `submission`, `dateCreated`, `dateUpdated`, `uid`) VALUES
 ('27', '1', 'Contact', NULL, '{\"event-type\":\"opel\",\"name\":\"\",\"first-name\":\"sdf\",\"last-name\":\"sf\",\"phone-number\":\"324\",\"email\":\"forevergreenmylove@gmail.com\",\"event-date\":\"09\\/16\\/2016\",\"event-start-time\":\"5:30 AM\",\"event-end-time\":\"5:45 AM\",\"message\":\"\",\"event-name\":\"sdaf\",\"event-location\":\"sdf\",\"how-did-you-find-us\":\"\",\"experience-package\":\"\"}', '2016-09-07 22:07:50', '2016-09-07 22:07:50', '60a3f220-5509-4ec9-81ce-2cb92f467975'),
 ('28', '1', 'Contact', NULL, '{\"event-type\":\"opel\",\"name\":\"\",\"first-name\":\"sdf\",\"last-name\":\"sf\",\"phone-number\":\"324\",\"email\":\"forevergreenmylove@gmail.com\",\"event-date\":\"09\\/16\\/2016\",\"event-start-time\":\"5:30 AM\",\"event-end-time\":\"5:45 AM\",\"message\":\"\",\"event-name\":\"sdaf\",\"event-location\":\"sdf\",\"how-did-you-find-us\":\"\",\"experience-package\":\"\"}', '2016-09-07 22:15:37', '2016-09-07 22:15:37', '301f17b3-f9dc-4545-ab9b-23b2020fb42c'),
 ('29', '1', 'Contact', NULL, '{\"eventType\":\"opel\",\"fullName\":\"\",\"firstName\":\"sdf\",\"lastName\":\"sdf\",\"phoneNumber\":\"234\",\"email\":\"daituzhang@gmail.com\",\"eventDate\":\"09\\/06\\/2016\",\"eventStartTime\":\"5:45 AM\",\"eventEndTime\":\"5:45 AM\",\"message\":\"\",\"eventName\":\"sdfa\",\"eventLocation\":\"saf\",\"howDidYouFindUs\":\"\",\"experiencePackage\":\"\"}', '2016-09-08 15:15:00', '2016-09-08 15:15:00', 'f0db0643-4eb4-4b11-88f0-4efa19bdb54c'),
 ('30', '1', 'Contact', NULL, '{\"eventType\":\"saab\",\"fullName\":\"\",\"firstName\":\"sd\",\"lastName\":\"saf\",\"phoneNumber\":\"9016347288\",\"email\":\"daituzhang@gmail.com\",\"eventDate\":\"09\\/06\\/2016\",\"eventStartTime\":\"5:30 AM\",\"eventEndTime\":\"5:45 AM\",\"message\":\"\",\"eventName\":\"sf\",\"eventLocation\":\"saf\",\"howDidYouFindUs\":\"\",\"experiencePackage\":\"\"}', '2016-09-08 15:17:14', '2016-09-08 15:17:14', '41e72013-0c95-4e87-bd0e-eeb500a71bce'),
 ('41', '1', 'Contact', NULL, '{\"eventType\":\"Birthday party\",\"fullName\":\"\",\"firstName\":\"from\",\"lastName\":\"test server\",\"phoneNumber\":\"234423\",\"email\":\"daituzhang@gmail.com\",\"eventDate\":\"09\\/16\\/2016\",\"eventStartTime\":\"5:15 AM\",\"eventEndTime\":\"5:15 AM\",\"message\":\"\",\"eventName\":\"234\",\"eventLocation\":\"sdf\",\"howDidYouFindUs\":\"Search engine\",\"experiencePackage\":\"THE GROVE\"}', '2016-09-12 16:34:04', '2016-09-12 16:34:04', 'f4572182-b1ab-4cc5-9917-bef8dab9a6c2'),
 ('42', '1', 'Contact', NULL, '{\"fullName\":\"\",\"firstName\":\"sdf\",\"lastName\":\"\",\"phoneNumber\":\"32\",\"email\":\"daituzhang@gmail.com\",\"eventDate\":\"09\\/08\\/2016\",\"message\":\"\",\"eventName\":\"\",\"eventLocation\":\"\"}', '2016-09-12 16:46:01', '2016-09-12 16:46:01', 'e69fe8e8-e597-4545-82c3-1686c6e1b0d2'),
 ('43', '1', 'Contact', NULL, '{\"fullName\":\"\",\"firstName\":\"home\",\"lastName\":\"\",\"phoneNumber\":\"4698036177\",\"email\":\"daituzhang@gmail.com\",\"eventDate\":\"09\\/08\\/2016\",\"message\":\"\",\"eventName\":\"\",\"eventLocation\":\"\"}', '2016-09-12 16:50:25', '2016-09-12 16:50:25', '9629312e-c43c-473f-ba1c-a9525ce7388f'),
 ('44', '1', 'Contact', NULL, '{\"fullName\":\"home\",\"firstName\":\"\",\"lastName\":\"\",\"phoneNumber\":\"4698036177\",\"email\":\"daituzhang@gmail.com\",\"eventDate\":\"09\\/22\\/2016\",\"message\":\"Ghh \",\"eventName\":\"\",\"eventLocation\":\"\",\"howDidYouFindUs\":\"Referral\"}', '2016-09-12 17:56:32', '2016-09-12 17:56:32', 'a7863205-17c8-4220-aa64-4bc9e7345cbe'),
 ('45', '1', 'Contact', NULL, '{\"fullName\":\"home\",\"firstName\":\"\",\"lastName\":\"\",\"phoneNumber\":\"4698036177\",\"email\":\"daituzhang@gmail.com\",\"eventDate\":\"09\\/07\\/2016\",\"message\":\"\",\"eventName\":\"\",\"eventLocation\":\"\",\"howDidYouFindUs\":\"Social media\"}', '2016-09-12 17:56:50', '2016-09-12 17:56:50', 'c5c19f16-d7cc-43ff-a06e-4d494c8b35ce'),
 ('46', '1', 'Contact', NULL, '{\"eventType\":\"Other\",\"fullName\":\"\",\"firstName\":\"Sean\",\"lastName\":\"Clayton\",\"phoneNumber\":\"4694754631\",\"email\":\"sean@mdrnmethods.com\",\"eventDate\":\"09\\/15\\/2016\",\"eventStartTime\":\"10:00 AM\",\"eventEndTime\":\"11:00 AM\",\"message\":\"\",\"eventName\":\"NA\",\"eventLocation\":\"Dallas\",\"howDidYouFindUs\":\"Event\",\"experiencePackage\":\"THE UPTOWN\"}', '2016-09-12 19:10:10', '2016-09-12 19:10:10', '0e889f45-a75b-4686-84bf-6258234cd1f4'),
 ('52', '1', 'Contact', NULL, '{\"eventType\":\"Charity event\",\"fullName\":\"\",\"firstName\":\"Sheryl\",\"lastName\":\"Sullivan\",\"phoneNumber\":\"214.820.6189\",\"email\":\"Sheryl.sullivan@bswhealth.org\",\"eventDate\":\"10\\/29\\/2016\",\"eventStartTime\":\"8:00 AM\",\"eventEndTime\":\"11:30 AM\",\"message\":\"\",\"eventName\":\"Diabetes Health and wellness Institute Healthy Harvest Fun Walk\\/5k run\",\"eventLocation\":\"4500 spring ave. dallas 75210\",\"howDidYouFindUs\":\"Referral\",\"experiencePackage\":\"THE KESSLER\"}', '2016-10-05 20:12:55', '2016-10-05 20:12:55', '16e24c70-10f0-4b82-aea6-0c3661aa4990'),
 ('53', '1', 'Contact', NULL, '{\"fullName\":\"Lisa Williams\",\"firstName\":\"\",\"lastName\":\"\",\"phoneNumber\":\"2144554976\",\"email\":\"lisa3619williams@gmail.com\",\"eventDate\":\"05\\/05\\/2017\",\"message\":\"I\'m ORGANIZING St. PHILIPS SCHOOL MOTHER\\/SON DANCE AND I WOULD LIKE TO DISCUSS PRICING, PLEASE CALL ME asap\",\"eventName\":\"\",\"eventLocation\":\"\",\"howDidYouFindUs\":\"Event\"}', '2016-10-11 00:53:36', '2016-10-11 00:53:36', '4859984f-1717-4a34-bc1e-5bb8a0882736'),
 ('54', '1', 'Contact', NULL, '{\"fullName\":\"Charles\",\"firstName\":\"\",\"lastName\":\"\",\"phoneNumber\":\"9724087423\",\"email\":\"Tcharles1944@gmail.com\",\"eventDate\":\"12\\/04\\/2016\",\"message\":\"Met at our company retreat \",\"eventName\":\"\",\"eventLocation\":\"\",\"howDidYouFindUs\":\"Event\"}', '2016-10-11 16:48:41', '2016-10-11 16:48:41', 'c04f892c-04aa-4dd7-87fb-13b022c5521e'),
 ('56', '1', 'Contact', NULL, '{\"eventType\":\"Corporate event\",\"fullName\":\"\",\"firstName\":\"Andrea\",\"lastName\":\"Tomasi\",\"phoneNumber\":\"8177035632\",\"email\":\"atomasi@segusa.tv\",\"eventDate\":\"10\\/27\\/2016\",\"eventStartTime\":\"6:00 PM\",\"eventEndTime\":\"9:00 PM\",\"message\":\"\",\"eventName\":\"Dia de los muertos - Vueve Clicquot\",\"eventLocation\":\"The Eberhard\",\"howDidYouFindUs\":\"Event\"}', '2016-10-20 14:35:06', '2016-10-20 14:35:06', 'd71a11de-b482-47e4-a2c6-3cda4ef920a0'),
 ('57', '1', 'Contact', NULL, '{\"eventType\":\"Birthday party\",\"fullName\":\"\",\"firstName\":\"TEST\",\"lastName\":\"TEST\",\"phoneNumber\":\"999999999\",\"email\":\"email@test.com\",\"eventDate\":\"10\\/29\\/2016\",\"eventStartTime\":\"5:15 AM\",\"eventEndTime\":\"11:45 PM\",\"message\":\"\",\"eventName\":\"TEST PARY \",\"eventLocation\":\"TEST LOCATION\",\"howDidYouFindUs\":\"Referral\",\"experiencePackage\":\"THE KESSLER\"}', '2016-10-21 04:57:47', '2016-10-21 04:57:47', '1a1e2924-bda7-4054-bd77-271fe5da47fc'),
 ('58', '1', 'Contact', NULL, '{\"eventType\":\"Other\",\"fullName\":\"\",\"firstName\":\"trst\",\"lastName\":\"test\",\"phoneNumber\":\"888888888\",\"email\":\"test@test.com\",\"eventDate\":\"10\\/21\\/2016\",\"message\":\"\",\"eventName\":\"\",\"eventLocation\":\"\"}', '2016-10-21 05:15:11', '2016-10-21 05:15:11', 'f4caa2eb-4ae9-407a-b1e3-6f100b40f3dd'),
 ('59', '1', 'Contact', NULL, '{\"fullName\":\"\",\"firstName\":\"\",\"lastName\":\"\",\"phoneNumber\":\"\",\"email\":\"\",\"eventDate\":\"\",\"message\":\"\",\"eventName\":\"\",\"eventLocation\":\"\"}', '2016-12-01 03:56:41', '2016-12-01 03:56:41', 'd07e62bf-3d20-4f1f-896b-9572668719e4'),
 ('60', '1', 'Contact', NULL, '{\"fullName\":\"\",\"firstName\":\"\",\"lastName\":\"\",\"phoneNumber\":\"\",\"email\":\"\",\"eventDate\":\"\",\"message\":\"\",\"eventName\":\"\",\"eventLocation\":\"\"}', '2016-12-01 03:56:42', '2016-12-01 03:56:42', '8fa45bf7-4993-41e4-8d7e-64a10917545c'),
 ('61', '1', 'Contact', NULL, '{\"fullName\":\"\",\"firstName\":\"\",\"lastName\":\"\",\"phoneNumber\":\"\",\"email\":\"\",\"eventDate\":\"\",\"message\":\"\",\"eventName\":\"\",\"eventLocation\":\"\"}', '2016-12-01 03:56:42', '2016-12-01 03:56:42', 'c2f3423f-c29f-42f2-8030-c224cb3db012'),
 ('62', '1', 'Contact', NULL, '{\"fullName\":\"\",\"firstName\":\"\",\"lastName\":\"\",\"phoneNumber\":\"\",\"email\":\"\",\"eventDate\":\"\",\"message\":\"\",\"eventName\":\"\",\"eventLocation\":\"\"}', '2016-12-01 03:56:43', '2016-12-01 03:56:43', 'dc49e0b2-2f89-4fc5-8e80-66988c93f01c'),
 ('63', '1', 'Contact', NULL, '{\"fullName\":\"\",\"firstName\":\"\",\"lastName\":\"\",\"phoneNumber\":\"\",\"email\":\"\",\"eventDate\":\"\",\"message\":\"\",\"eventName\":\"\",\"eventLocation\":\"\"}', '2016-12-01 03:56:43', '2016-12-01 03:56:43', '1611d4cf-c6f8-41b4-a24e-bcf60924e433'),
 ('64', '1', 'Contact', NULL, '{\"fullName\":\"\",\"firstName\":\"\",\"lastName\":\"\",\"phoneNumber\":\"\",\"email\":\"\",\"eventDate\":\"\",\"message\":\"\",\"eventName\":\"\",\"eventLocation\":\"\"}', '2016-12-01 03:56:43', '2016-12-01 03:56:43', 'e4dec5f6-0862-47e7-8eec-6d13664cebd8'),
 ('65', '1', 'Contact', NULL, '{\"fullName\":\"\",\"firstName\":\"\",\"lastName\":\"\",\"phoneNumber\":\"\",\"email\":\"\",\"eventDate\":\"\",\"message\":\"\",\"eventName\":\"\",\"eventLocation\":\"\"}', '2016-12-01 03:56:50', '2016-12-01 03:56:50', 'dcb6aa67-1421-4963-b94c-934d429d8082'),
 ('66', '1', 'Contact', NULL, '{\"fullName\":\"\",\"firstName\":\"\",\"lastName\":\"\",\"phoneNumber\":\"\",\"email\":\"\",\"eventDate\":\"\",\"message\":\"\",\"eventName\":\"\",\"eventLocation\":\"\"}', '2016-12-01 03:57:40', '2016-12-01 03:57:40', '67fe61ae-a778-474c-abd2-179f81652cb9'),
 ('67', '1', 'Contact', NULL, '{\"eventType\":\"Charity event\",\"fullName\":\"\",\"firstName\":\"brian\",\"lastName\":\"roberts\",\"phoneNumber\":\"2147970947\",\"email\":\"info@miracleonmckinnon.com\",\"eventDate\":\"12\\/03\\/2016\",\"eventStartTime\":\"9:00 PM\",\"eventEndTime\":\"11:45 PM\",\"message\":\"\",\"eventName\":\"Miracle on mckinnon\",\"eventLocation\":\"Marie Gabrielle Restaraunt and gARDENS\",\"howDidYouFindUs\":\"Search engine\",\"experiencePackage\":\"THE CLIFF\"}', '2016-12-01 17:01:02', '2016-12-01 17:01:02', 'a662e313-ab22-459a-b02c-be8d946816f0'),
 ('68', '1', 'Contact', NULL, '{\"eventName\":\"Chartric\",\"eventType\":\"Other\",\"eventStartTime\":\"3:30 PM\",\"eventLocation\":\"vpOm7cIi\",\"eventDate\":\"xBoJGTXx\",\"firstName\":\"Chartric\",\"phoneNumber\":\"mMzF7h6Am\",\"experiencePackage\":\"THE UPTOWN\",\"lastName\":\"Chartric\",\"eventEndTime\":\"7:30 AM\",\"message\":\"I\'m shckeod that I found this info so easily.\",\"fullName\":\"Chartric\",\"howDidYouFindUs\":\"Search engine\",\"email\":\"hh47h467j@outlook.com\"}', '2016-12-06 05:24:08', '2016-12-06 05:24:08', '13ea6d51-9a0d-402e-8e6f-f3467799a9f3'),
 ('69', '1', 'Contact', NULL, '{\"fullName\":\"Anita Smith\",\"firstName\":\"\",\"lastName\":\"\",\"phoneNumber\":\"2147833008\",\"email\":\"anitajcutn@gmail.com\",\"eventDate\":\"12\\/17\\/2016\",\"message\":\"UGly sweater salon party.at the beauty lab salon \",\"eventName\":\"\",\"eventLocation\":\"\",\"howDidYouFindUs\":\"Event\"}', '2016-12-11 16:32:24', '2016-12-11 16:32:24', 'a374e86e-05f2-4bef-ac64-a21698333437'),
 ('70', '1', 'Contact', NULL, '{\"fullName\":\"Rebecca \",\"firstName\":\"\",\"lastName\":\"\",\"phoneNumber\":\"2256150257\",\"email\":\"rtpitre@gmail.com\",\"eventDate\":\"12\\/16\\/2016\",\"message\":\"Hi there! I am looking to have some pics from the TMA party friday emailed to me. Or IS there an Online gallery? Fingers crossed. \\r\\n\\r\\nHad a blast with yall and loved your set up. Thanks! \",\"eventName\":\"\",\"eventLocation\":\"\",\"howDidYouFindUs\":\"Event\"}', '2016-12-18 16:08:27', '2016-12-18 16:08:27', 'a7d2f267-b506-4e53-bf31-839d8b81efa0'),
 ('71', '1', 'Contact', NULL, '{\"fullName\":\"Candy\",\"firstName\":\"\",\"lastName\":\"\",\"phoneNumber\":\"2144344686\",\"email\":\"Mzcandyred@gmail.com\",\"eventDate\":\"05\\/13\\/2017\",\"message\":\"Im interested in the kessler package and would like to see the options of backgrounds you have and sttkd of photobooths\",\"eventName\":\"\",\"eventLocation\":\"\",\"howDidYouFindUs\":\"Other\"}', '2017-01-17 18:59:21', '2017-01-17 18:59:21', '7f02bfc1-f85a-4204-a25a-32feab6cdd9a'),
 ('72', '1', 'Contact', NULL, '{\"fullName\":\"Donna Johnson\",\"firstName\":\"\",\"lastName\":\"\",\"phoneNumber\":\"2149805271\",\"email\":\"ddee973@yahoo.com\",\"eventDate\":\"07\\/03\\/2017\",\"message\":\"Please call for pricing and availability so it can be finalized in March met you at the Gaylord for CONCORD\\r\\nReformation 2016\",\"eventName\":\"\",\"eventLocation\":\"\",\"howDidYouFindUs\":\"Event\"}', '2017-01-25 18:39:46', '2017-01-25 18:39:46', '1fcdc4d5-b8d4-4ee1-870d-1fcac5cf7247'),
 ('73', '1', 'Contact', NULL, '{\"fullName\":\"Donna Johnson\",\"firstName\":\"\",\"lastName\":\"\",\"phoneNumber\":\"2149805271\",\"email\":\"ddee973@yahoo.com\",\"eventDate\":\"07\\/03\\/2017\",\"message\":\"Please call for pricing and availability so it can be finalized in March met you at the Gaylord for CONCORD\\r\\nReformation 2016\",\"eventName\":\"\",\"eventLocation\":\"\",\"howDidYouFindUs\":\"Event\"}', '2017-01-25 18:39:52', '2017-01-25 18:39:52', '6d4bcf52-836e-4c6a-aa27-a81a4815cd65'),
 ('74', '1', 'Contact', NULL, '{\"fullName\":\"Carla \",\"firstName\":\"\",\"lastName\":\"\",\"phoneNumber\":\"\",\"email\":\"\",\"eventDate\":\"\",\"message\":\"\",\"eventName\":\"\",\"eventLocation\":\"\"}', '2017-01-26 03:44:02', '2017-01-26 03:44:02', 'cbc649da-a732-4fa5-9822-ee03d77a6357'),
 ('75', '1', 'Contact', NULL, '{\"fullName\":\"Carla miller\",\"firstName\":\"\",\"lastName\":\"\",\"phoneNumber\":\"2143009500\",\"email\":\"carla.miller85@gmail.com\",\"eventDate\":\"02\\/03\\/2017\",\"message\":\"Hi def interested in Renting a Photo booth! Looking for to hearing from you\",\"eventName\":\"\",\"eventLocation\":\"\",\"howDidYouFindUs\":\"Event\"}', '2017-01-26 03:45:00', '2017-01-26 03:45:00', 'b81d2909-2c03-40e9-9abf-4a44a3ca1150'),
 ('76', '1', 'Contact', NULL, '{\"fullName\":\"CelEste rodriguez\",\"firstName\":\"\",\"lastName\":\"\",\"phoneNumber\":\"2149427365\",\"email\":\"Celeste.rod024@gmail.com\",\"eventDate\":\"04\\/29\\/2017\",\"message\":\"How much would you charge for a prom event that is Great gatsby theme? \",\"eventName\":\"\",\"eventLocation\":\"\",\"howDidYouFindUs\":\"Event\"}', '2017-01-31 23:27:03', '2017-01-31 23:27:03', '6370856b-a30b-452c-a1ae-c2834fd61097'),
 ('77', '1', 'Contact', NULL, '{\"fullName\":\"Angela\",\"firstName\":\"\",\"lastName\":\"\",\"phoneNumber\":\"4692685401\",\"email\":\"iamangelah@gmail.com\",\"eventDate\":\"02\\/25\\/2017\",\"message\":\"Price quote\",\"eventName\":\"\",\"eventLocation\":\"\"}', '2017-02-11 02:50:16', '2017-02-11 02:50:16', 'a1781695-d1c8-46f9-9dfd-19aae46b4e1e'),
 ('78', '1', 'Contact', NULL, '{\"eventType\":\"Wedding\",\"fullName\":\"VirgilRoash\",\"firstName\":\"VirgilRoash\",\"lastName\":\"VirgilRoashFR\",\"phoneNumber\":\"81975723463\",\"email\":\"virgil50@mail.ru\",\"eventDate\":\"\",\"eventStartTime\":\"10:00 AM\",\"eventEndTime\":\"5:30 PM\",\"message\":\"You can download 7000000 Tracks, high Quality 320kbbs. \\r\\nBeatport, Traxsource and FLAC 14TB. Private FTP \\r\\nAll Genre House, Club, Dance, Minimal, Psy-Trance, Dubstep.... \\r\\nhttp:\\/\\/0daymusic.org\\/premium.php\",\"eventName\":\"VirgilRoash\",\"eventLocation\":\"Hungary\",\"howDidYouFindUs\":\"Social media\",\"experiencePackage\":\"THE KESSLER\",\"submit\":\"\"}', '2017-02-28 04:04:02', '2017-02-28 04:04:02', '2818b98c-da31-43ba-8f9f-44f144e11284'),
 ('79', '1', 'Contact', NULL, '{\"eventType\":\"Other\",\"fullName\":\"\",\"firstName\":\"Lauren\",\"lastName\":\"Foster\",\"phoneNumber\":\"6465024900\",\"email\":\"lfoster@express.com\",\"eventDate\":\"04\\/21\\/2017\",\"eventStartTime\":\"2:00 PM\",\"eventEndTime\":\"5:00 PM\",\"message\":\"\",\"eventName\":\"rewardstyle conference\",\"eventLocation\":\"dallas, tx\",\"howDidYouFindUs\":\"Referral\",\"experiencePackage\":\"THE CLIFF\"}', '2017-04-04 20:17:18', '2017-04-04 20:17:18', '0842841e-9d17-4bd9-a98a-5b42ef932beb'),
 ('80', '1', 'Contact', NULL, '{\"eventType\":\"Wedding\",\"fullName\":\"\",\"firstName\":\"Haley\",\"lastName\":\"Bunting\",\"phoneNumber\":\"7139620324\",\"email\":\"haley.bunting@gmail.com\",\"eventDate\":\"05\\/06\\/2017\",\"eventStartTime\":\"8:45 PM\",\"eventEndTime\":\"11:00 PM\",\"message\":\"\",\"eventName\":\"Haley and Jon Wedding\",\"eventLocation\":\"Dallas Arboretum\",\"howDidYouFindUs\":\"Search engine\",\"experiencePackage\":\"THE UPTOWN\"}', '2017-04-11 23:19:21', '2017-04-11 23:19:21', 'b8347eac-ee82-4532-9d15-373cd51d3f81'),
 ('81', '1', 'Contact', NULL, '{\"fullName\":\"Katelynn\",\"firstName\":\"\",\"lastName\":\"\",\"phoneNumber\":\"9035397002\",\"email\":\"katebadger91@gmail.com\",\"eventDate\":\"\",\"message\":\"Id like a quote for my wedding in April 2018. \",\"eventName\":\"\",\"eventLocation\":\"\",\"howDidYouFindUs\":\"Search engine\"}', '2017-04-13 00:56:04', '2017-04-13 00:56:04', '65811cf3-a51e-4913-aa1c-47f6f9eb718e'),
 ('82', '1', 'Contact', NULL, '{\"fullName\":\"Solana Vander Nat\",\"firstName\":\"\",\"lastName\":\"\",\"phoneNumber\":\"7036187045\",\"email\":\"solana@solsupportdc.com\",\"eventDate\":\"05\\/01\\/2017\",\"message\":\"Hello,\\r\\n\\r\\nMy name is Solana. I am inquiring about your Photo Booth services. \\r\\n\\r\\nWhat is your basic rate and how many hours does that include for your Standard (Open Air) Photo Booth, GIF Photo Booth, and Slow Motion Video Booth?\\r\\n\\r\\nWhat is your hourly rate for your Standard (Open Air) Photo Booth, GIF Photo Booth, and Slow Motion Video Booth?\\r\\n\\r\\nIs there an additional charge for set up and breakdown or is it included in the price?  Does it include set up of the background images for your Standard (Open Air) Photo Booth?\\r\\n\\r\\n Is there an additional charge for set up and breakdown or is it included in the price for your GIF Photo Booth, and Slow Motion Video Booth?\\r\\n\\r\\nI look forward to hearing from you. \\r\\n\\r\\nWarm Regards,\\r\\nSolana\\r\\n\",\"eventName\":\"\",\"eventLocation\":\"\",\"howDidYouFindUs\":\"Search engine\"}', '2017-04-15 04:05:22', '2017-04-15 04:05:22', '1f79064a-a01b-4e1e-8b04-5830e19dcec5'),
 ('83', '1', 'Contact', NULL, '{\"fullName\":\"Maureen Smith\",\"firstName\":\"\",\"lastName\":\"\",\"phoneNumber\":\"8608490779\",\"email\":\"mtsmith17@gmail.com\",\"eventDate\":\"05\\/10\\/2017\",\"message\":\"Hi i am interested In doing a corporate event at neiman marcus and would love to inquire about pricing. Thanks!\",\"eventName\":\"\",\"eventLocation\":\"\",\"howDidYouFindUs\":\"Search engine\"}', '2017-04-19 22:22:48', '2017-04-19 22:22:48', 'bc6ad07b-54c3-4365-afd0-3b82a7a261ff'),
 ('84', '1', 'Contact', NULL, '{\"eventType\":\"Other\",\"fullName\":\"\",\"firstName\":\"Kim\",\"lastName\":\"Costigan\",\"phoneNumber\":\"2149144756\",\"email\":\"kcostigan@entosdesign.com\",\"eventDate\":\"05\\/19\\/2017\",\"eventStartTime\":\"7:00 PM\",\"eventEndTime\":\"9:00 PM\",\"message\":\"\",\"eventName\":\"McMillen HS Theater Banquet\",\"eventLocation\":\"Canyon Creek Country Club\",\"howDidYouFindUs\":\"Search engine\",\"experiencePackage\":\"THE UPTOWN\"}', '2017-04-20 22:38:37', '2017-04-20 22:38:37', '6d856414-1572-482a-929c-6e8523af1f2e'),
 ('85', '1', 'Contact', NULL, '{\"fullName\":\"Marshall\",\"firstName\":\"\",\"lastName\":\"\",\"phoneNumber\":\"5127883064\",\"email\":\"marshallwright@gmail.com\",\"eventDate\":\"05\\/06\\/2017\",\"message\":\"Derby Party. About 40 guests. 3 hours timeframe\",\"eventName\":\"\",\"eventLocation\":\"\",\"howDidYouFindUs\":\"Search engine\"}', '2017-04-22 20:40:10', '2017-04-22 20:40:10', '73cc872f-c28b-4445-8b55-20a6d75b7cf5'),
 ('86', '1', 'Contact', NULL, '{\"fullName\":\"AnhVy Cai\",\"firstName\":\"\",\"lastName\":\"\",\"phoneNumber\":\"8632077510\",\"email\":\"the5esohesfam@gmail.com\",\"eventDate\":\"\",\"message\":\"i just had a question about where to find the pictures we took at the Best of Self Event on April 29, 2017, because i can not seem to find them on your facebook page. \\r\\n\\r\\n\",\"eventName\":\"\",\"eventLocation\":\"\"}', '2017-04-30 08:41:23', '2017-04-30 08:41:23', 'b5064da8-0efe-4a3c-b861-c8d75b719b1a'),
 ('87', '1', 'Contact', NULL, '{\"fullName\":\"Naomi Ayala\",\"firstName\":\"\",\"lastName\":\"\",\"phoneNumber\":\"8179195111\",\"email\":\"\",\"eventDate\":\"05\\/06\\/2017\",\"message\":\"\",\"eventName\":\"\",\"eventLocation\":\"\"}', '2017-05-01 22:38:41', '2017-05-01 22:38:41', '6eb1ea11-f4e7-4c9e-8f9f-d34eb5ea2168'),
 ('88', '1', 'Contact', NULL, '{\"fullName\":\"Roselyn Orr\",\"firstName\":\"Roselyn Orr\",\"lastName\":\"Roselyn Orr\",\"phoneNumber\":\"Roselyn Orr\",\"email\":\"carbafos68@mail.ru\",\"eventDate\":\"Roselyn Orr\",\"eventName\":\"Roselyn Orr\",\"eventLocation\":\"Roselyn Orr\",\"eventType\":\"\",\"eventStartTime\":\"\",\"eventEndTime\":\"\",\"howDidYouFindUs\":\"\",\"experiencePackage\":\"\"}', '2017-05-07 22:50:53', '2017-05-07 22:50:53', '3ff335fb-10c1-4754-b4e8-092a0e1987a4'),
 ('89', '1', 'Contact', NULL, '{\"fullName\":\"59136995221df\",\"firstName\":\"591369952221c\",\"lastName\":\"591369952225d\",\"phoneNumber\":\"\",\"email\":\"cs.cordoba@gmail.com\",\"eventDate\":\"\",\"eventName\":\"59136995222a2\",\"eventLocation\":\"\",\"eventType\":\"Birthday party\",\"eventStartTime\":\"5:00 AM\",\"eventEndTime\":\"5:00 AM\",\"howDidYouFindUs\":\"Search engine\",\"experiencePackage\":\"THE UPTOWN\",\"message\":\"\"}', '2017-05-10 19:24:34', '2017-05-10 19:24:34', '1030db15-cfaf-4075-a998-448fc812b3bc'),
 ('90', '1', 'Contact', NULL, '{\"fullName\":\"5913af25dcd3c\",\"firstName\":\"5913af25dcd7f\",\"lastName\":\"5913af25dcdc1\",\"phoneNumber\":\"\",\"email\":\"adammosk@gmail.com\",\"eventDate\":\"\",\"eventName\":\"5913af25dce2b\",\"eventLocation\":\"\",\"eventType\":\"Birthday party\",\"eventStartTime\":\"5:00 AM\",\"eventEndTime\":\"5:00 AM\",\"howDidYouFindUs\":\"Search engine\",\"experiencePackage\":\"THE UPTOWN\",\"message\":\"\"}', '2017-05-11 00:20:06', '2017-05-11 00:20:06', 'dd643266-5bde-412b-8ba4-4162dedbcfc3'),
 ('91', '1', 'Contact', NULL, '{\"fullName\":\"5914330ad744b\",\"firstName\":\"5914330ad7490\",\"lastName\":\"5914330ad74d6\",\"phoneNumber\":\"\",\"email\":\"gpiepenburg@gmail.com\",\"eventDate\":\"\",\"eventName\":\"5914330ad7551\",\"eventLocation\":\"\",\"eventType\":\"Birthday party\",\"eventStartTime\":\"5:00 AM\",\"eventEndTime\":\"5:00 AM\",\"howDidYouFindUs\":\"Search engine\",\"experiencePackage\":\"THE UPTOWN\",\"message\":\"\"}', '2017-05-11 09:42:32', '2017-05-11 09:42:32', 'd7f02a73-5ccd-4b7d-bea7-bd13d4e0157d'),
 ('92', '1', 'Contact', NULL, '{\"fullName\":\"591496ada9484\",\"firstName\":\"591496ada94c1\",\"lastName\":\"591496ada94fe\",\"phoneNumber\":\"\",\"email\":\"carriejanebrewer@gmail.com\",\"eventDate\":\"\",\"eventName\":\"591496ada9544\",\"eventLocation\":\"\",\"eventType\":\"Birthday party\",\"eventStartTime\":\"5:00 AM\",\"eventEndTime\":\"5:00 AM\",\"howDidYouFindUs\":\"Search engine\",\"experiencePackage\":\"THE UPTOWN\",\"message\":\"\"}', '2017-05-11 16:52:57', '2017-05-11 16:52:57', 'cc57819b-df2b-4b6b-b6bf-96470486a138'),
 ('93', '1', 'Contact', NULL, '{\"fullName\":\"5914a84078b4f\",\"firstName\":\"5914a84078b8f\",\"lastName\":\"5914a84078bcf\",\"phoneNumber\":\"\",\"email\":\"bobgalik@gmail.com\",\"eventDate\":\"\",\"eventName\":\"5914a84078c1a\",\"eventLocation\":\"\",\"eventType\":\"Birthday party\",\"eventStartTime\":\"5:00 AM\",\"eventEndTime\":\"5:00 AM\",\"howDidYouFindUs\":\"Search engine\",\"experiencePackage\":\"THE UPTOWN\",\"message\":\"\"}', '2017-05-11 18:04:38', '2017-05-11 18:04:38', 'a138aacc-c11a-4f91-807f-c46f34163039'),
 ('94', '1', 'Contact', NULL, '{\"fullName\":\"5914e156012d0\",\"firstName\":\"5914e15601312\",\"lastName\":\"5914e15601363\",\"phoneNumber\":\"\",\"email\":\"sm-mail@comcast.net\",\"eventDate\":\"\",\"eventName\":\"5914e156013b4\",\"eventLocation\":\"\",\"eventType\":\"Birthday party\",\"eventStartTime\":\"5:00 AM\",\"eventEndTime\":\"5:00 AM\",\"howDidYouFindUs\":\"Search engine\",\"experiencePackage\":\"THE UPTOWN\",\"message\":\"\"}', '2017-05-11 22:07:39', '2017-05-11 22:07:39', '5869df6c-92f4-4ca3-99b0-67ca217951bf'),
 ('95', '1', 'Contact', NULL, '{\"fullName\":\"5915040e6e185\",\"firstName\":\"5915040e6e1c2\",\"lastName\":\"5915040e6e1fe\",\"phoneNumber\":\"\",\"email\":\"nikimw21@gmail.com\",\"eventDate\":\"\",\"eventName\":\"5915040e6e245\",\"eventLocation\":\"\",\"eventType\":\"Birthday party\",\"eventStartTime\":\"5:00 AM\",\"eventEndTime\":\"5:00 AM\",\"howDidYouFindUs\":\"Search engine\",\"experiencePackage\":\"THE UPTOWN\",\"message\":\"\"}', '2017-05-12 00:39:22', '2017-05-12 00:39:22', 'c95425bd-ee17-4993-87ca-43fe738ef03b'),
 ('96', '1', 'Contact', NULL, '{\"fullName\":\"591512647994e\",\"firstName\":\"5915126479990\",\"lastName\":\"59151264799d4\",\"phoneNumber\":\"\",\"email\":\"fstop52@gmail.com\",\"eventDate\":\"\",\"eventName\":\"5915126479a23\",\"eventLocation\":\"\",\"eventType\":\"Birthday party\",\"eventStartTime\":\"5:00 AM\",\"eventEndTime\":\"5:00 AM\",\"howDidYouFindUs\":\"Search engine\",\"experiencePackage\":\"THE UPTOWN\",\"message\":\"\"}', '2017-05-12 01:41:10', '2017-05-12 01:41:10', '4401393c-dbb9-4684-a818-af44a2c81851'),
 ('97', '1', 'Contact', NULL, '{\"fullName\":\"5915be955ad66\",\"firstName\":\"5915be955ada6\",\"lastName\":\"5915be955ade3\",\"phoneNumber\":\"\",\"email\":\"ccriptor@yahoo.com\",\"eventDate\":\"\",\"eventName\":\"5915be955ae2d\",\"eventLocation\":\"\",\"eventType\":\"Birthday party\",\"eventStartTime\":\"5:00 AM\",\"eventEndTime\":\"5:00 AM\",\"howDidYouFindUs\":\"Search engine\",\"experiencePackage\":\"THE UPTOWN\",\"message\":\"\"}', '2017-05-12 13:55:11', '2017-05-12 13:55:11', 'b2d6e25f-49c0-485e-b2e6-da424a249096'),
 ('98', '1', 'Contact', NULL, '{\"fullName\":\"5915ef0a8017b\",\"firstName\":\"5915ef0a801c0\",\"lastName\":\"5915ef0a80200\",\"phoneNumber\":\"\",\"email\":\"ruppert1184@gmail.com\",\"eventDate\":\"\",\"eventName\":\"5915ef0a8024c\",\"eventLocation\":\"\",\"eventType\":\"Birthday party\",\"eventStartTime\":\"5:00 AM\",\"eventEndTime\":\"5:00 AM\",\"howDidYouFindUs\":\"Search engine\",\"experiencePackage\":\"THE UPTOWN\",\"message\":\"\"}', '2017-05-12 17:21:56', '2017-05-12 17:21:56', 'ca79afcb-4a38-4b23-9244-1f9bfdc2bfca'),
 ('99', '1', 'Contact', NULL, '{\"fullName\":\"591605b19758d\",\"firstName\":\"591605b1975ca\",\"lastName\":\"591605b197606\",\"phoneNumber\":\"\",\"email\":\"bjmoses5@gmail.com\",\"eventDate\":\"\",\"eventName\":\"591605b197655\",\"eventLocation\":\"\",\"eventType\":\"Birthday party\",\"eventStartTime\":\"5:00 AM\",\"eventEndTime\":\"5:00 AM\",\"howDidYouFindUs\":\"Search engine\",\"experiencePackage\":\"THE UPTOWN\",\"message\":\"\"}', '2017-05-12 18:55:41', '2017-05-12 18:55:41', '8ad4501f-f4c8-45be-b3b7-1509f69567bb'),
 ('100', '1', 'Contact', NULL, '{\"fullName\":\"59190daa90361\",\"firstName\":\"59190daa90378\",\"lastName\":\"59190daa903b8\",\"phoneNumber\":\"\",\"email\":\"russasper@optimum.net\",\"eventDate\":\"\",\"eventName\":\"59190daa90403\",\"eventLocation\":\"\",\"eventType\":\"Birthday party\",\"eventStartTime\":\"5:00 AM\",\"eventEndTime\":\"5:00 AM\",\"howDidYouFindUs\":\"Search engine\",\"experiencePackage\":\"THE UPTOWN\",\"message\":\"\"}', '2017-05-15 02:09:02', '2017-05-15 02:09:02', 'b33036fb-1d82-4a54-86d0-12a56ec0276b'),
 ('101', '1', 'Contact', NULL, '{\"fullName\":\"59198c1dc8ebe\",\"firstName\":\"59198c1dc8efc\",\"lastName\":\"59198c1dc8f39\",\"phoneNumber\":\"\",\"email\":\"dvk.moderators@gmail.com\",\"eventDate\":\"\",\"eventName\":\"59198c1dc8f7e\",\"eventLocation\":\"\",\"eventType\":\"Birthday party\",\"eventStartTime\":\"5:00 AM\",\"eventEndTime\":\"5:00 AM\",\"howDidYouFindUs\":\"Search engine\",\"experiencePackage\":\"THE UPTOWN\",\"message\":\"\"}', '2017-05-15 11:09:04', '2017-05-15 11:09:04', 'cf39aed8-ca8a-4e2d-923f-9b55d82a65fe'),
 ('102', '1', 'Contact', NULL, '{\"fullName\":\"5919b0fb85b54\",\"firstName\":\"5919b0fb85ba6\",\"lastName\":\"5919b0fb85be8\",\"phoneNumber\":\"\",\"email\":\"melissa@grossner.net\",\"eventDate\":\"\",\"eventName\":\"5919b0fb85c38\",\"eventLocation\":\"\",\"eventType\":\"Birthday party\",\"eventStartTime\":\"5:00 AM\",\"eventEndTime\":\"5:00 AM\",\"howDidYouFindUs\":\"Search engine\",\"experiencePackage\":\"THE UPTOWN\",\"message\":\"\"}', '2017-05-15 13:45:55', '2017-05-15 13:45:55', '72417a65-c81b-48dd-99d0-c0b4044d4c1f'),
 ('103', '1', 'Contact', NULL, '{\"fullName\":\"5919b4886bd9e\",\"firstName\":\"5919b4886bddd\",\"lastName\":\"5919b4886be1b\",\"phoneNumber\":\"\",\"email\":\"danielle.staley@gmail.com\",\"eventDate\":\"\",\"eventName\":\"5919b4886be63\",\"eventLocation\":\"\",\"eventType\":\"Birthday party\",\"eventStartTime\":\"5:00 AM\",\"eventEndTime\":\"5:00 AM\",\"howDidYouFindUs\":\"Search engine\",\"experiencePackage\":\"THE UPTOWN\",\"message\":\"\"}', '2017-05-15 13:56:08', '2017-05-15 13:56:08', '7113d632-805b-4161-b071-6fc66d21a785'),
 ('104', '1', 'Contact', NULL, '{\"fullName\":\"5919dca5c67d3\",\"firstName\":\"5919dca5c6813\",\"lastName\":\"5919dca5c6850\",\"phoneNumber\":\"\",\"email\":\"giuffrida@cox.net\",\"eventDate\":\"\",\"eventName\":\"5919dca5c688f\",\"eventLocation\":\"\",\"eventType\":\"Birthday party\",\"eventStartTime\":\"5:00 AM\",\"eventEndTime\":\"5:00 AM\",\"howDidYouFindUs\":\"Search engine\",\"experiencePackage\":\"THE UPTOWN\",\"message\":\"\"}', '2017-05-15 16:52:10', '2017-05-15 16:52:10', '188fd562-a444-4167-8d65-1468c38ee3cb'),
 ('105', '1', 'Contact', NULL, '{\"fullName\":\"5919f378d9141\",\"firstName\":\"5919f378d9185\",\"lastName\":\"5919f378d91c1\",\"phoneNumber\":\"\",\"email\":\"ogeztmojyhe2tgobz@mail.mercadolibre.com\",\"eventDate\":\"\",\"eventName\":\"5919f378d91fd\",\"eventLocation\":\"\",\"eventType\":\"Birthday party\",\"eventStartTime\":\"5:00 AM\",\"eventEndTime\":\"5:00 AM\",\"howDidYouFindUs\":\"Search engine\",\"experiencePackage\":\"THE UPTOWN\",\"message\":\"\"}', '2017-05-15 18:29:33', '2017-05-15 18:29:33', 'd116397f-b88b-41bf-a448-215b30a56d6a'),
 ('106', '1', 'Contact', NULL, '{\"fullName\":\"591ac95dacb47\",\"firstName\":\"591ac95dacb84\",\"lastName\":\"591ac95dacbbf\",\"phoneNumber\":\"\",\"email\":\"acehauling@gmail.com\",\"eventDate\":\"\",\"eventName\":\"591ac95dacc07\",\"eventLocation\":\"\",\"eventType\":\"Birthday party\",\"eventStartTime\":\"5:00 AM\",\"eventEndTime\":\"5:00 AM\",\"howDidYouFindUs\":\"Search engine\",\"experiencePackage\":\"THE UPTOWN\",\"message\":\"\"}', '2017-05-16 09:42:56', '2017-05-16 09:42:56', '13dd12a4-3f0c-46e7-b576-c8a97e21b1ed'),
 ('107', '1', 'Contact', NULL, '{\"fullName\":\"591b466cb55ef\",\"firstName\":\"591b466cb5630\",\"lastName\":\"591b466cb5672\",\"phoneNumber\":\"\",\"email\":\"lowell.lauren@gmail.com\",\"eventDate\":\"\",\"eventName\":\"591b466cb56c1\",\"eventLocation\":\"\",\"eventType\":\"Birthday party\",\"eventStartTime\":\"5:00 AM\",\"eventEndTime\":\"5:00 AM\",\"howDidYouFindUs\":\"Search engine\",\"experiencePackage\":\"THE UPTOWN\",\"message\":\"\"}', '2017-05-16 18:35:31', '2017-05-16 18:35:31', '8b657e8d-0e52-4743-82bf-39826ba5742e'),
 ('108', '1', 'Contact', NULL, '{\"fullName\":\"591c28ab425de\",\"firstName\":\"591c28ab4261d\",\"lastName\":\"591c28ab42659\",\"phoneNumber\":\"\",\"email\":\"ben.l.burton@gmail.com\",\"eventDate\":\"\",\"eventName\":\"591c28ab4269e\",\"eventLocation\":\"\",\"eventType\":\"Birthday party\",\"eventStartTime\":\"5:00 AM\",\"eventEndTime\":\"5:00 AM\",\"howDidYouFindUs\":\"Search engine\",\"experiencePackage\":\"THE UPTOWN\",\"message\":\"\"}', '2017-05-17 10:42:18', '2017-05-17 10:42:18', '2348a310-cace-4aff-ba40-f418cac663de'),
 ('109', '1', 'Contact', NULL, '{\"fullName\":\"591cb7baacc0d\",\"firstName\":\"591cb7baacc4d\",\"lastName\":\"591cb7baacc8b\",\"phoneNumber\":\"\",\"email\":\"kmw2386@yahoo.com\",\"eventDate\":\"\",\"eventName\":\"591cb7baacce7\",\"eventLocation\":\"\",\"eventType\":\"Birthday party\",\"eventStartTime\":\"5:00 AM\",\"eventEndTime\":\"5:00 AM\",\"howDidYouFindUs\":\"Search engine\",\"experiencePackage\":\"THE UPTOWN\",\"message\":\"\"}', '2017-05-17 20:51:54', '2017-05-17 20:51:54', '10545a66-a2ff-4f6d-909a-fb790c482c33'),
 ('110', '1', 'Contact', NULL, '{\"fullName\":\"591cdc95bc9ab\",\"firstName\":\"591cdc95bc9fb\",\"lastName\":\"591cdc95bca3e\",\"phoneNumber\":\"\",\"email\":\"redwildpower@yahoo.com\",\"eventDate\":\"\",\"eventName\":\"591cdc95bcac6\",\"eventLocation\":\"\",\"eventType\":\"Birthday party\",\"eventStartTime\":\"5:00 AM\",\"eventEndTime\":\"5:00 AM\",\"howDidYouFindUs\":\"Search engine\",\"experiencePackage\":\"THE UPTOWN\",\"message\":\"\"}', '2017-05-17 23:28:49', '2017-05-17 23:28:49', '23f3b5c5-10ed-4045-acfb-5fd22c34aca0'),
 ('111', '1', 'Contact', NULL, '{\"fullName\":\"591f7c848895f\",\"firstName\":\"591f7c84889a2\",\"lastName\":\"591f7c84889e6\",\"phoneNumber\":\"\",\"email\":\"pandabear2673@yahoo.com\",\"eventDate\":\"\",\"eventName\":\"591f7c8488a33\",\"eventLocation\":\"\",\"eventType\":\"Birthday party\",\"eventStartTime\":\"5:00 AM\",\"eventEndTime\":\"5:00 AM\",\"howDidYouFindUs\":\"Search engine\",\"experiencePackage\":\"THE UPTOWN\",\"message\":\"\"}', '2017-05-19 23:16:57', '2017-05-19 23:16:57', '21dd51dd-0df4-4197-ae6b-9e9a6e1cae50'),
 ('112', '1', 'Contact', NULL, '{\"fullName\":\"Berenize\",\"firstName\":\"\",\"lastName\":\"\",\"phoneNumber\":\"4698318355\",\"email\":\"berenize@jnormand.com\",\"eventDate\":\"06\\/17\\/2017\",\"message\":\"\",\"eventName\":\"\",\"eventLocation\":\"\",\"howDidYouFindUs\":\"Search engine\"}', '2017-05-23 04:09:48', '2017-05-23 04:09:48', '4b7f8529-6721-4d2d-9a53-182eb5fe3a56'),
 ('113', '1', 'Contact', NULL, '{\"fullName\":\"5923e2535b956\",\"firstName\":\"5923e2535b999\",\"lastName\":\"5923e2535b9da\",\"phoneNumber\":\"\",\"email\":\"twmitd@gmail.com\",\"eventDate\":\"\",\"eventName\":\"5923e2535ba25\",\"eventLocation\":\"\",\"eventType\":\"Birthday party\",\"eventStartTime\":\"5:00 AM\",\"eventEndTime\":\"5:00 AM\",\"howDidYouFindUs\":\"Search engine\",\"experiencePackage\":\"THE UPTOWN\",\"message\":\"\"}', '2017-05-23 07:13:29', '2017-05-23 07:13:29', '4c5275d8-e3b1-4e87-8cb0-c0efd92ce127'),
 ('114', '1', 'Contact', NULL, '{\"fullName\":\"5923e46bf312f\",\"firstName\":\"5923e46bf3171\",\"lastName\":\"5923e46bf31b1\",\"phoneNumber\":\"\",\"email\":\"caejacks@gmail.com\",\"eventDate\":\"\",\"eventName\":\"5923e46bf31ff\",\"eventLocation\":\"\",\"eventType\":\"Birthday party\",\"eventStartTime\":\"5:00 AM\",\"eventEndTime\":\"5:00 AM\",\"howDidYouFindUs\":\"Search engine\",\"experiencePackage\":\"THE UPTOWN\",\"message\":\"\"}', '2017-05-23 07:28:39', '2017-05-23 07:28:39', '7ce279f2-15ce-4b3e-8ec1-6a95f82843ac'),
 ('115', '1', 'Contact', NULL, '{\"fullName\":\"5923f307b30aa\",\"firstName\":\"5923f307b30fc\",\"lastName\":\"5923f307b313c\",\"phoneNumber\":\"\",\"email\":\"jamieb77_2000@yahoo.com\",\"eventDate\":\"\",\"eventName\":\"5923f307b3185\",\"eventLocation\":\"\",\"eventType\":\"Birthday party\",\"eventStartTime\":\"5:00 AM\",\"eventEndTime\":\"5:00 AM\",\"howDidYouFindUs\":\"Search engine\",\"experiencePackage\":\"THE UPTOWN\",\"message\":\"\"}', '2017-05-23 08:30:48', '2017-05-23 08:30:48', '26412525-a183-4706-94e3-3f0e1d367596'),
 ('116', '1', 'Contact', NULL, '{\"fullName\":\"59240b9625d65\",\"firstName\":\"59240b9625da6\",\"lastName\":\"59240b9625de6\",\"phoneNumber\":\"\",\"email\":\"theresa.cascadepools@gmail.com\",\"eventDate\":\"\",\"eventName\":\"59240b9625e33\",\"eventLocation\":\"\",\"eventType\":\"Birthday party\",\"eventStartTime\":\"5:00 AM\",\"eventEndTime\":\"5:00 AM\",\"howDidYouFindUs\":\"Search engine\",\"experiencePackage\":\"THE UPTOWN\",\"message\":\"\"}', '2017-05-23 10:14:41', '2017-05-23 10:14:41', 'f6b0a9ff-1a0d-41eb-a537-18962aa19e24'),
 ('117', '1', 'Contact', NULL, '{\"fullName\":\"5924260a8079e\",\"firstName\":\"5924260a807e2\",\"lastName\":\"5924260a80818\",\"phoneNumber\":\"\",\"email\":\"taneesha00@yahoo.com\",\"eventDate\":\"\",\"eventName\":\"5924260a808ad\",\"eventLocation\":\"\",\"eventType\":\"Birthday party\",\"eventStartTime\":\"5:00 AM\",\"eventEndTime\":\"5:00 AM\",\"howDidYouFindUs\":\"Search engine\",\"experiencePackage\":\"THE UPTOWN\",\"message\":\"\"}', '2017-05-23 12:08:03', '2017-05-23 12:08:03', '14f009bc-d535-4e97-95f6-a1a98823985f'),
 ('118', '1', 'Contact', NULL, '{\"fullName\":\"5924851ac4650\",\"firstName\":\"5924851ac48fd\",\"lastName\":\"5924851ac4b51\",\"phoneNumber\":\"\",\"email\":\"tplathamx@yahoo.com\",\"eventDate\":\"\",\"eventName\":\"5924851ac4ba3\",\"eventLocation\":\"\",\"eventType\":\"Birthday party\",\"eventStartTime\":\"5:00 AM\",\"eventEndTime\":\"5:00 AM\",\"howDidYouFindUs\":\"Search engine\",\"experiencePackage\":\"THE UPTOWN\",\"message\":\"\"}', '2017-05-23 18:48:08', '2017-05-23 18:48:08', '909e5fc4-2416-4551-90f6-10a115263d95'),
 ('119', '1', 'Contact', NULL, '{\"fullName\":\"5924a517d6213\",\"firstName\":\"5924a517d6255\",\"lastName\":\"5924a517d6294\",\"phoneNumber\":\"\",\"email\":\"oswalt06@yahoo.com\",\"eventDate\":\"\",\"eventName\":\"5924a517d62db\",\"eventLocation\":\"\",\"eventType\":\"Birthday party\",\"eventStartTime\":\"5:00 AM\",\"eventEndTime\":\"5:00 AM\",\"howDidYouFindUs\":\"Search engine\",\"experiencePackage\":\"THE UPTOWN\",\"message\":\"\"}', '2017-05-23 21:09:46', '2017-05-23 21:09:46', 'bbecc796-1458-4896-bfb0-77928ec5a7b3'),
 ('120', '1', 'Contact', NULL, '{\"fullName\":\"5925a27700e3a\",\"firstName\":\"5925a27700f17\",\"lastName\":\"5925a27701229\",\"phoneNumber\":\"\",\"email\":\"jamieb77_2000@yahoo.com\",\"eventDate\":\"\",\"eventName\":\"5925a27701ba3\",\"eventLocation\":\"\",\"eventType\":\"Birthday party\",\"eventStartTime\":\"5:00 AM\",\"eventEndTime\":\"5:00 AM\",\"howDidYouFindUs\":\"Search engine\",\"experiencePackage\":\"THE UPTOWN\",\"message\":\"\"}', '2017-05-24 15:10:59', '2017-05-24 15:10:59', '440736ba-b622-42b6-82f7-e1fa1760116a'),
 ('121', '1', 'Contact', NULL, '{\"fullName\":\"\",\"firstName\":\"\",\"lastName\":\"\",\"phoneNumber\":\"\",\"email\":\"\",\"eventDate\":\"\",\"message\":\"\",\"eventName\":\"\",\"eventLocation\":\"\"}', '2017-05-26 16:23:29', '2017-05-26 16:23:29', '86baa33c-421a-4a00-afad-dc77fc1f71a7'),
 ('122', '1', 'Contact', NULL, '{\"fullName\":\"592b9e7b4bbb2\",\"firstName\":\"592b9e7b4bbf8\",\"lastName\":\"592b9e7b4bc45\",\"phoneNumber\":\"\",\"email\":\"annegrivera@yahoo.com\",\"eventDate\":\"\",\"eventName\":\"592b9e7b4bc91\",\"eventLocation\":\"\",\"eventType\":\"Birthday party\",\"eventStartTime\":\"5:00 AM\",\"eventEndTime\":\"5:00 AM\",\"howDidYouFindUs\":\"Search engine\",\"experiencePackage\":\"THE UPTOWN\",\"message\":\"\"}', '2017-05-29 04:07:41', '2017-05-29 04:07:41', '4c38d550-950d-45b2-97ef-0b62d2565487'),
 ('123', '1', 'Contact', NULL, '{\"fullName\":\"592c3ce59e80f\",\"firstName\":\"592c3ce59e851\",\"lastName\":\"592c3ce59e891\",\"phoneNumber\":\"\",\"email\":\"rosterman89@gmail.com\",\"eventDate\":\"\",\"eventName\":\"592c3ce59e8db\",\"eventLocation\":\"\",\"eventType\":\"Birthday party\",\"eventStartTime\":\"5:00 AM\",\"eventEndTime\":\"5:00 AM\",\"howDidYouFindUs\":\"Search engine\",\"experiencePackage\":\"THE UPTOWN\",\"message\":\"\"}', '2017-05-29 15:17:38', '2017-05-29 15:17:38', 'b3ede45e-a37c-40fd-85cb-c6091c0a7e9d'),
 ('124', '1', 'Contact', NULL, '{\"fullName\":\"592dafb62a9fc\",\"firstName\":\"592dafb62aa5e\",\"lastName\":\"592dafb62e7ad\",\"phoneNumber\":\"\",\"email\":\"tizzanoferguson@yahoo.com\",\"eventDate\":\"\",\"eventName\":\"592dafb630a16\",\"eventLocation\":\"\",\"eventType\":\"Birthday party\",\"eventStartTime\":\"5:00 AM\",\"eventEndTime\":\"5:00 AM\",\"howDidYouFindUs\":\"Search engine\",\"experiencePackage\":\"THE UPTOWN\",\"message\":\"\"}', '2017-05-30 17:44:17', '2017-05-30 17:44:17', 'd2eb08d0-a6f8-4f2c-8e9a-b725b9174787'),
 ('125', '1', 'Contact', NULL, '{\"fullName\":\"592e0f778471c\",\"firstName\":\"592e0f7784764\",\"lastName\":\"592e0f77847a9\",\"phoneNumber\":\"\",\"email\":\"sgarcia226@yahoo.com\",\"eventDate\":\"\",\"eventName\":\"592e0f77847fa\",\"eventLocation\":\"\",\"eventType\":\"Birthday party\",\"eventStartTime\":\"5:00 AM\",\"eventEndTime\":\"5:00 AM\",\"howDidYouFindUs\":\"Search engine\",\"experiencePackage\":\"THE UPTOWN\",\"message\":\"\"}', '2017-05-31 00:32:49', '2017-05-31 00:32:49', '7f3e109f-e5b6-4b73-af16-5c803becf51a'),
 ('126', '1', 'Contact', NULL, '{\"fullName\":\"592e14d5ac83b\",\"firstName\":\"592e14d5ac87e\",\"lastName\":\"592e14d5ac8c4\",\"phoneNumber\":\"\",\"email\":\"falonsolaich@gmail.com\",\"eventDate\":\"\",\"eventName\":\"592e14d5ac914\",\"eventLocation\":\"\",\"eventType\":\"Birthday party\",\"eventStartTime\":\"5:00 AM\",\"eventEndTime\":\"5:00 AM\",\"howDidYouFindUs\":\"Search engine\",\"experiencePackage\":\"THE UPTOWN\",\"message\":\"\"}', '2017-05-31 00:57:07', '2017-05-31 00:57:07', '64482d70-f27c-467f-a82a-b3d03185b199'),
 ('127', '1', 'Contact', NULL, '{\"fullName\":\"592e76d177ffd\",\"firstName\":\"592e76d17803f\",\"lastName\":\"592e76d178081\",\"phoneNumber\":\"\",\"email\":\"melissaeagar@yahoo.com\",\"eventDate\":\"\",\"eventName\":\"592e76d1780d1\",\"eventLocation\":\"\",\"eventType\":\"Birthday party\",\"eventStartTime\":\"5:00 AM\",\"eventEndTime\":\"5:00 AM\",\"howDidYouFindUs\":\"Search engine\",\"experiencePackage\":\"THE UPTOWN\",\"message\":\"\"}', '2017-05-31 07:55:12', '2017-05-31 07:55:12', '18f73ddf-f58d-4ada-a857-1f05d5c85bed'),
 ('128', '1', 'Contact', NULL, '{\"fullName\":\"592ec790ce136\",\"firstName\":\"592ec790ce488\",\"lastName\":\"592ec790ce7bc\",\"phoneNumber\":\"\",\"email\":\"cktwallis@gmail.com\",\"eventDate\":\"\",\"eventName\":\"592ec790ce906\",\"eventLocation\":\"\",\"eventType\":\"Birthday party\",\"eventStartTime\":\"5:00 AM\",\"eventEndTime\":\"5:00 AM\",\"howDidYouFindUs\":\"Search engine\",\"experiencePackage\":\"THE UPTOWN\",\"message\":\"\"}', '2017-05-31 13:39:32', '2017-05-31 13:39:32', '056b5d7d-eacf-49a8-b47a-916d7a659fe2'),
 ('129', '1', 'Contact', NULL, '{\"fullName\":\"592fcd823c614\",\"firstName\":\"592fcd823c642\",\"lastName\":\"592fcd823c683\",\"phoneNumber\":\"\",\"email\":\"will3082@charter.net\",\"eventDate\":\"\",\"eventName\":\"592fcd823c6ce\",\"eventLocation\":\"\",\"eventType\":\"Birthday party\",\"eventStartTime\":\"5:00 AM\",\"eventEndTime\":\"5:00 AM\",\"howDidYouFindUs\":\"Search engine\",\"experiencePackage\":\"THE UPTOWN\",\"message\":\"\"}', '2017-06-01 08:17:30', '2017-06-01 08:17:30', 'de891045-42cc-43cc-b8b4-3f43b0ec5a16'),
 ('130', '1', 'Contact', NULL, '{\"fullName\":\"593003e777a49\",\"firstName\":\"593003e777a8d\",\"lastName\":\"593003e777acd\",\"phoneNumber\":\"\",\"email\":\"loki7228@yahoo.com\",\"eventDate\":\"\",\"eventName\":\"593003e777b17\",\"eventLocation\":\"\",\"eventType\":\"Birthday party\",\"eventStartTime\":\"5:00 AM\",\"eventEndTime\":\"5:00 AM\",\"howDidYouFindUs\":\"Search engine\",\"experiencePackage\":\"THE UPTOWN\",\"message\":\"\"}', '2017-06-01 12:09:51', '2017-06-01 12:09:51', '69b630e7-a85f-4841-afe5-60af03218da4'),
 ('131', '1', 'Contact', NULL, '{\"eventType\":\"Wedding\",\"fullName\":\"\",\"firstName\":\"Chantelle\",\"lastName\":\"freeman\",\"phoneNumber\":\"9728960509\",\"email\":\"chantelle95@yahoo.com\",\"eventDate\":\"11\\/11\\/2017\",\"eventStartTime\":\"7:00 PM\",\"eventEndTime\":\"10:00 PM\",\"message\":\"\",\"eventName\":\"freeman mitchell wedding\",\"eventLocation\":\"hotel zaza art house and social gallery\",\"howDidYouFindUs\":\"Event\"}', '2017-07-02 23:23:37', '2017-07-02 23:23:37', 'd33b77a0-cf9d-4121-ab4c-8a6321537ced'),
 ('132', '1', 'Contact', NULL, '{\"fullName\":\"Katina Smallwood\",\"firstName\":\"\",\"lastName\":\"\",\"phoneNumber\":\"2146083214\",\"email\":\"ksmallwood53@gmail.com\",\"eventDate\":\"4\\/21\\/2018\",\"message\":\"Looking for abailabilty for my wedding!\",\"eventName\":\"\",\"eventLocation\":\"\",\"howDidYouFindUs\":\"Search engine\"}', '2017-07-26 03:38:58', '2017-07-26 03:38:58', '726c7d55-6c86-4e9c-a34a-f925b6419435'),
 ('134', '1', 'Contact', NULL, '{\"fullName\":\"olivia flores\",\"firstName\":\"\",\"lastName\":\"\",\"phoneNumber\":\"9726076062\",\"email\":\"rainrivers13@gmail.com\",\"eventDate\":\"08\\/26\\/2017\",\"message\":\"\",\"eventName\":\"\",\"eventLocation\":\"\"}', '2017-08-01 20:29:12', '2017-08-01 20:29:12', '1f7a8f63-d030-46c0-86d7-017eec65b99a');



DROP TABLE IF EXISTS `craft_formbuilder2_fields`;


--
-- Schema for table `craft_formbuilder2_fields`
--
CREATE TABLE `craft_formbuilder2_fields` (
  `id` int(11) NOT NULL AUTO_INCREMENT,
  `fieldId` int(11) DEFAULT NULL,
  `fieldLayoutId` int(11) DEFAULT NULL,
  `template` varchar(255) COLLATE utf8_unicode_ci DEFAULT NULL,
  `dateCreated` datetime NOT NULL,
  `dateUpdated` datetime NOT NULL,
  `uid` char(36) COLLATE utf8_unicode_ci NOT NULL DEFAULT '0',
  PRIMARY KEY (`id`),
  KEY `craft_formbuilder2_fields_fieldId_fk` (`fieldId`),
  KEY `craft_formbuilder2_fields_fieldLayoutId_fk` (`fieldLayoutId`)
) ENGINE=InnoDB DEFAULT CHARSET=utf8 COLLATE=utf8_unicode_ci;

DROP TABLE IF EXISTS `craft_formbuilder2_forms`;


--
-- Schema for table `craft_formbuilder2_forms`
--
CREATE TABLE `craft_formbuilder2_forms` (
  `id` int(11) NOT NULL AUTO_INCREMENT,
  `name` varchar(255) COLLATE utf8_unicode_ci NOT NULL,
  `handle` varchar(255) COLLATE utf8_unicode_ci NOT NULL,
  `fieldLayoutId` int(10) DEFAULT NULL,
  `formSettings` text COLLATE utf8_unicode_ci,
  `spamProtectionSettings` text COLLATE utf8_unicode_ci,
  `messageSettings` text COLLATE utf8_unicode_ci,
  `notificationSettings` text COLLATE utf8_unicode_ci,
  `dateCreated` datetime NOT NULL,
  `dateUpdated` datetime NOT NULL,
  `uid` char(36) COLLATE utf8_unicode_ci NOT NULL DEFAULT '0',
  PRIMARY KEY (`id`),
  UNIQUE KEY `craft_formbuilder2_forms_id_unq_idx` (`id`),
  UNIQUE KEY `craft_formbuilder2_forms_name_unq_idx` (`name`),
  UNIQUE KEY `craft_formbuilder2_forms_handle_unq_idx` (`handle`),
  KEY `craft_formbuilder2_forms_fieldLayoutId_fk` (`fieldLayoutId`)
) ENGINE=InnoDB AUTO_INCREMENT=2 DEFAULT CHARSET=utf8 COLLATE=utf8_unicode_ci;

--
-- Data for table `craft_formbuilder2_forms`
--

INSERT INTO `craft_formbuilder2_forms` (`id`, `name`, `handle`, `fieldLayoutId`, `formSettings`, `spamProtectionSettings`, `messageSettings`, `notificationSettings`, `dateCreated`, `dateUpdated`, `uid`) VALUES
 ('1', 'Contact', 'contact', '42', '{\"submitButtonText\":\"Send Message\",\"formRedirect\":{\"customRedirect\":\"\",\"customRedirectUrl\":\"\"},\"hasFileUploads\":\"\",\"ajaxSubmit\":\"\"}', '{\"spamTimeMethod\":\"\",\"spamTimeMethodTime\":\"\",\"spamHoneypotMethod\":\"1\",\"spamHoneypotMethodMessage\":\"This is a honeypot for spam, please don\'t enter any input. Thank you\"}', '{\"successMessage\":\"your message has been sent!\",\"errorMessage\":\"Error, please try again\"}', '{\"notifySubmission\":\"1\",\"emailSettings\":{\"notifyEmail\":\"saycheese@eventsbythelab.com\",\"emailSubject\":\"New Contact\",\"sendSubmissionData\":\"1\",\"sendSubmitterSubmissionData\":\"\"},\"customEmailField\":\"\",\"replyTo\":\"\",\"emailTemplate\":\"\",\"notifySubmitter\":\"\",\"submitterEmail\":\"\",\"submitterEmailSubject\":\"\",\"publicFormName\":\"\",\"emailTemplateSubmitter\":\"\",\"customSubject\":\"\",\"customSubjectLine\":\"\"}', '2016-08-29 15:29:23', '2017-05-20 04:11:22', 'ed877c1d-4445-4065-8afa-6743a588cabc');



DROP TABLE IF EXISTS `craft_formbuilder2_layouts`;


--
-- Schema for table `craft_formbuilder2_layouts`
--
CREATE TABLE `craft_formbuilder2_layouts` (
  `id` int(11) NOT NULL AUTO_INCREMENT,
  `name` varchar(255) COLLATE utf8_unicode_ci NOT NULL,
  `handle` varchar(255) COLLATE utf8_unicode_ci NOT NULL,
  `description` varchar(255) COLLATE utf8_unicode_ci DEFAULT NULL,
  `type` varchar(255) COLLATE utf8_unicode_ci DEFAULT NULL,
  `icon` text COLLATE utf8_unicode_ci,
  `templateName` varchar(255) COLLATE utf8_unicode_ci DEFAULT NULL,
  `templateOriginalName` varchar(255) COLLATE utf8_unicode_ci DEFAULT NULL,
  `templatePath` varchar(255) COLLATE utf8_unicode_ci NOT NULL,
  `screenshot` text COLLATE utf8_unicode_ci,
  `dateCreated` datetime NOT NULL,
  `dateUpdated` datetime NOT NULL,
  `uid` char(36) COLLATE utf8_unicode_ci NOT NULL DEFAULT '0',
  PRIMARY KEY (`id`),
  UNIQUE KEY `craft_formbuilder2_layouts_id_unq_idx` (`id`),
  UNIQUE KEY `craft_formbuilder2_layouts_handle_unq_idx` (`handle`)
) ENGINE=InnoDB DEFAULT CHARSET=utf8 COLLATE=utf8_unicode_ci;

DROP TABLE IF EXISTS `craft_formbuilder2_templates`;


--
-- Schema for table `craft_formbuilder2_templates`
--
CREATE TABLE `craft_formbuilder2_templates` (
  `id` int(11) NOT NULL AUTO_INCREMENT,
  `name` varchar(255) COLLATE utf8_unicode_ci NOT NULL,
  `handle` varchar(255) COLLATE utf8_unicode_ci NOT NULL,
  `layoutId` int(10) DEFAULT NULL,
  `bodyText` text COLLATE utf8_unicode_ci,
  `footerText` text COLLATE utf8_unicode_ci,
  `altText` text COLLATE utf8_unicode_ci,
  `templateContent` text COLLATE utf8_unicode_ci,
  `templateStyles` text COLLATE utf8_unicode_ci,
  `templateSettings` text COLLATE utf8_unicode_ci,
  `dateCreated` datetime NOT NULL,
  `dateUpdated` datetime NOT NULL,
  `uid` char(36) COLLATE utf8_unicode_ci NOT NULL DEFAULT '0',
  PRIMARY KEY (`id`),
  UNIQUE KEY `craft_formbuilder2_templates_id_unq_idx` (`id`),
  UNIQUE KEY `craft_formbuilder2_templates_handle_unq_idx` (`handle`)
) ENGINE=InnoDB DEFAULT CHARSET=utf8 COLLATE=utf8_unicode_ci;

DROP TABLE IF EXISTS `craft_globalsets`;


--
-- Schema for table `craft_globalsets`
--
CREATE TABLE `craft_globalsets` (
  `id` int(11) NOT NULL,
  `name` varchar(255) COLLATE utf8_unicode_ci NOT NULL,
  `handle` varchar(255) COLLATE utf8_unicode_ci NOT NULL,
  `fieldLayoutId` int(10) DEFAULT NULL,
  `dateCreated` datetime NOT NULL,
  `dateUpdated` datetime NOT NULL,
  `uid` char(36) COLLATE utf8_unicode_ci NOT NULL DEFAULT '0',
  PRIMARY KEY (`id`),
  UNIQUE KEY `craft_globalsets_name_unq_idx` (`name`),
  UNIQUE KEY `craft_globalsets_handle_unq_idx` (`handle`),
  KEY `craft_globalsets_fieldLayoutId_fk` (`fieldLayoutId`)
) ENGINE=InnoDB DEFAULT CHARSET=utf8 COLLATE=utf8_unicode_ci;

--
-- Data for table `craft_globalsets`
--

INSERT INTO `craft_globalsets` (`id`, `name`, `handle`, `fieldLayoutId`, `dateCreated`, `dateUpdated`, `uid`) VALUES
 ('15', 'SEO', 'seo', '17', '2016-06-30 03:58:22', '2016-06-30 03:59:58', '5b209329-52a7-4490-81e0-317b30b6952f'),
 ('16', 'Site Info', 'siteInfo', '27', '2016-07-03 18:06:22', '2016-08-31 22:13:31', 'bfe572d2-464e-4b1b-9072-c7ae63d53962');



DROP TABLE IF EXISTS `craft_info`;


--
-- Schema for table `craft_info`
--
CREATE TABLE `craft_info` (
  `id` int(11) NOT NULL AUTO_INCREMENT,
  `version` varchar(15) COLLATE utf8_unicode_ci NOT NULL,
  `build` int(11) unsigned NOT NULL,
  `schemaVersion` varchar(15) COLLATE utf8_unicode_ci NOT NULL,
  `releaseDate` datetime NOT NULL,
  `edition` tinyint(1) unsigned NOT NULL DEFAULT '0',
  `siteName` varchar(100) COLLATE utf8_unicode_ci NOT NULL,
  `siteUrl` varchar(255) COLLATE utf8_unicode_ci NOT NULL,
  `timezone` varchar(30) COLLATE utf8_unicode_ci DEFAULT NULL,
  `on` tinyint(1) unsigned NOT NULL DEFAULT '0',
  `maintenance` tinyint(1) unsigned NOT NULL DEFAULT '0',
  `track` varchar(40) COLLATE utf8_unicode_ci NOT NULL,
  `dateCreated` datetime NOT NULL,
  `dateUpdated` datetime NOT NULL,
  `uid` char(36) COLLATE utf8_unicode_ci NOT NULL DEFAULT '0',
  PRIMARY KEY (`id`)
) ENGINE=InnoDB AUTO_INCREMENT=2 DEFAULT CHARSET=utf8 COLLATE=utf8_unicode_ci;

--
-- Data for table `craft_info`
--

INSERT INTO `craft_info` (`id`, `version`, `build`, `schemaVersion`, `releaseDate`, `edition`, `siteName`, `siteUrl`, `timezone`, `on`, `maintenance`, `track`, `dateCreated`, `dateUpdated`, `uid`) VALUES
 ('1', '2.6', '2791', '2.6.5', '2016-06-07 21:19:08', '2', 'The Lab', '/', 'UTC', '1', '0', 'stable', '2016-06-12 21:58:14', '2016-09-12 16:49:38', 'cee4c453-6079-4b56-ad0a-206f1d6ec168');



DROP TABLE IF EXISTS `craft_locales`;


--
-- Schema for table `craft_locales`
--
CREATE TABLE `craft_locales` (
  `locale` char(12) COLLATE utf8_unicode_ci NOT NULL,
  `sortOrder` smallint(6) unsigned DEFAULT NULL,
  `dateCreated` datetime NOT NULL,
  `dateUpdated` datetime NOT NULL,
  `uid` char(36) COLLATE utf8_unicode_ci NOT NULL DEFAULT '0',
  PRIMARY KEY (`locale`),
  KEY `craft_locales_sortOrder_idx` (`sortOrder`)
) ENGINE=InnoDB DEFAULT CHARSET=utf8 COLLATE=utf8_unicode_ci;

--
-- Data for table `craft_locales`
--

INSERT INTO `craft_locales` (`locale`, `sortOrder`, `dateCreated`, `dateUpdated`, `uid`) VALUES
 ('en_us', '1', '2016-06-12 21:58:14', '2016-06-12 21:58:14', 'a216f638-1d55-4f58-9e79-e0933e77a70a');



DROP TABLE IF EXISTS `craft_matrixblocks`;


--
-- Schema for table `craft_matrixblocks`
--
CREATE TABLE `craft_matrixblocks` (
  `id` int(11) NOT NULL,
  `ownerId` int(11) NOT NULL,
  `fieldId` int(11) NOT NULL,
  `typeId` int(11) DEFAULT NULL,
  `sortOrder` smallint(6) unsigned DEFAULT NULL,
  `ownerLocale` char(12) COLLATE utf8_unicode_ci DEFAULT NULL,
  `dateCreated` datetime NOT NULL,
  `dateUpdated` datetime NOT NULL,
  `uid` char(36) COLLATE utf8_unicode_ci NOT NULL DEFAULT '0',
  PRIMARY KEY (`id`),
  KEY `craft_matrixblocks_ownerId_idx` (`ownerId`),
  KEY `craft_matrixblocks_fieldId_idx` (`fieldId`),
  KEY `craft_matrixblocks_typeId_idx` (`typeId`),
  KEY `craft_matrixblocks_sortOrder_idx` (`sortOrder`),
  KEY `craft_matrixblocks_ownerLocale_fk` (`ownerLocale`)
) ENGINE=InnoDB DEFAULT CHARSET=utf8 COLLATE=utf8_unicode_ci;

DROP TABLE IF EXISTS `craft_matrixblocktypes`;


--
-- Schema for table `craft_matrixblocktypes`
--
CREATE TABLE `craft_matrixblocktypes` (
  `id` int(11) NOT NULL AUTO_INCREMENT,
  `fieldId` int(11) NOT NULL,
  `fieldLayoutId` int(11) DEFAULT NULL,
  `name` varchar(255) COLLATE utf8_unicode_ci NOT NULL,
  `handle` varchar(255) COLLATE utf8_unicode_ci NOT NULL,
  `sortOrder` smallint(6) unsigned DEFAULT NULL,
  `dateCreated` datetime NOT NULL,
  `dateUpdated` datetime NOT NULL,
  `uid` char(36) COLLATE utf8_unicode_ci NOT NULL DEFAULT '0',
  PRIMARY KEY (`id`),
  UNIQUE KEY `craft_matrixblocktypes_name_fieldId_unq_idx` (`name`,`fieldId`),
  UNIQUE KEY `craft_matrixblocktypes_handle_fieldId_unq_idx` (`handle`,`fieldId`),
  KEY `craft_matrixblocktypes_fieldId_fk` (`fieldId`),
  KEY `craft_matrixblocktypes_fieldLayoutId_fk` (`fieldLayoutId`)
) ENGINE=InnoDB DEFAULT CHARSET=utf8 COLLATE=utf8_unicode_ci;

DROP TABLE IF EXISTS `craft_migrations`;


--
-- Schema for table `craft_migrations`
--
CREATE TABLE `craft_migrations` (
  `id` int(11) NOT NULL AUTO_INCREMENT,
  `pluginId` int(11) DEFAULT NULL,
  `version` varchar(255) COLLATE utf8_unicode_ci NOT NULL,
  `applyTime` datetime NOT NULL,
  `dateCreated` datetime NOT NULL,
  `dateUpdated` datetime NOT NULL,
  `uid` char(36) COLLATE utf8_unicode_ci NOT NULL DEFAULT '0',
  PRIMARY KEY (`id`),
  UNIQUE KEY `craft_migrations_version_unq_idx` (`version`),
  KEY `craft_migrations_pluginId_fk` (`pluginId`)
) ENGINE=InnoDB AUTO_INCREMENT=38 DEFAULT CHARSET=utf8 COLLATE=utf8_unicode_ci;

--
-- Data for table `craft_migrations`
--

INSERT INTO `craft_migrations` (`id`, `pluginId`, `version`, `applyTime`, `dateCreated`, `dateUpdated`, `uid`) VALUES
 ('1', NULL, 'm000000_000000_base', '2016-06-12 21:58:14', '2016-06-12 21:58:14', '2016-06-12 21:58:14', 'f8023d75-af8a-405d-a9ba-f9e084e0d7a1'),
 ('2', NULL, 'm140730_000001_add_filename_and_format_to_transformindex', '2016-06-12 21:58:14', '2016-06-12 21:58:14', '2016-06-12 21:58:14', 'f62fc54c-0839-4457-b0d1-c2954ccbccab'),
 ('3', NULL, 'm140815_000001_add_format_to_transforms', '2016-06-12 21:58:14', '2016-06-12 21:58:14', '2016-06-12 21:58:14', '7a444efa-80a0-48e0-8514-c8d89c24dcc3'),
 ('4', NULL, 'm140822_000001_allow_more_than_128_items_per_field', '2016-06-12 21:58:14', '2016-06-12 21:58:14', '2016-06-12 21:58:14', '28981f4e-2395-4789-b9cb-450afa30c8e8'),
 ('5', NULL, 'm140829_000001_single_title_formats', '2016-06-12 21:58:14', '2016-06-12 21:58:14', '2016-06-12 21:58:14', '8f403a95-51ed-41dd-9e63-1e723c72688d'),
 ('6', NULL, 'm140831_000001_extended_cache_keys', '2016-06-12 21:58:14', '2016-06-12 21:58:14', '2016-06-12 21:58:14', 'c41c4243-d376-4e6c-91be-d1934670bc37'),
 ('7', NULL, 'm140922_000001_delete_orphaned_matrix_blocks', '2016-06-12 21:58:14', '2016-06-12 21:58:14', '2016-06-12 21:58:14', '3e64aaca-6893-4beb-886e-abd2158a1d74'),
 ('8', NULL, 'm141008_000001_elements_index_tune', '2016-06-12 21:58:14', '2016-06-12 21:58:14', '2016-06-12 21:58:14', 'eeec8840-867a-4898-9575-43d9e6e1873b'),
 ('9', NULL, 'm141009_000001_assets_source_handle', '2016-06-12 21:58:14', '2016-06-12 21:58:14', '2016-06-12 21:58:14', '7dd8bd75-59f8-4052-8ba8-32612c5f8b10'),
 ('10', NULL, 'm141024_000001_field_layout_tabs', '2016-06-12 21:58:14', '2016-06-12 21:58:14', '2016-06-12 21:58:14', '7f30b5f9-4223-4713-8ed1-f32896e1994a'),
 ('11', NULL, 'm141030_000000_plugin_schema_versions', '2016-06-12 21:58:14', '2016-06-12 21:58:14', '2016-06-12 21:58:14', '1194d25e-18ab-461f-b59a-b4ef9f50636f'),
 ('12', NULL, 'm141030_000001_drop_structure_move_permission', '2016-06-12 21:58:14', '2016-06-12 21:58:14', '2016-06-12 21:58:14', 'c3de3971-2dcd-44fb-9108-7718ccd0b162'),
 ('13', NULL, 'm141103_000001_tag_titles', '2016-06-12 21:58:14', '2016-06-12 21:58:14', '2016-06-12 21:58:14', '97f91ec9-c348-4ecc-b8af-214d586d14e7'),
 ('14', NULL, 'm141109_000001_user_status_shuffle', '2016-06-12 21:58:14', '2016-06-12 21:58:14', '2016-06-12 21:58:14', 'e7cc7720-fdbd-48aa-9d44-afe7a1d17e83'),
 ('15', NULL, 'm141126_000001_user_week_start_day', '2016-06-12 21:58:14', '2016-06-12 21:58:14', '2016-06-12 21:58:14', '92126594-1bc9-4e37-bc94-ff3ab4c336f8'),
 ('16', NULL, 'm150210_000001_adjust_user_photo_size', '2016-06-12 21:58:14', '2016-06-12 21:58:14', '2016-06-12 21:58:14', 'f9207292-cc00-4866-a2cd-a84ea1cb239c'),
 ('17', NULL, 'm150724_000001_adjust_quality_settings', '2016-06-12 21:58:14', '2016-06-12 21:58:14', '2016-06-12 21:58:14', '25316507-802c-430b-9f85-38ecdd5b5621'),
 ('18', NULL, 'm150827_000000_element_index_settings', '2016-06-12 21:58:14', '2016-06-12 21:58:14', '2016-06-12 21:58:14', 'bc5d5f26-f0cf-4bc1-9573-433d7455ffd0'),
 ('19', NULL, 'm150918_000001_add_colspan_to_widgets', '2016-06-12 21:58:14', '2016-06-12 21:58:14', '2016-06-12 21:58:14', '8791a4fb-4e02-4dd4-a657-0b419b44068d'),
 ('20', NULL, 'm151007_000000_clear_asset_caches', '2016-06-12 21:58:14', '2016-06-12 21:58:14', '2016-06-12 21:58:14', 'fddfac7f-8cfd-4ba6-a7fe-1f03291b0d61'),
 ('21', NULL, 'm151109_000000_text_url_formats', '2016-06-12 21:58:14', '2016-06-12 21:58:14', '2016-06-12 21:58:14', '0261beac-2739-4bd5-99a1-a8e93229e9f2'),
 ('22', NULL, 'm151110_000000_move_logo', '2016-06-12 21:58:14', '2016-06-12 21:58:14', '2016-06-12 21:58:14', 'ebd6832f-2c5b-4110-bea0-0278b1ea8673'),
 ('23', NULL, 'm151117_000000_adjust_image_widthheight', '2016-06-12 21:58:14', '2016-06-12 21:58:14', '2016-06-12 21:58:14', '55103ca4-a7ae-479f-9c98-2c477fdf5161'),
 ('24', NULL, 'm151127_000000_clear_license_key_status', '2016-06-12 21:58:14', '2016-06-12 21:58:14', '2016-06-12 21:58:14', '7c23a430-4e81-4d13-8827-6d34014dcbd3'),
 ('25', NULL, 'm151127_000000_plugin_license_keys', '2016-06-12 21:58:14', '2016-06-12 21:58:14', '2016-06-12 21:58:14', '538bac93-2bd8-4c3a-817b-f04e22fd2a0f'),
 ('26', NULL, 'm151130_000000_update_pt_widget_feeds', '2016-06-12 21:58:14', '2016-06-12 21:58:14', '2016-06-12 21:58:14', 'fed9fb00-8194-4bec-badd-cfda814ce383'),
 ('27', NULL, 'm160114_000000_asset_sources_public_url_default_true', '2016-06-12 21:58:14', '2016-06-12 21:58:14', '2016-06-12 21:58:14', '2d178bff-d334-4d4a-8316-d8171514ef8a'),
 ('28', NULL, 'm160223_000000_sortorder_to_smallint', '2016-06-12 21:58:14', '2016-06-12 21:58:14', '2016-06-12 21:58:14', '515b4c8d-ba69-4f4a-9475-08e0b864e7bd'),
 ('29', NULL, 'm160229_000000_set_default_entry_statuses', '2016-06-12 21:58:14', '2016-06-12 21:58:14', '2016-06-12 21:58:14', '23326f45-b4ad-412d-a5f1-12da4fdea25e'),
 ('30', NULL, 'm160304_000000_client_permissions', '2016-06-12 21:58:14', '2016-06-12 21:58:14', '2016-06-12 21:58:14', '2eb02e3b-26b8-4cad-a9bc-f96614131548'),
 ('31', NULL, 'm160322_000000_asset_filesize', '2016-06-12 21:58:14', '2016-06-12 21:58:14', '2016-06-12 21:58:14', '6a3a7e5b-37d2-4f09-9fee-823f96be93fa'),
 ('32', NULL, 'm160503_000000_orphaned_fieldlayouts', '2016-06-12 21:58:14', '2016-06-12 21:58:14', '2016-06-12 21:58:14', '157a438d-a096-4a53-b76a-a35fe9f7e894'),
 ('33', NULL, 'm160510_000000_tasksettings', '2016-06-12 21:58:14', '2016-06-12 21:58:14', '2016-06-12 21:58:14', '9fb05865-496d-497b-9f71-d38a4ef80715'),
 ('34', '1', 'm160803_191207_formbuilder2_AddFieldsTable', '2016-08-29 15:06:20', '2016-08-29 15:06:20', '2016-08-29 15:06:20', '8c19f51d-6510-4961-a2f9-f59c34d99820'),
 ('35', '1', 'm160809_202610_formbuilder2_AddTemplatesTable', '2016-08-29 15:06:20', '2016-08-29 15:06:20', '2016-08-29 15:06:20', '97a715a7-6487-4cbf-b4b9-ffd1c52d9e95'),
 ('36', '1', 'm160813_010312_formbuilder2_AddLayoutsTable', '2016-08-29 15:06:20', '2016-08-29 15:06:20', '2016-08-29 15:06:20', '069e390c-ce2c-460d-a285-8263b64516c3'),
 ('37', '1', 'm160906_181418_formbuilder2_UpdateTemplatesColumnType', '2016-09-12 16:49:38', '2016-09-12 16:49:38', '2016-09-12 16:49:38', '62724ebb-e7a7-455d-84a0-7c78be9e2792');



DROP TABLE IF EXISTS `craft_plugins`;


--
-- Schema for table `craft_plugins`
--
CREATE TABLE `craft_plugins` (
  `id` int(11) NOT NULL AUTO_INCREMENT,
  `class` varchar(150) COLLATE utf8_unicode_ci NOT NULL,
  `version` varchar(15) COLLATE utf8_unicode_ci NOT NULL,
  `schemaVersion` varchar(15) COLLATE utf8_unicode_ci DEFAULT NULL,
  `licenseKey` char(24) COLLATE utf8_unicode_ci DEFAULT NULL,
  `licenseKeyStatus` enum('valid','invalid','mismatched','unknown') COLLATE utf8_unicode_ci NOT NULL DEFAULT 'unknown',
  `enabled` tinyint(1) unsigned NOT NULL DEFAULT '0',
  `settings` text COLLATE utf8_unicode_ci,
  `installDate` datetime NOT NULL,
  `dateCreated` datetime NOT NULL,
  `dateUpdated` datetime NOT NULL,
  `uid` char(36) COLLATE utf8_unicode_ci NOT NULL DEFAULT '0',
  PRIMARY KEY (`id`)
) ENGINE=InnoDB AUTO_INCREMENT=2 DEFAULT CHARSET=utf8 COLLATE=utf8_unicode_ci;

--
-- Data for table `craft_plugins`
--

INSERT INTO `craft_plugins` (`id`, `class`, `version`, `schemaVersion`, `licenseKey`, `licenseKeyStatus`, `enabled`, `settings`, `installDate`, `dateCreated`, `dateUpdated`, `uid`) VALUES
 ('1', 'FormBuilder2', '2.0.10', NULL, NULL, 'unknown', '1', NULL, '2016-08-29 15:06:20', '2016-08-29 15:06:20', '2017-08-02 04:11:47', 'e545db0e-9f8d-42e0-b9d1-e55557543a57');



DROP TABLE IF EXISTS `craft_rackspaceaccess`;


--
-- Schema for table `craft_rackspaceaccess`
--
CREATE TABLE `craft_rackspaceaccess` (
  `id` int(11) NOT NULL AUTO_INCREMENT,
  `connectionKey` varchar(255) COLLATE utf8_unicode_ci NOT NULL,
  `token` varchar(255) COLLATE utf8_unicode_ci NOT NULL,
  `storageUrl` varchar(255) COLLATE utf8_unicode_ci NOT NULL,
  `cdnUrl` varchar(255) COLLATE utf8_unicode_ci NOT NULL,
  `dateCreated` datetime NOT NULL,
  `dateUpdated` datetime NOT NULL,
  `uid` char(36) COLLATE utf8_unicode_ci NOT NULL DEFAULT '0',
  PRIMARY KEY (`id`),
  UNIQUE KEY `craft_rackspaceaccess_connectionKey_unq_idx` (`connectionKey`)
) ENGINE=InnoDB DEFAULT CHARSET=utf8 COLLATE=utf8_unicode_ci;

DROP TABLE IF EXISTS `craft_relations`;


--
-- Schema for table `craft_relations`
--
CREATE TABLE `craft_relations` (
  `id` int(11) NOT NULL AUTO_INCREMENT,
  `fieldId` int(11) NOT NULL,
  `sourceId` int(11) NOT NULL,
  `sourceLocale` char(12) COLLATE utf8_unicode_ci DEFAULT NULL,
  `targetId` int(11) NOT NULL,
  `sortOrder` smallint(6) DEFAULT NULL,
  `dateCreated` datetime NOT NULL,
  `dateUpdated` datetime NOT NULL,
  `uid` char(36) COLLATE utf8_unicode_ci NOT NULL DEFAULT '0',
  PRIMARY KEY (`id`),
  UNIQUE KEY `craft_relations_fieldId_sourceId_sourceLocale_targetId_unq_idx` (`fieldId`,`sourceId`,`sourceLocale`,`targetId`),
  KEY `craft_relations_sourceId_fk` (`sourceId`),
  KEY `craft_relations_sourceLocale_fk` (`sourceLocale`),
  KEY `craft_relations_targetId_fk` (`targetId`)
) ENGINE=InnoDB AUTO_INCREMENT=222 DEFAULT CHARSET=utf8 COLLATE=utf8_unicode_ci;

--
-- Data for table `craft_relations`
--

INSERT INTO `craft_relations` (`id`, `fieldId`, `sourceId`, `sourceLocale`, `targetId`, `sortOrder`, `dateCreated`, `dateUpdated`, `uid`) VALUES
 ('92', '4', '2', NULL, '22', '1', '2016-08-31 01:23:08', '2016-08-31 01:23:08', '31398e28-c41a-4b1a-ba5a-d85e7564adb3'),
 ('157', '40', '24', NULL, '26', '1', '2016-09-14 16:39:16', '2016-09-14 16:39:16', 'd6adbf9d-3b38-41bd-bd11-f801878f92f0'),
 ('158', '40', '24', NULL, '25', '2', '2016-09-14 16:39:16', '2016-09-14 16:39:16', '0c6bc1b9-375e-4ff8-851f-177206f2a47a'),
 ('159', '40', '24', NULL, '40', '3', '2016-09-14 16:39:16', '2016-09-14 16:39:16', '57a942ac-21a1-45ed-acaf-999e9f5e7bd8'),
 ('160', '40', '24', NULL, '39', '4', '2016-09-14 16:39:16', '2016-09-14 16:39:16', 'd11ff0af-6930-4be9-a56a-84f2f5b33cef'),
 ('161', '40', '24', NULL, '38', '5', '2016-09-14 16:39:16', '2016-09-14 16:39:16', '906a0a93-75a7-48ce-812e-efef5b95b2e2'),
 ('162', '40', '24', NULL, '37', '6', '2016-09-14 16:39:16', '2016-09-14 16:39:16', 'c6034ec6-c3e4-493a-baad-fe48251c30f4'),
 ('163', '40', '24', NULL, '36', '7', '2016-09-14 16:39:16', '2016-09-14 16:39:16', 'c655bad6-0670-4134-bc2b-c5646ac420e1'),
 ('164', '40', '24', NULL, '35', '8', '2016-09-14 16:39:16', '2016-09-14 16:39:16', '1c0c3d35-a251-4e61-81e4-9d8f68d38660'),
 ('165', '40', '24', NULL, '34', '9', '2016-09-14 16:39:16', '2016-09-14 16:39:16', '8f450b41-aa65-4f80-919b-d7f0bed94f03'),
 ('166', '40', '24', NULL, '33', '10', '2016-09-14 16:39:16', '2016-09-14 16:39:16', 'df55ec61-c551-4771-82e0-9b3f87517d7b'),
 ('167', '40', '24', NULL, '32', '11', '2016-09-14 16:39:16', '2016-09-14 16:39:16', '93198a66-c412-4011-ae9c-1ddec3237702'),
 ('168', '40', '24', NULL, '31', '12', '2016-09-14 16:39:16', '2016-09-14 16:39:16', 'a2f3d0c5-e715-4be8-b47b-d283819b6db8'),
 ('169', '14', '8', NULL, '48', '1', '2016-09-18 17:55:13', '2016-09-18 17:55:13', '3cc11252-c97e-4331-9eec-f5cac9c96fe4'),
 ('170', '14', '50', NULL, '49', '1', '2016-09-18 17:55:34', '2016-09-18 17:55:34', '8788ab07-662d-408d-a40d-312947a19b76'),
 ('187', '14', '9', NULL, '21', '1', '2016-09-23 06:30:38', '2016-09-23 06:30:38', '047cc5a8-6749-4de4-868e-2f2ba2f25435'),
 ('204', '7', '2', NULL, '18', '1', '2016-10-25 14:32:55', '2016-10-25 14:32:55', '1531c9d6-da5d-4ef4-94c5-18635e727b62'),
 ('205', '18', '2', NULL, '4', '1', '2016-10-25 14:32:55', '2016-10-25 14:32:55', '03a97c0e-c78b-423a-9db7-59b35ceadb36'),
 ('206', '18', '2', NULL, '5', '2', '2016-10-25 14:32:55', '2016-10-25 14:32:55', 'c3a775c8-764d-4000-bb60-d3a2a00d7797'),
 ('207', '18', '2', NULL, '6', '3', '2016-10-25 14:32:55', '2016-10-25 14:32:55', '4c2c83f4-e7e7-460a-ae2f-b700e94a28b1'),
 ('208', '18', '2', NULL, '7', '4', '2016-10-25 14:32:55', '2016-10-25 14:32:55', '30544426-aa6b-428b-9afb-89eba0cdcf99'),
 ('209', '11', '2', NULL, '19', '1', '2016-10-25 14:32:55', '2016-10-25 14:32:55', 'c456f23a-035b-4ea7-bcc1-9487ee186271'),
 ('210', '15', '2', NULL, '9', '1', '2016-10-25 14:32:55', '2016-10-25 14:32:55', 'f9bcedc8-a277-44d4-883d-215c8fc8b8b1'),
 ('211', '15', '2', NULL, '8', '2', '2016-10-25 14:32:55', '2016-10-25 14:32:55', '59d17590-26a3-47e9-9a11-03878ffc28cb'),
 ('212', '15', '2', NULL, '50', '3', '2016-10-25 14:32:55', '2016-10-25 14:32:55', '832434db-bd1c-419e-872f-9bbf8c783ec1'),
 ('213', '22', '2', NULL, '20', '1', '2016-10-25 14:32:55', '2016-10-25 14:32:55', '8614f5ef-2453-489c-a082-967c622c8740'),
 ('214', '38', '2', NULL, '23', '1', '2016-10-25 14:32:55', '2016-10-25 14:32:55', '0be8e8cb-5b41-46a4-90e4-1150bcf68ff5'),
 ('215', '19', '2', NULL, '10', '1', '2016-10-25 14:32:55', '2016-10-25 14:32:55', '56e94287-2985-41d7-b757-46eda7dbc294'),
 ('216', '19', '2', NULL, '11', '2', '2016-10-25 14:32:55', '2016-10-25 14:32:55', '50caedc2-05c2-4fac-9774-72a4f69ef929'),
 ('217', '19', '2', NULL, '12', '3', '2016-10-25 14:32:55', '2016-10-25 14:32:55', '7807a179-4635-4d63-b920-60660737fd35'),
 ('218', '19', '2', NULL, '13', '4', '2016-10-25 14:32:55', '2016-10-25 14:32:55', '20bed7dc-e37b-4c7e-ba32-7c75d23c7823'),
 ('219', '19', '2', NULL, '14', '5', '2016-10-25 14:32:55', '2016-10-25 14:32:55', '4280df64-68a9-4d48-b902-9a3a6b49eaeb'),
 ('220', '56', '133', NULL, '135', '1', '2017-08-02 04:15:03', '2017-08-02 04:15:03', '72386dc4-929f-44bc-b4cd-7c47e16b698f'),
 ('221', '58', '133', NULL, '136', '1', '2017-08-02 04:15:03', '2017-08-02 04:15:03', 'cdf9beea-9b9d-41a5-bc2d-3e19e530a0b5');



DROP TABLE IF EXISTS `craft_routes`;


--
-- Schema for table `craft_routes`
--
CREATE TABLE `craft_routes` (
  `id` int(11) NOT NULL AUTO_INCREMENT,
  `locale` char(12) COLLATE utf8_unicode_ci DEFAULT NULL,
  `urlParts` varchar(255) COLLATE utf8_unicode_ci NOT NULL,
  `urlPattern` varchar(255) COLLATE utf8_unicode_ci NOT NULL,
  `template` varchar(255) COLLATE utf8_unicode_ci NOT NULL,
  `sortOrder` smallint(6) unsigned DEFAULT NULL,
  `dateCreated` datetime NOT NULL,
  `dateUpdated` datetime NOT NULL,
  `uid` char(36) COLLATE utf8_unicode_ci NOT NULL DEFAULT '0',
  PRIMARY KEY (`id`),
  UNIQUE KEY `craft_routes_urlPattern_unq_idx` (`urlPattern`),
  KEY `craft_routes_locale_idx` (`locale`)
) ENGINE=InnoDB DEFAULT CHARSET=utf8 COLLATE=utf8_unicode_ci;

DROP TABLE IF EXISTS `craft_searchindex`;


--
-- Schema for table `craft_searchindex`
--
CREATE TABLE `craft_searchindex` (
  `elementId` int(11) NOT NULL,
  `attribute` varchar(25) COLLATE utf8_unicode_ci NOT NULL,
  `fieldId` int(11) NOT NULL,
  `locale` char(12) COLLATE utf8_unicode_ci NOT NULL,
  `keywords` text COLLATE utf8_unicode_ci NOT NULL,
  PRIMARY KEY (`elementId`,`attribute`,`fieldId`,`locale`),
  FULLTEXT KEY `craft_searchindex_keywords_idx` (`keywords`)
) ENGINE=MyISAM DEFAULT CHARSET=utf8 COLLATE=utf8_unicode_ci;

--
-- Data for table `craft_searchindex`
--

INSERT INTO `craft_searchindex` (`elementId`, `attribute`, `fieldId`, `locale`, `keywords`) VALUES
 ('1', 'username', '0', 'en_us', ' admin '),
 ('1', 'firstname', '0', 'en_us', ''),
 ('1', 'lastname', '0', 'en_us', ''),
 ('1', 'fullname', '0', 'en_us', ''),
 ('1', 'email', '0', 'en_us', ' forevergreenmylove gmail com '),
 ('1', 'slug', '0', 'en_us', ''),
 ('2', 'slug', '0', 'en_us', ' homepage '),
 ('2', 'title', '0', 'en_us', ' home '),
 ('2', 'field', '1', 'en_us', ' it s true this site doesn t have a whole lot of content yet but don t worry our web developers have just installed the cms and they re setting things up for the content editors this very moment soon localhost will be an oasis of fresh perspectives sharp analyses and astute opinions that will keep you coming back again and again '),
 ('3', 'field', '1', 'en_us', ' craft is the cms that s powering localhost it s beautiful powerful flexible and easy to use and it s made by pixel tonic we can t wait to dive in and see what it s capable of this is even more captivating content which you couldn t see on the news index page because it was entered after a page break and the news index template only likes to show the content on the first page craft a nice alternative to word if you re making a website '),
 ('3', 'field', '2', 'en_us', ''),
 ('3', 'slug', '0', 'en_us', ''),
 ('3', 'title', '0', 'en_us', ' we just installed craft '),
 ('4', 'field', '1', 'en_us', ' the lab has an elegant modern open air design making it easy to set up in any type of venue there are no constraints and no extra clutter whether you re a posing solo or with a group there is ample space for up to 20 guests to get an effortlessly perfect shot '),
 ('4', 'slug', '0', 'en_us', ' open air design '),
 ('4', 'title', '0', 'en_us', ' open air design '),
 ('5', 'field', '1', 'en_us', ' it wouldn t be fair to get dolled up just to get a bad picture in return the lab is equipped with innovative photographic technology and professional lighting that ensure highest quality images every time '),
 ('5', 'slug', '0', 'en_us', ' studio quality camera '),
 ('5', 'title', '0', 'en_us', ' studio quality camera '),
 ('6', 'field', '1', 'en_us', ' we know once you get that killer shot you re going to want everyone to see it share and send your picture directly to your social media pages or via email or text instantly with our convenient and super easy touchscreen technology '),
 ('6', 'slug', '0', 'en_us', ' snap share '),
 ('6', 'title', '0', 'en_us', ' snap share '),
 ('7', 'field', '1', 'en_us', ' every photo is customizable to commemorate the occasion choose from an assortment of photo sizes customized with frames company logos event graphics and more the possibilities are endless to transform your pictures into an ultimate celebration souvenir '),
 ('7', 'slug', '0', 'en_us', ' the perfect keepsake '),
 ('7', 'title', '0', 'en_us', ' the perfect keepsake '),
 ('8', 'field', '1', 'en_us', ''),
 ('8', 'field', '14', 'en_us', ' backdrop slide2 '),
 ('8', 'slug', '0', 'en_us', ' weve got your back drop '),
 ('8', 'title', '0', 'en_us', ' empty '),
 ('9', 'field', '1', 'en_us', ' the backdrop is the canvas on which the perfect pictures are created our assortment of backgrounds come in an array of different colors and patterns to compliment the excitement of your celebration do you need a backdrop of a ship for a bon voyage party or other party themes let us know what you would like and we ll make it happen scroll to the left or right to view some of our favorites '),
 ('9', 'field', '14', 'en_us', ' getty images 86082558 '),
 ('9', 'slug', '0', 'en_us', ' the lab propshop '),
 ('9', 'title', '0', 'en_us', ' we ve got your back drop '),
 ('10', 'field', '1', 'en_us', ' no time for prints the social both allows you to instantly send your picture to yourself via text email or share with your friends posting your picture directly to your social media page right from the booth 2 hours of lab time1 lab assistantpersonalized photo designonline facebook gallerysocial media integration $550 '),
 ('10', 'slug', '0', 'en_us', ' social booth '),
 ('10', 'title', '0', 'en_us', ' the uptown '),
 ('11', 'field', '1', 'en_us', ' two full hours with the booth a beautiful backdrop and a lab assistant to help you through your guests are sure to be entertained and they will be leaving with a personalized keepsake from your event 2 hours of lab time1 lab assistantstandard backdroppersonalized photo designunlimited 1 print per setting$700 '),
 ('11', 'slug', '0', 'en_us', ' classic booth '),
 ('11', 'title', '0', 'en_us', ' the grove '),
 ('12', 'field', '1', 'en_us', ' this has been the option for many happy clients in addition to your backdrop selection additional print per sitting your guest will enjoy digging into the propshop to truly customize their shot for three hours the lab is yours to capture all your event memories 3 hours of lab time2 lab assistantsstandard backdrop standard propshoppersonalized photo designunlimited 2 prints per settingonline facebook gallerysocial media integration$900 '),
 ('12', 'slug', '0', 'en_us', ' essetntial booth '),
 ('12', 'title', '0', 'en_us', ' the kessler '),
 ('13', 'field', '1', 'en_us', ' keep your guest coming back for more with four full hours with the lab two lab assistants a premium backdrop and custom props from the propshop plus your guest will have the option to print the keepsake and use the social kiosk to share a copy friends on their facebook or twitter page 4 hours of lab time 2 lab assistants premium backdrop custom propshoppersonalized photo design unlimited online facebook gallery social media integration social media kiosk $1350 '),
 ('13', 'slug', '0', 'en_us', ' boss booth '),
 ('13', 'title', '0', 'en_us', ' the cliff '),
 ('14', 'field', '1', 'en_us', ' are your employees using selfies and instagram filtered pictures for their professional headshots the lab is now available for headshots you ll get six headshots each for up to 35 employees with additional employees for $25 a person we provide you with a white backdrop a lab assistant and digital copies of every image you provide the professionalism or goofiness after all it s your headshot$800 '),
 ('14', 'slug', '0', 'en_us', ' headshots '),
 ('14', 'title', '0', 'en_us', ' headshots '),
 ('2', 'field', '4', 'en_us', ' icons logo veritcal '),
 ('2', 'field', '3', 'en_us', ''),
 ('2', 'field', '6', 'en_us', ' the lab is a dallas based party photo booth company on a mission to add a touch of sophisticated fun to your events our luxurious open air photo booth is sure to make a statement and make memories that you ll never forget so what s your occasion a birthday a wedding a corporate shindig you name it and the lab photo booth will take the fun and entertainment up a notch '),
 ('2', 'field', '5', 'en_us', ' welcome to the lab '),
 ('2', 'field', '7', 'en_us', ' welcome background 1 '),
 ('2', 'field', '8', 'en_us', ' a close up of the lab '),
 ('2', 'field', '9', 'en_us', ' what sets the lab apart is our ability to seamlessly become part of the party and provide a fun yet stylish experience you get a professional quality camera and lighting equipment that promises to never take a bad picture and totally wow your guests the lab provides '),
 ('2', 'field', '18', 'en_us', ' open air design studio quality camera snap share the perfect keepsake '),
 ('2', 'field', '10', 'en_us', ' inside the lab is where all the magic happens and pictures truly come alive our collection of backdrops and props lets your guests make their photo op as classic or quirky as they d like let s get started '),
 ('2', 'field', '11', 'en_us', ' green burst '),
 ('2', 'field', '15', 'en_us', ' we ve got your back drop empty slide 3 '),
 ('2', 'field', '16', 'en_us', ' the lab propshop '),
 ('2', 'field', '17', 'en_us', ' it s important that every picture is one of a kind and 100% you the lab s propshop is fully loaded with tons of different accessories masks and other knick knacks necessary to make each picture anything but ordinary having an 80 s party and need a rockin mullet wig we can cater the propshop to match any party theme '),
 ('2', 'field', '22', 'en_us', ' props background 1 '),
 ('2', 'field', '20', 'en_us', ' the lab experience packages '),
 ('2', 'field', '21', 'en_us', ' there are tons of different party and event ideas that the lab can add hours of fun and excitement to from personal to corporate level the lab has options to fit your needs '),
 ('2', 'field', '19', 'en_us', ' the uptown the grove the kessler the cliff headshots '),
 ('15', 'slug', '0', 'en_us', ''),
 ('15', 'field', '24', 'en_us', ''),
 ('15', 'field', '23', 'en_us', ''),
 ('16', 'field', '25', 'en_us', ''),
 ('16', 'field', '26', 'en_us', ' https www facebook com eventsbythelab '),
 ('16', 'field', '28', 'en_us', ' https www instagram com labphotobooth '),
 ('16', 'field', '27', 'en_us', ' https twitter com labphotobooth '),
 ('16', 'field', '29', 'en_us', ' https www pinterest com labphotobooth '),
 ('16', 'slug', '0', 'en_us', ''),
 ('17', 'filename', '0', 'en_us', ' backgrounds jpg '),
 ('17', 'extension', '0', 'en_us', ' jpg '),
 ('17', 'kind', '0', 'en_us', ' image '),
 ('17', 'slug', '0', 'en_us', ' backgrounds '),
 ('17', 'title', '0', 'en_us', ' backgrounds '),
 ('18', 'filename', '0', 'en_us', ' welcome_background_1 jpg '),
 ('18', 'extension', '0', 'en_us', ' jpg '),
 ('18', 'kind', '0', 'en_us', ' image '),
 ('18', 'slug', '0', 'en_us', ''),
 ('18', 'title', '0', 'en_us', ' welcome background 1 '),
 ('19', 'filename', '0', 'en_us', ' greenburst jpg '),
 ('19', 'extension', '0', 'en_us', ' jpg '),
 ('19', 'kind', '0', 'en_us', ' image '),
 ('19', 'slug', '0', 'en_us', ''),
 ('19', 'title', '0', 'en_us', ' green burst '),
 ('20', 'filename', '0', 'en_us', ' props_background_1 jpg '),
 ('20', 'extension', '0', 'en_us', ' jpg '),
 ('20', 'kind', '0', 'en_us', ' image '),
 ('20', 'slug', '0', 'en_us', ''),
 ('20', 'title', '0', 'en_us', ' props background 1 '),
 ('21', 'filename', '0', 'en_us', ' gettyimages 86082558 jpg '),
 ('21', 'extension', '0', 'en_us', ' jpg '),
 ('21', 'kind', '0', 'en_us', ' image '),
 ('21', 'slug', '0', 'en_us', ''),
 ('21', 'title', '0', 'en_us', ' getty images 86082558 '),
 ('2', 'field', '30', 'en_us', ' come on in the lab ');
INSERT INTO `craft_searchindex` (`elementId`, `attribute`, `fieldId`, `locale`, `keywords`) VALUES
 ('8', 'field', '31', 'en_us', ' text white '),
 ('9', 'field', '31', 'en_us', ' text black '),
 ('2', 'field', '32', 'en_us', ' contact '),
 ('2', 'field', '33', 'en_us', ' yes we re excited that you want more info on the lab please compete the information below and we ll get in touch soon to get the party started '),
 ('2', 'field', '34', 'en_us', ' 000000 '),
 ('2', 'field', '35', 'en_us', ' bfbc31 '),
 ('22', 'filename', '0', 'en_us', ' icons_logo_veritcal svg '),
 ('22', 'extension', '0', 'en_us', ' svg '),
 ('22', 'kind', '0', 'en_us', ' image '),
 ('22', 'slug', '0', 'en_us', ''),
 ('22', 'title', '0', 'en_us', ' icons logo veritcal '),
 ('23', 'filename', '0', 'en_us', ' long_pattern svg '),
 ('23', 'extension', '0', 'en_us', ' svg '),
 ('23', 'kind', '0', 'en_us', ' image '),
 ('23', 'slug', '0', 'en_us', ''),
 ('23', 'title', '0', 'en_us', ' long pattern '),
 ('2', 'field', '38', 'en_us', ' long pattern '),
 ('2', 'field', '39', 'en_us', ' ffffff '),
 ('24', 'slug', '0', 'en_us', ' faq '),
 ('24', 'title', '0', 'en_us', ' faq '),
 ('25', 'field', '1', 'en_us', ' we re so glad you asked when you re ready to take a pic just step up to the booth to get started feel free to sort through our plethora of props and let the good times roll you ll be able to see yourself live on our screen and it s as easy as pose snap repeat after you re done pick up your printed keepsake and share on social media that s it pretty simple remember there will be a lab assistant available to help you every snap of the way '),
 ('31', 'field', '1', 'en_us', ' three words location make sure that the booth is going to be visible and accessible to all of the guests the lab is a natural attention grabber and by putting your booth in a prominent location you re guaranteed to get optimum interaction from guests notification spread the word that the lab will be in the building include information on invitations use signage or good ol word of mouth to direct your guests to snap a few pictures in the booth personalization it s your party you should have what you want to your booth should be a representation of you at all times choose props background and other decorations that reflects the energy of your event and gets guests amped up to hop in and start snapping '),
 ('25', 'slug', '0', 'en_us', ' how does the booth actually work '),
 ('25', 'title', '0', 'en_us', ' how does the booth actually work '),
 ('26', 'field', '1', 'en_us', ' open air means that the days of cramming into a photo booth are over there are no constraints and no extra clutter the lab gives you ample space to shine in a solo picture or pack in the fun with a group picture of 20 or more guests to get an effortlessly perfect shot '),
 ('26', 'slug', '0', 'en_us', ' what does open air mean '),
 ('26', 'title', '0', 'en_us', ' what does open air mean '),
 ('24', 'field', '12', 'en_us', ' frequently asked questions '),
 ('24', 'field', '1', 'en_us', ' we ve taken some of the most asked questions about the lab and listed them here give us a shout if we missed anything '),
 ('24', 'field', '40', 'en_us', ' what does open air mean how does the booth actually work what type of events can the lab be at what is the payment schedule and refund policy what space or logistical considerations are required do i need to provide anything what quality are the lab prints and how long do they take to print where can we see sample backdrop props and photo card designs do you have professional liability insurance how long can we book the lab what is a lab assistant how long is setup time for the lab who sets it up how do i make sure the lab is a hit with my guest '),
 ('27', 'slug', '0', 'en_us', ''),
 ('28', 'slug', '0', 'en_us', ''),
 ('29', 'slug', '0', 'en_us', ''),
 ('30', 'slug', '0', 'en_us', ''),
 ('31', 'slug', '0', 'en_us', ' how do i make sure the lab is a hit with my guest '),
 ('31', 'title', '0', 'en_us', ' how do i make sure the lab is a hit with my guest '),
 ('32', 'field', '1', 'en_us', ' setups take approx one 1 hour and all setting up of the lab is done by a lab assistant '),
 ('32', 'slug', '0', 'en_us', ' how long is setup time for the lab who sets it up '),
 ('32', 'title', '0', 'en_us', ' how long is setup time for the lab who sets it up '),
 ('33', 'field', '1', 'en_us', ' a lab assistant is one of our designated representatives responsible for assembling and disassembling the lab equipment and helping out with pictures during your event feel free to ask them for assistance during photo sessions and any other questions you have that s what they re here for '),
 ('33', 'slug', '0', 'en_us', ' what is a lab assistant '),
 ('33', 'title', '0', 'en_us', ' what is a lab assistant '),
 ('34', 'field', '1', 'en_us', ' the lab s minimum hire time is 2 hours great for events with less than 120 party people should you have more guests we suggest adding an additional hour per every 60 guests '),
 ('34', 'slug', '0', 'en_us', ' how long can we book the lab '),
 ('34', 'title', '0', 'en_us', ' how long can we book the lab '),
 ('35', 'field', '1', 'en_us', ' absolutely don t worry we re covered '),
 ('35', 'slug', '0', 'en_us', ' do you have professional liability insurance '),
 ('35', 'title', '0', 'en_us', ' do you have professional liability insurance '),
 ('36', 'field', '1', 'en_us', ' we knew you d ask that we ve got galleries of pictures for the most common occasions for you to see visit our gallery page here '),
 ('36', 'slug', '0', 'en_us', ' where can we see sample backdrop props and photo card designs '),
 ('36', 'title', '0', 'en_us', ' where can we see sample backdrop props and photo card designs '),
 ('37', 'field', '1', 'en_us', ' we use professional dye sublimation printers that produce smudge free prints in about 10 seconds on thick robust paper these will live for a long long time on a fridge cork board or in your scrapbook album '),
 ('37', 'slug', '0', 'en_us', ' what quality are the lab prints and how long do they take to print '),
 ('37', 'title', '0', 'en_us', ' what quality are the lab prints and how long do they take to print '),
 ('38', 'field', '1', 'en_us', ' all the lab needs for setup is an area that s 10 feet wide 10 feet deep and 10 feet tall to ensure we have tons of room for a prop tables and all the guests ready to get some camera time in addition we request an unobstructed power source within 25 of the lab booth and a good wi fi connection for uploading pics to social media you don t have to do anything '),
 ('38', 'slug', '0', 'en_us', ' what space or logistical considerations are required do i need to provide anything '),
 ('38', 'title', '0', 'en_us', ' what space or logistical considerations are required do i need to provide anything '),
 ('39', 'field', '1', 'en_us', ' bookings are first come first served and require a signed contract and deposit to reserve your date if the client wishes to cancel the booking sixty days before the event date then the client is eligible for a full refund an e mail notification must be sent to saycheese eventsbythelab com sixty days before the event the full amount paid will be credited back onto the client s account where he she paid the deposit '),
 ('39', 'slug', '0', 'en_us', ' what is the payment schedule and refund policy '),
 ('39', 'title', '0', 'en_us', ' what is the payment schedule and refund policy '),
 ('40', 'field', '1', 'en_us', ' you name it and the lab is there we ll bring the lab to pretty much every party as long as we re all on the up and up and everything is legal corporate events parties proms quinceaneras bridal baby shower bar bat mitzvahs charity events we got this you got something else up your sleeve shoot us a message '),
 ('40', 'slug', '0', 'en_us', ' what type of events can the lab be at '),
 ('40', 'title', '0', 'en_us', ' what type of events can the lab be at '),
 ('41', 'slug', '0', 'en_us', ''),
 ('42', 'slug', '0', 'en_us', ''),
 ('43', 'slug', '0', 'en_us', ''),
 ('44', 'slug', '0', 'en_us', ''),
 ('45', 'slug', '0', 'en_us', ''),
 ('46', 'slug', '0', 'en_us', ''),
 ('59', 'slug', '0', 'en_us', ''),
 ('48', 'filename', '0', 'en_us', ' backdrop_slide2 jpg '),
 ('48', 'extension', '0', 'en_us', ' jpg '),
 ('48', 'kind', '0', 'en_us', ' image '),
 ('48', 'slug', '0', 'en_us', ''),
 ('48', 'title', '0', 'en_us', ' backdrop slide2 '),
 ('49', 'filename', '0', 'en_us', ' backdrop_slide3 jpg '),
 ('49', 'extension', '0', 'en_us', ' jpg '),
 ('49', 'kind', '0', 'en_us', ' image '),
 ('49', 'slug', '0', 'en_us', ''),
 ('49', 'title', '0', 'en_us', ' backdrop slide3 '),
 ('50', 'field', '1', 'en_us', ''),
 ('50', 'field', '14', 'en_us', ' backdrop slide3 '),
 ('50', 'field', '31', 'en_us', ''),
 ('50', 'slug', '0', 'en_us', ' slide 3 '),
 ('50', 'title', '0', 'en_us', ' slide 3 '),
 ('51', 'username', '0', 'en_us', ' morgan '),
 ('51', 'firstname', '0', 'en_us', ' morgan '),
 ('51', 'lastname', '0', 'en_us', ''),
 ('51', 'fullname', '0', 'en_us', ' morgan '),
 ('51', 'email', '0', 'en_us', ' morganicoleowens gmail com '),
 ('51', 'slug', '0', 'en_us', ''),
 ('52', 'slug', '0', 'en_us', ''),
 ('53', 'slug', '0', 'en_us', ''),
 ('54', 'slug', '0', 'en_us', ''),
 ('58', 'slug', '0', 'en_us', ''),
 ('56', 'slug', '0', 'en_us', ''),
 ('57', 'slug', '0', 'en_us', ''),
 ('60', 'slug', '0', 'en_us', ''),
 ('61', 'slug', '0', 'en_us', ''),
 ('62', 'slug', '0', 'en_us', '');
INSERT INTO `craft_searchindex` (`elementId`, `attribute`, `fieldId`, `locale`, `keywords`) VALUES
 ('63', 'slug', '0', 'en_us', ''),
 ('64', 'slug', '0', 'en_us', ''),
 ('65', 'slug', '0', 'en_us', ''),
 ('66', 'slug', '0', 'en_us', ''),
 ('67', 'slug', '0', 'en_us', ''),
 ('68', 'slug', '0', 'en_us', ''),
 ('69', 'slug', '0', 'en_us', ''),
 ('70', 'slug', '0', 'en_us', ''),
 ('71', 'slug', '0', 'en_us', ''),
 ('72', 'slug', '0', 'en_us', ''),
 ('73', 'slug', '0', 'en_us', ''),
 ('74', 'slug', '0', 'en_us', ''),
 ('75', 'slug', '0', 'en_us', ''),
 ('76', 'slug', '0', 'en_us', ''),
 ('77', 'slug', '0', 'en_us', ''),
 ('78', 'slug', '0', 'en_us', ''),
 ('79', 'slug', '0', 'en_us', ''),
 ('80', 'slug', '0', 'en_us', ''),
 ('81', 'slug', '0', 'en_us', ''),
 ('82', 'slug', '0', 'en_us', ''),
 ('83', 'slug', '0', 'en_us', ''),
 ('84', 'slug', '0', 'en_us', ''),
 ('85', 'slug', '0', 'en_us', ''),
 ('86', 'slug', '0', 'en_us', ''),
 ('87', 'slug', '0', 'en_us', ''),
 ('88', 'slug', '0', 'en_us', ''),
 ('89', 'slug', '0', 'en_us', ''),
 ('90', 'slug', '0', 'en_us', ''),
 ('91', 'slug', '0', 'en_us', ''),
 ('92', 'slug', '0', 'en_us', ''),
 ('93', 'slug', '0', 'en_us', ''),
 ('94', 'slug', '0', 'en_us', ''),
 ('95', 'slug', '0', 'en_us', ''),
 ('96', 'slug', '0', 'en_us', ''),
 ('97', 'slug', '0', 'en_us', ''),
 ('98', 'slug', '0', 'en_us', ''),
 ('99', 'slug', '0', 'en_us', ''),
 ('100', 'slug', '0', 'en_us', ''),
 ('101', 'slug', '0', 'en_us', ''),
 ('102', 'slug', '0', 'en_us', ''),
 ('103', 'slug', '0', 'en_us', ''),
 ('104', 'slug', '0', 'en_us', ''),
 ('105', 'slug', '0', 'en_us', ''),
 ('106', 'slug', '0', 'en_us', ''),
 ('107', 'slug', '0', 'en_us', ''),
 ('108', 'slug', '0', 'en_us', ''),
 ('109', 'slug', '0', 'en_us', ''),
 ('110', 'slug', '0', 'en_us', ''),
 ('111', 'slug', '0', 'en_us', ''),
 ('112', 'slug', '0', 'en_us', ''),
 ('113', 'slug', '0', 'en_us', ''),
 ('114', 'slug', '0', 'en_us', ''),
 ('115', 'slug', '0', 'en_us', ''),
 ('116', 'slug', '0', 'en_us', ''),
 ('117', 'slug', '0', 'en_us', ''),
 ('118', 'slug', '0', 'en_us', ''),
 ('119', 'slug', '0', 'en_us', ''),
 ('120', 'slug', '0', 'en_us', ''),
 ('121', 'slug', '0', 'en_us', ''),
 ('122', 'slug', '0', 'en_us', ''),
 ('123', 'slug', '0', 'en_us', ''),
 ('124', 'slug', '0', 'en_us', ''),
 ('125', 'slug', '0', 'en_us', ''),
 ('126', 'slug', '0', 'en_us', ''),
 ('127', 'slug', '0', 'en_us', ''),
 ('128', 'slug', '0', 'en_us', ''),
 ('129', 'slug', '0', 'en_us', ''),
 ('130', 'slug', '0', 'en_us', ''),
 ('131', 'slug', '0', 'en_us', ''),
 ('132', 'slug', '0', 'en_us', ''),
 ('133', 'slug', '0', 'en_us', ' galleries '),
 ('133', 'title', '0', 'en_us', ' galleries '),
 ('133', 'field', '59', 'en_us', ' view past events or find yours by selecting an option below '),
 ('133', 'field', '55', 'en_us', ' facebook photos '),
 ('133', 'field', '56', 'en_us', ' left onhover '),
 ('133', 'field', '57', 'en_us', ' private galleries '),
 ('133', 'field', '58', 'en_us', ' right onhover '),
 ('134', 'slug', '0', 'en_us', ''),
 ('135', 'filename', '0', 'en_us', ' left_onhover jpg '),
 ('135', 'extension', '0', 'en_us', ' jpg '),
 ('135', 'kind', '0', 'en_us', ' image '),
 ('135', 'slug', '0', 'en_us', ''),
 ('135', 'title', '0', 'en_us', ' left onhover '),
 ('136', 'filename', '0', 'en_us', ' right_onhover jpg '),
 ('136', 'extension', '0', 'en_us', ' jpg '),
 ('136', 'kind', '0', 'en_us', ' image '),
 ('136', 'slug', '0', 'en_us', ''),
 ('136', 'title', '0', 'en_us', ' right onhover '),
 ('133', 'field', '60', 'en_us', ' https www facebook com eventsbythelab '),
 ('133', 'field', '61', 'en_us', ' https www pinterest com labphotobooth ');



DROP TABLE IF EXISTS `craft_sections`;


--
-- Schema for table `craft_sections`
--
CREATE TABLE `craft_sections` (
  `id` int(11) NOT NULL AUTO_INCREMENT,
  `structureId` int(11) DEFAULT NULL,
  `name` varchar(255) COLLATE utf8_unicode_ci NOT NULL,
  `handle` varchar(255) COLLATE utf8_unicode_ci NOT NULL,
  `type` enum('single','channel','structure') COLLATE utf8_unicode_ci NOT NULL DEFAULT 'channel',
  `hasUrls` tinyint(1) unsigned NOT NULL DEFAULT '1',
  `template` varchar(500) COLLATE utf8_unicode_ci DEFAULT NULL,
  `enableVersioning` tinyint(1) unsigned NOT NULL DEFAULT '0',
  `dateCreated` datetime NOT NULL,
  `dateUpdated` datetime NOT NULL,
  `uid` char(36) COLLATE utf8_unicode_ci NOT NULL DEFAULT '0',
  PRIMARY KEY (`id`),
  UNIQUE KEY `craft_sections_name_unq_idx` (`name`),
  UNIQUE KEY `craft_sections_handle_unq_idx` (`handle`),
  KEY `craft_sections_structureId_fk` (`structureId`)
) ENGINE=InnoDB AUTO_INCREMENT=9 DEFAULT CHARSET=utf8 COLLATE=utf8_unicode_ci;

--
-- Data for table `craft_sections`
--

INSERT INTO `craft_sections` (`id`, `structureId`, `name`, `handle`, `type`, `hasUrls`, `template`, `enableVersioning`, `dateCreated`, `dateUpdated`, `uid`) VALUES
 ('1', NULL, 'Homepage', 'homepage', 'single', '1', 'index', '1', '2016-06-12 21:58:15', '2016-06-12 21:58:15', 'e9aac649-5709-42b7-8d2b-d5420e24f3d8'),
 ('2', NULL, 'News', 'news', 'channel', '1', 'news/_entry', '1', '2016-06-12 21:58:16', '2016-06-12 21:58:16', '465756ca-8c8b-449c-b89b-1939b05d3419'),
 ('3', NULL, 'Slides', 'slides', 'channel', '1', 'slides/_entry', '1', '2016-06-14 02:53:16', '2016-06-14 02:53:16', '918f35d7-23ce-496c-8843-cc12afd80fd0'),
 ('4', NULL, 'Booth Dropdown', 'boothDropdown', 'channel', '1', 'booth-dropdown/_entry', '1', '2016-06-14 03:23:21', '2016-06-14 03:23:21', 'bdfb5945-d0bc-4f96-be67-719036c978ea'),
 ('5', NULL, 'Package Dropdown', 'packageDropdown', 'channel', '1', 'package-dropdown/_entry', '1', '2016-06-14 03:31:18', '2016-06-14 03:31:18', '7c62eb84-e9d4-434f-919d-46a9685e8cbb'),
 ('6', NULL, 'FAQ Dropdowns', 'faqDropdowns', 'channel', '1', 'faqs/_entry', '1', '2016-09-02 19:39:40', '2016-09-02 19:41:35', 'e960e4af-f5f9-46c8-9810-5fa90f35e8e4'),
 ('7', NULL, 'FAQ', 'faq', 'single', '1', 'faq', '1', '2016-09-02 19:42:15', '2016-09-02 19:42:15', 'daa32b20-0d9c-47a1-ac7d-c7c447a1e19f'),
 ('8', NULL, 'Galleries', 'galleries', 'single', '1', 'galleries', '1', '2017-07-28 03:42:02', '2017-07-28 03:42:02', 'd64028a7-a13e-4780-8887-cdcbb584fd10');



DROP TABLE IF EXISTS `craft_sections_i18n`;


--
-- Schema for table `craft_sections_i18n`
--
CREATE TABLE `craft_sections_i18n` (
  `id` int(11) NOT NULL AUTO_INCREMENT,
  `sectionId` int(11) NOT NULL,
  `locale` char(12) COLLATE utf8_unicode_ci NOT NULL,
  `enabledByDefault` tinyint(1) unsigned NOT NULL DEFAULT '1',
  `urlFormat` text COLLATE utf8_unicode_ci,
  `nestedUrlFormat` text COLLATE utf8_unicode_ci,
  `dateCreated` datetime NOT NULL,
  `dateUpdated` datetime NOT NULL,
  `uid` char(36) COLLATE utf8_unicode_ci NOT NULL DEFAULT '0',
  PRIMARY KEY (`id`),
  UNIQUE KEY `craft_sections_i18n_sectionId_locale_unq_idx` (`sectionId`,`locale`),
  KEY `craft_sections_i18n_locale_fk` (`locale`)
) ENGINE=InnoDB AUTO_INCREMENT=9 DEFAULT CHARSET=utf8 COLLATE=utf8_unicode_ci;

--
-- Data for table `craft_sections_i18n`
--

INSERT INTO `craft_sections_i18n` (`id`, `sectionId`, `locale`, `enabledByDefault`, `urlFormat`, `nestedUrlFormat`, `dateCreated`, `dateUpdated`, `uid`) VALUES
 ('1', '1', 'en_us', '1', '__home__', NULL, '2016-06-12 21:58:15', '2016-06-12 21:58:15', 'df3858e7-fa80-4f0f-a84f-21fc4e4f3c60'),
 ('2', '2', 'en_us', '1', 'news/{postDate.year}/{slug}', NULL, '2016-06-12 21:58:16', '2016-06-12 21:58:16', 'f819f5b6-1c67-4ada-89d5-616f5548d5df'),
 ('3', '3', 'en_us', '1', 'slides/{slug}', NULL, '2016-06-14 02:53:16', '2016-06-14 02:53:16', 'a5ced537-51aa-482c-896f-209a9f5494dc'),
 ('4', '4', 'en_us', '1', 'booth-dropdown/{slug}', NULL, '2016-06-14 03:23:21', '2016-06-14 03:23:21', 'dcb3878c-3aab-4f82-82a2-3c2de7ddd152'),
 ('5', '5', 'en_us', '1', 'package-dropdown/{slug}', NULL, '2016-06-14 03:31:18', '2016-06-14 03:31:18', 'fc49ba1f-0b9e-4407-bafb-1fb1fd461198'),
 ('6', '6', 'en_us', '1', 'faqs/{slug}', NULL, '2016-09-02 19:39:40', '2016-09-02 19:39:40', '81557583-0202-4fe4-a866-5c6e0c70a83f'),
 ('7', '7', 'en_us', '1', 'faq', NULL, '2016-09-02 19:42:15', '2016-09-02 19:42:15', 'eec213ab-8217-4f68-91cd-3d54f29aab91'),
 ('8', '8', 'en_us', '1', 'galleries', NULL, '2017-07-28 03:42:02', '2017-07-28 03:42:02', '7c44c85c-2a85-42d7-8c6d-c1be8dc34936');



DROP TABLE IF EXISTS `craft_sessions`;


--
-- Schema for table `craft_sessions`
--
CREATE TABLE `craft_sessions` (
  `id` int(11) NOT NULL AUTO_INCREMENT,
  `userId` int(11) NOT NULL,
  `token` char(100) COLLATE utf8_unicode_ci NOT NULL,
  `dateCreated` datetime NOT NULL,
  `dateUpdated` datetime NOT NULL,
  `uid` char(36) COLLATE utf8_unicode_ci NOT NULL DEFAULT '0',
  PRIMARY KEY (`id`),
  KEY `craft_sessions_uid_idx` (`uid`),
  KEY `craft_sessions_token_idx` (`token`),
  KEY `craft_sessions_dateUpdated_idx` (`dateUpdated`),
  KEY `craft_sessions_userId_fk` (`userId`)
) ENGINE=InnoDB AUTO_INCREMENT=35 DEFAULT CHARSET=utf8 COLLATE=utf8_unicode_ci;

DROP TABLE IF EXISTS `craft_shunnedmessages`;


--
-- Schema for table `craft_shunnedmessages`
--
CREATE TABLE `craft_shunnedmessages` (
  `id` int(11) NOT NULL AUTO_INCREMENT,
  `userId` int(11) NOT NULL,
  `message` varchar(255) COLLATE utf8_unicode_ci NOT NULL,
  `expiryDate` datetime DEFAULT NULL,
  `dateCreated` datetime NOT NULL,
  `dateUpdated` datetime NOT NULL,
  `uid` char(36) COLLATE utf8_unicode_ci NOT NULL DEFAULT '0',
  PRIMARY KEY (`id`),
  UNIQUE KEY `craft_shunnedmessages_userId_message_unq_idx` (`userId`,`message`)
) ENGINE=InnoDB DEFAULT CHARSET=utf8 COLLATE=utf8_unicode_ci;

DROP TABLE IF EXISTS `craft_structureelements`;


--
-- Schema for table `craft_structureelements`
--
CREATE TABLE `craft_structureelements` (
  `id` int(11) NOT NULL AUTO_INCREMENT,
  `structureId` int(11) NOT NULL,
  `elementId` int(11) DEFAULT NULL,
  `root` int(11) unsigned DEFAULT NULL,
  `lft` int(11) unsigned NOT NULL,
  `rgt` int(11) unsigned NOT NULL,
  `level` smallint(6) unsigned NOT NULL,
  `dateCreated` datetime NOT NULL,
  `dateUpdated` datetime NOT NULL,
  `uid` char(36) COLLATE utf8_unicode_ci NOT NULL DEFAULT '0',
  PRIMARY KEY (`id`),
  UNIQUE KEY `craft_structureelements_structureId_elementId_unq_idx` (`structureId`,`elementId`),
  KEY `craft_structureelements_root_idx` (`root`),
  KEY `craft_structureelements_lft_idx` (`lft`),
  KEY `craft_structureelements_rgt_idx` (`rgt`),
  KEY `craft_structureelements_level_idx` (`level`),
  KEY `craft_structureelements_elementId_fk` (`elementId`)
) ENGINE=InnoDB DEFAULT CHARSET=utf8 COLLATE=utf8_unicode_ci;

DROP TABLE IF EXISTS `craft_structures`;


--
-- Schema for table `craft_structures`
--
CREATE TABLE `craft_structures` (
  `id` int(11) NOT NULL AUTO_INCREMENT,
  `maxLevels` smallint(6) unsigned DEFAULT NULL,
  `dateCreated` datetime NOT NULL,
  `dateUpdated` datetime NOT NULL,
  `uid` char(36) COLLATE utf8_unicode_ci NOT NULL DEFAULT '0',
  PRIMARY KEY (`id`)
) ENGINE=InnoDB DEFAULT CHARSET=utf8 COLLATE=utf8_unicode_ci;

DROP TABLE IF EXISTS `craft_systemsettings`;


--
-- Schema for table `craft_systemsettings`
--
CREATE TABLE `craft_systemsettings` (
  `id` int(11) NOT NULL AUTO_INCREMENT,
  `category` varchar(15) COLLATE utf8_unicode_ci NOT NULL,
  `settings` text COLLATE utf8_unicode_ci,
  `dateCreated` datetime NOT NULL,
  `dateUpdated` datetime NOT NULL,
  `uid` char(36) COLLATE utf8_unicode_ci NOT NULL DEFAULT '0',
  PRIMARY KEY (`id`),
  UNIQUE KEY `craft_systemsettings_category_unq_idx` (`category`)
) ENGINE=InnoDB AUTO_INCREMENT=2 DEFAULT CHARSET=utf8 COLLATE=utf8_unicode_ci;

--
-- Data for table `craft_systemsettings`
--

INSERT INTO `craft_systemsettings` (`id`, `category`, `settings`, `dateCreated`, `dateUpdated`, `uid`) VALUES
 ('1', 'email', '{\"template\":\"\",\"protocol\":\"sendmail\",\"emailAddress\":\"saycheese@eventsbythelab.com\",\"senderName\":\"The Lab\"}', '2016-06-12 21:58:15', '2016-10-21 05:18:55', 'eaa98071-63f8-4967-a7ca-40af533a5467');



DROP TABLE IF EXISTS `craft_taggroups`;


--
-- Schema for table `craft_taggroups`
--
CREATE TABLE `craft_taggroups` (
  `id` int(11) NOT NULL AUTO_INCREMENT,
  `name` varchar(255) COLLATE utf8_unicode_ci NOT NULL,
  `handle` varchar(255) COLLATE utf8_unicode_ci NOT NULL,
  `fieldLayoutId` int(10) DEFAULT NULL,
  `dateCreated` datetime NOT NULL,
  `dateUpdated` datetime NOT NULL,
  `uid` char(36) COLLATE utf8_unicode_ci NOT NULL DEFAULT '0',
  PRIMARY KEY (`id`),
  UNIQUE KEY `craft_taggroups_name_unq_idx` (`name`),
  UNIQUE KEY `craft_taggroups_handle_unq_idx` (`handle`),
  KEY `craft_taggroups_fieldLayoutId_fk` (`fieldLayoutId`)
) ENGINE=InnoDB AUTO_INCREMENT=2 DEFAULT CHARSET=utf8 COLLATE=utf8_unicode_ci;

--
-- Data for table `craft_taggroups`
--

INSERT INTO `craft_taggroups` (`id`, `name`, `handle`, `fieldLayoutId`, `dateCreated`, `dateUpdated`, `uid`) VALUES
 ('1', 'Default', 'default', '1', '2016-06-12 21:58:15', '2016-06-12 21:58:15', 'b83ec9c4-da7b-43fb-b1df-cd3bc3c61ab4');



DROP TABLE IF EXISTS `craft_tags`;


--
-- Schema for table `craft_tags`
--
CREATE TABLE `craft_tags` (
  `id` int(11) NOT NULL,
  `groupId` int(11) NOT NULL,
  `dateCreated` datetime NOT NULL,
  `dateUpdated` datetime NOT NULL,
  `uid` char(36) COLLATE utf8_unicode_ci NOT NULL DEFAULT '0',
  PRIMARY KEY (`id`),
  KEY `craft_tags_groupId_fk` (`groupId`)
) ENGINE=InnoDB DEFAULT CHARSET=utf8 COLLATE=utf8_unicode_ci;

DROP TABLE IF EXISTS `craft_tasks`;


--
-- Schema for table `craft_tasks`
--
CREATE TABLE `craft_tasks` (
  `id` int(11) NOT NULL AUTO_INCREMENT,
  `root` int(11) unsigned DEFAULT NULL,
  `lft` int(11) unsigned NOT NULL,
  `rgt` int(11) unsigned NOT NULL,
  `level` smallint(6) unsigned NOT NULL,
  `currentStep` int(11) unsigned DEFAULT NULL,
  `totalSteps` int(11) unsigned DEFAULT NULL,
  `status` enum('pending','error','running') COLLATE utf8_unicode_ci DEFAULT NULL,
  `type` varchar(150) COLLATE utf8_unicode_ci NOT NULL,
  `description` varchar(255) COLLATE utf8_unicode_ci DEFAULT NULL,
  `settings` mediumtext COLLATE utf8_unicode_ci,
  `dateCreated` datetime NOT NULL,
  `dateUpdated` datetime NOT NULL,
  `uid` char(36) COLLATE utf8_unicode_ci NOT NULL DEFAULT '0',
  PRIMARY KEY (`id`),
  KEY `craft_tasks_root_idx` (`root`),
  KEY `craft_tasks_lft_idx` (`lft`),
  KEY `craft_tasks_rgt_idx` (`rgt`),
  KEY `craft_tasks_level_idx` (`level`)
) ENGINE=InnoDB AUTO_INCREMENT=69 DEFAULT CHARSET=utf8 COLLATE=utf8_unicode_ci;

DROP TABLE IF EXISTS `craft_templatecachecriteria`;


--
-- Schema for table `craft_templatecachecriteria`
--
CREATE TABLE `craft_templatecachecriteria` (
  `id` int(11) NOT NULL AUTO_INCREMENT,
  `cacheId` int(11) NOT NULL,
  `type` varchar(150) COLLATE utf8_unicode_ci NOT NULL,
  `criteria` text COLLATE utf8_unicode_ci NOT NULL,
  PRIMARY KEY (`id`),
  KEY `craft_templatecachecriteria_cacheId_fk` (`cacheId`),
  KEY `craft_templatecachecriteria_type_idx` (`type`)
) ENGINE=InnoDB AUTO_INCREMENT=668 DEFAULT CHARSET=utf8 COLLATE=utf8_unicode_ci;

DROP TABLE IF EXISTS `craft_templatecacheelements`;


--
-- Schema for table `craft_templatecacheelements`
--
CREATE TABLE `craft_templatecacheelements` (
  `cacheId` int(11) NOT NULL,
  `elementId` int(11) NOT NULL,
  KEY `craft_templatecacheelements_cacheId_fk` (`cacheId`),
  KEY `craft_templatecacheelements_elementId_fk` (`elementId`)
) ENGINE=InnoDB DEFAULT CHARSET=utf8 COLLATE=utf8_unicode_ci;

DROP TABLE IF EXISTS `craft_templatecaches`;


--
-- Schema for table `craft_templatecaches`
--
CREATE TABLE `craft_templatecaches` (
  `id` int(11) NOT NULL AUTO_INCREMENT,
  `cacheKey` varchar(255) COLLATE utf8_unicode_ci NOT NULL,
  `locale` char(12) COLLATE utf8_unicode_ci NOT NULL,
  `path` varchar(255) COLLATE utf8_unicode_ci DEFAULT NULL,
  `expiryDate` datetime NOT NULL,
  `body` mediumtext COLLATE utf8_unicode_ci NOT NULL,
  PRIMARY KEY (`id`),
  KEY `craft_templatecaches_expiryDate_cacheKey_locale_path_idx` (`expiryDate`,`cacheKey`,`locale`,`path`),
  KEY `craft_templatecaches_locale_fk` (`locale`)
) ENGINE=InnoDB AUTO_INCREMENT=2102 DEFAULT CHARSET=utf8 COLLATE=utf8_unicode_ci;

DROP TABLE IF EXISTS `craft_tokens`;


--
-- Schema for table `craft_tokens`
--
CREATE TABLE `craft_tokens` (
  `id` int(11) NOT NULL AUTO_INCREMENT,
  `token` char(32) COLLATE utf8_unicode_ci NOT NULL,
  `route` text COLLATE utf8_unicode_ci,
  `usageLimit` tinyint(3) unsigned DEFAULT NULL,
  `usageCount` tinyint(3) unsigned DEFAULT NULL,
  `expiryDate` datetime NOT NULL,
  `dateCreated` datetime NOT NULL,
  `dateUpdated` datetime NOT NULL,
  `uid` char(36) COLLATE utf8_unicode_ci NOT NULL DEFAULT '0',
  PRIMARY KEY (`id`),
  UNIQUE KEY `craft_tokens_token_unq_idx` (`token`),
  KEY `craft_tokens_expiryDate_idx` (`expiryDate`)
) ENGINE=InnoDB DEFAULT CHARSET=utf8 COLLATE=utf8_unicode_ci;

DROP TABLE IF EXISTS `craft_usergroups`;


--
-- Schema for table `craft_usergroups`
--
CREATE TABLE `craft_usergroups` (
  `id` int(11) NOT NULL AUTO_INCREMENT,
  `name` varchar(255) COLLATE utf8_unicode_ci NOT NULL,
  `handle` varchar(255) COLLATE utf8_unicode_ci NOT NULL,
  `dateCreated` datetime NOT NULL,
  `dateUpdated` datetime NOT NULL,
  `uid` char(36) COLLATE utf8_unicode_ci NOT NULL DEFAULT '0',
  PRIMARY KEY (`id`)
) ENGINE=InnoDB DEFAULT CHARSET=utf8 COLLATE=utf8_unicode_ci;

DROP TABLE IF EXISTS `craft_usergroups_users`;


--
-- Schema for table `craft_usergroups_users`
--
CREATE TABLE `craft_usergroups_users` (
  `id` int(11) NOT NULL AUTO_INCREMENT,
  `groupId` int(11) NOT NULL,
  `userId` int(11) NOT NULL,
  `dateCreated` datetime NOT NULL,
  `dateUpdated` datetime NOT NULL,
  `uid` char(36) COLLATE utf8_unicode_ci NOT NULL DEFAULT '0',
  PRIMARY KEY (`id`),
  UNIQUE KEY `craft_usergroups_users_groupId_userId_unq_idx` (`groupId`,`userId`),
  KEY `craft_usergroups_users_userId_fk` (`userId`)
) ENGINE=InnoDB DEFAULT CHARSET=utf8 COLLATE=utf8_unicode_ci;

DROP TABLE IF EXISTS `craft_userpermissions`;


--
-- Schema for table `craft_userpermissions`
--
CREATE TABLE `craft_userpermissions` (
  `id` int(11) NOT NULL AUTO_INCREMENT,
  `name` varchar(255) COLLATE utf8_unicode_ci NOT NULL,
  `dateCreated` datetime NOT NULL,
  `dateUpdated` datetime NOT NULL,
  `uid` char(36) COLLATE utf8_unicode_ci NOT NULL DEFAULT '0',
  PRIMARY KEY (`id`),
  UNIQUE KEY `craft_userpermissions_name_unq_idx` (`name`)
) ENGINE=InnoDB DEFAULT CHARSET=utf8 COLLATE=utf8_unicode_ci;

DROP TABLE IF EXISTS `craft_userpermissions_usergroups`;


--
-- Schema for table `craft_userpermissions_usergroups`
--
CREATE TABLE `craft_userpermissions_usergroups` (
  `id` int(11) NOT NULL AUTO_INCREMENT,
  `permissionId` int(11) NOT NULL,
  `groupId` int(11) NOT NULL,
  `dateCreated` datetime NOT NULL,
  `dateUpdated` datetime NOT NULL,
  `uid` char(36) COLLATE utf8_unicode_ci NOT NULL DEFAULT '0',
  PRIMARY KEY (`id`),
  UNIQUE KEY `craft_userpermissions_usergroups_permissionId_groupId_unq_idx` (`permissionId`,`groupId`),
  KEY `craft_userpermissions_usergroups_groupId_fk` (`groupId`)
) ENGINE=InnoDB DEFAULT CHARSET=utf8 COLLATE=utf8_unicode_ci;

DROP TABLE IF EXISTS `craft_userpermissions_users`;


--
-- Schema for table `craft_userpermissions_users`
--
CREATE TABLE `craft_userpermissions_users` (
  `id` int(11) NOT NULL AUTO_INCREMENT,
  `permissionId` int(11) NOT NULL,
  `userId` int(11) NOT NULL,
  `dateCreated` datetime NOT NULL,
  `dateUpdated` datetime NOT NULL,
  `uid` char(36) COLLATE utf8_unicode_ci NOT NULL DEFAULT '0',
  PRIMARY KEY (`id`),
  UNIQUE KEY `craft_userpermissions_users_permissionId_userId_unq_idx` (`permissionId`,`userId`),
  KEY `craft_userpermissions_users_userId_fk` (`userId`)
) ENGINE=InnoDB DEFAULT CHARSET=utf8 COLLATE=utf8_unicode_ci;

DROP TABLE IF EXISTS `craft_users`;


--
-- Schema for table `craft_users`
--
CREATE TABLE `craft_users` (
  `id` int(11) NOT NULL,
  `username` varchar(100) COLLATE utf8_unicode_ci NOT NULL,
  `photo` varchar(100) COLLATE utf8_unicode_ci DEFAULT NULL,
  `firstName` varchar(100) COLLATE utf8_unicode_ci DEFAULT NULL,
  `lastName` varchar(100) COLLATE utf8_unicode_ci DEFAULT NULL,
  `email` varchar(255) COLLATE utf8_unicode_ci NOT NULL,
  `password` char(255) COLLATE utf8_unicode_ci DEFAULT NULL,
  `preferredLocale` char(12) COLLATE utf8_unicode_ci DEFAULT NULL,
  `weekStartDay` tinyint(1) unsigned NOT NULL DEFAULT '0',
  `admin` tinyint(1) unsigned NOT NULL DEFAULT '0',
  `client` tinyint(1) unsigned NOT NULL DEFAULT '0',
  `locked` tinyint(1) unsigned NOT NULL DEFAULT '0',
  `suspended` tinyint(1) unsigned NOT NULL DEFAULT '0',
  `pending` tinyint(1) unsigned NOT NULL DEFAULT '0',
  `archived` tinyint(1) unsigned NOT NULL DEFAULT '0',
  `lastLoginDate` datetime DEFAULT NULL,
  `lastLoginAttemptIPAddress` varchar(45) COLLATE utf8_unicode_ci DEFAULT NULL,
  `invalidLoginWindowStart` datetime DEFAULT NULL,
  `invalidLoginCount` tinyint(4) unsigned DEFAULT NULL,
  `lastInvalidLoginDate` datetime DEFAULT NULL,
  `lockoutDate` datetime DEFAULT NULL,
  `verificationCode` char(100) COLLATE utf8_unicode_ci DEFAULT NULL,
  `verificationCodeIssuedDate` datetime DEFAULT NULL,
  `unverifiedEmail` varchar(255) COLLATE utf8_unicode_ci DEFAULT NULL,
  `passwordResetRequired` tinyint(1) unsigned NOT NULL DEFAULT '0',
  `lastPasswordChangeDate` datetime DEFAULT NULL,
  `dateCreated` datetime NOT NULL,
  `dateUpdated` datetime NOT NULL,
  `uid` char(36) COLLATE utf8_unicode_ci NOT NULL DEFAULT '0',
  PRIMARY KEY (`id`),
  UNIQUE KEY `craft_users_username_unq_idx` (`username`),
  UNIQUE KEY `craft_users_email_unq_idx` (`email`),
  KEY `craft_users_verificationCode_idx` (`verificationCode`),
  KEY `craft_users_uid_idx` (`uid`),
  KEY `craft_users_preferredLocale_fk` (`preferredLocale`)
) ENGINE=InnoDB DEFAULT CHARSET=utf8 COLLATE=utf8_unicode_ci;

--
-- Data for table `craft_users`
--

INSERT INTO `craft_users` (`id`, `username`, `photo`, `firstName`, `lastName`, `email`, `password`, `preferredLocale`, `weekStartDay`, `admin`, `client`, `locked`, `suspended`, `pending`, `archived`, `lastLoginDate`, `lastLoginAttemptIPAddress`, `invalidLoginWindowStart`, `invalidLoginCount`, `lastInvalidLoginDate`, `lockoutDate`, `verificationCode`, `verificationCodeIssuedDate`, `unverifiedEmail`, `passwordResetRequired`, `lastPasswordChangeDate`, `dateCreated`, `dateUpdated`, `uid`) VALUES
 ('1', 'admin', NULL, NULL, NULL, 'forevergreenmylove@gmail.com', '$2y$13$4CH9fd5PMVmKDzJLXnPwH.A0XwEbJni4zO5T8JeUPzlzk2.guB0aa', NULL, '0', '1', '0', '0', '0', '0', '0', '2017-07-28 03:38:27', '72.190.42.203', NULL, NULL, '2016-10-12 03:19:12', NULL, NULL, NULL, NULL, '0', '2016-06-12 21:58:15', '2016-06-12 21:58:15', '2017-07-28 03:38:27', 'cd69ae76-8fad-43d5-85d7-192b8936ee2d'),
 ('51', 'morgan', NULL, 'morgan', '', 'morganicoleowens@gmail.com', '$2y$13$VL9I6doTEBiLbxaVSVZqiOwNUi7EGDozAlKumYQ.1jDq.0HsGS3EO', NULL, '0', '1', '0', '0', '0', '0', '0', '2017-04-27 13:50:43', '12.106.208.194', NULL, NULL, NULL, NULL, NULL, NULL, NULL, '0', '2016-10-12 03:21:13', '2016-09-23 16:54:02', '2017-04-27 13:50:43', '9eddc8ff-67ea-43e4-bc97-997c346b5b5f');



DROP TABLE IF EXISTS `craft_widgets`;


--
-- Schema for table `craft_widgets`
--
CREATE TABLE `craft_widgets` (
  `id` int(11) NOT NULL AUTO_INCREMENT,
  `userId` int(11) NOT NULL,
  `type` varchar(150) COLLATE utf8_unicode_ci NOT NULL,
  `sortOrder` smallint(6) unsigned DEFAULT NULL,
  `colspan` tinyint(4) unsigned DEFAULT NULL,
  `settings` text COLLATE utf8_unicode_ci,
  `enabled` tinyint(1) unsigned NOT NULL DEFAULT '1',
  `dateCreated` datetime NOT NULL,
  `dateUpdated` datetime NOT NULL,
  `uid` char(36) COLLATE utf8_unicode_ci NOT NULL DEFAULT '0',
  PRIMARY KEY (`id`),
  KEY `craft_widgets_userId_fk` (`userId`)
) ENGINE=InnoDB AUTO_INCREMENT=9 DEFAULT CHARSET=utf8 COLLATE=utf8_unicode_ci;

--
-- Data for table `craft_widgets`
--

INSERT INTO `craft_widgets` (`id`, `userId`, `type`, `sortOrder`, `colspan`, `settings`, `enabled`, `dateCreated`, `dateUpdated`, `uid`) VALUES
 ('1', '1', 'RecentEntries', '1', NULL, NULL, '1', '2016-06-12 21:58:20', '2016-06-12 21:58:20', 'ca3500a8-cf16-42b1-9e84-99b47427d7bf'),
 ('2', '1', 'GetHelp', '2', NULL, NULL, '1', '2016-06-12 21:58:20', '2016-06-12 21:58:20', '89af442a-a60c-40e5-b59a-bf18793ad7d5'),
 ('3', '1', 'Updates', '3', NULL, NULL, '1', '2016-06-12 21:58:20', '2016-06-12 21:58:20', '6325fe29-5f27-4954-a061-0f1cb502dcd6'),
 ('4', '1', 'Feed', '4', NULL, '{\"url\":\"https:\\/\\/craftcms.com\\/news.rss\",\"title\":\"Craft News\"}', '1', '2016-06-12 21:58:20', '2016-06-12 21:58:20', 'e8d5955a-89d3-4f5c-9602-08ab9df41e9d'),
 ('5', '51', 'RecentEntries', '1', NULL, NULL, '1', '2016-10-12 03:21:19', '2016-10-12 03:21:19', 'a529842f-8bf1-41f2-a095-0609848a7b3d'),
 ('6', '51', 'GetHelp', '2', NULL, NULL, '1', '2016-10-12 03:21:19', '2016-10-12 03:21:19', '52bcc6e3-ef81-4a0c-9412-0eada720270c'),
 ('7', '51', 'Updates', '3', NULL, NULL, '1', '2016-10-12 03:21:19', '2016-10-12 03:21:19', 'baf4ba88-38ba-454f-8763-40278636c8b5'),
 ('8', '51', 'Feed', '4', NULL, '{\"url\":\"https:\\/\\/craftcms.com\\/news.rss\",\"title\":\"Craft News\"}', '1', '2016-10-12 03:21:19', '2016-10-12 03:21:19', 'b1d4c117-526e-4665-9f38-a02fb83a9101');


--
-- Constraints for tables
--


--
-- Constraints for table `craft_assetfiles`
--
ALTER TABLE `craft_assetfiles`
	ADD CONSTRAINT `craft_assetfiles_folderId_fk` FOREIGN KEY (`folderId`) REFERENCES `craft_assetfolders` (`id`) ON DELETE CASCADE,
	ADD CONSTRAINT `craft_assetfiles_id_fk` FOREIGN KEY (`id`) REFERENCES `craft_elements` (`id`) ON DELETE CASCADE,
	ADD CONSTRAINT `craft_assetfiles_sourceId_fk` FOREIGN KEY (`sourceId`) REFERENCES `craft_assetsources` (`id`) ON DELETE CASCADE;

--
-- Constraints for table `craft_assetfolders`
--
ALTER TABLE `craft_assetfolders`
	ADD CONSTRAINT `craft_assetfolders_parentId_fk` FOREIGN KEY (`parentId`) REFERENCES `craft_assetfolders` (`id`) ON DELETE CASCADE,
	ADD CONSTRAINT `craft_assetfolders_sourceId_fk` FOREIGN KEY (`sourceId`) REFERENCES `craft_assetsources` (`id`) ON DELETE CASCADE;

--
-- Constraints for table `craft_assetindexdata`
--
ALTER TABLE `craft_assetindexdata`
	ADD CONSTRAINT `craft_assetindexdata_sourceId_fk` FOREIGN KEY (`sourceId`) REFERENCES `craft_assetsources` (`id`) ON DELETE CASCADE;

--
-- Constraints for table `craft_assetsources`
--
ALTER TABLE `craft_assetsources`
	ADD CONSTRAINT `craft_assetsources_fieldLayoutId_fk` FOREIGN KEY (`fieldLayoutId`) REFERENCES `craft_fieldlayouts` (`id`) ON DELETE SET NULL;

--
-- Constraints for table `craft_categories`
--
ALTER TABLE `craft_categories`
	ADD CONSTRAINT `craft_categories_groupId_fk` FOREIGN KEY (`groupId`) REFERENCES `craft_categorygroups` (`id`) ON DELETE CASCADE,
	ADD CONSTRAINT `craft_categories_id_fk` FOREIGN KEY (`id`) REFERENCES `craft_elements` (`id`) ON DELETE CASCADE;

--
-- Constraints for table `craft_categorygroups`
--
ALTER TABLE `craft_categorygroups`
	ADD CONSTRAINT `craft_categorygroups_fieldLayoutId_fk` FOREIGN KEY (`fieldLayoutId`) REFERENCES `craft_fieldlayouts` (`id`) ON DELETE SET NULL,
	ADD CONSTRAINT `craft_categorygroups_structureId_fk` FOREIGN KEY (`structureId`) REFERENCES `craft_structures` (`id`) ON DELETE CASCADE;

--
-- Constraints for table `craft_categorygroups_i18n`
--
ALTER TABLE `craft_categorygroups_i18n`
	ADD CONSTRAINT `craft_categorygroups_i18n_groupId_fk` FOREIGN KEY (`groupId`) REFERENCES `craft_categorygroups` (`id`) ON DELETE CASCADE,
	ADD CONSTRAINT `craft_categorygroups_i18n_locale_fk` FOREIGN KEY (`locale`) REFERENCES `craft_locales` (`locale`) ON DELETE CASCADE ON UPDATE CASCADE;

--
-- Constraints for table `craft_content`
--
ALTER TABLE `craft_content`
	ADD CONSTRAINT `craft_content_elementId_fk` FOREIGN KEY (`elementId`) REFERENCES `craft_elements` (`id`) ON DELETE CASCADE,
	ADD CONSTRAINT `craft_content_locale_fk` FOREIGN KEY (`locale`) REFERENCES `craft_locales` (`locale`) ON DELETE CASCADE ON UPDATE CASCADE;

--
-- Constraints for table `craft_elements_i18n`
--
ALTER TABLE `craft_elements_i18n`
	ADD CONSTRAINT `craft_elements_i18n_elementId_fk` FOREIGN KEY (`elementId`) REFERENCES `craft_elements` (`id`) ON DELETE CASCADE,
	ADD CONSTRAINT `craft_elements_i18n_locale_fk` FOREIGN KEY (`locale`) REFERENCES `craft_locales` (`locale`) ON DELETE CASCADE ON UPDATE CASCADE;

--
-- Constraints for table `craft_emailmessages`
--
ALTER TABLE `craft_emailmessages`
	ADD CONSTRAINT `craft_emailmessages_locale_fk` FOREIGN KEY (`locale`) REFERENCES `craft_locales` (`locale`) ON DELETE CASCADE ON UPDATE CASCADE;

--
-- Constraints for table `craft_entries`
--
ALTER TABLE `craft_entries`
	ADD CONSTRAINT `craft_entries_authorId_fk` FOREIGN KEY (`authorId`) REFERENCES `craft_users` (`id`) ON DELETE CASCADE,
	ADD CONSTRAINT `craft_entries_id_fk` FOREIGN KEY (`id`) REFERENCES `craft_elements` (`id`) ON DELETE CASCADE,
	ADD CONSTRAINT `craft_entries_sectionId_fk` FOREIGN KEY (`sectionId`) REFERENCES `craft_sections` (`id`) ON DELETE CASCADE,
	ADD CONSTRAINT `craft_entries_typeId_fk` FOREIGN KEY (`typeId`) REFERENCES `craft_entrytypes` (`id`) ON DELETE CASCADE;

--
-- Constraints for table `craft_entrydrafts`
--
ALTER TABLE `craft_entrydrafts`
	ADD CONSTRAINT `craft_entrydrafts_creatorId_fk` FOREIGN KEY (`creatorId`) REFERENCES `craft_users` (`id`) ON DELETE CASCADE,
	ADD CONSTRAINT `craft_entrydrafts_entryId_fk` FOREIGN KEY (`entryId`) REFERENCES `craft_entries` (`id`) ON DELETE CASCADE,
	ADD CONSTRAINT `craft_entrydrafts_locale_fk` FOREIGN KEY (`locale`) REFERENCES `craft_locales` (`locale`) ON DELETE CASCADE ON UPDATE CASCADE,
	ADD CONSTRAINT `craft_entrydrafts_sectionId_fk` FOREIGN KEY (`sectionId`) REFERENCES `craft_sections` (`id`) ON DELETE CASCADE;

--
-- Constraints for table `craft_entrytypes`
--
ALTER TABLE `craft_entrytypes`
	ADD CONSTRAINT `craft_entrytypes_fieldLayoutId_fk` FOREIGN KEY (`fieldLayoutId`) REFERENCES `craft_fieldlayouts` (`id`) ON DELETE SET NULL,
	ADD CONSTRAINT `craft_entrytypes_sectionId_fk` FOREIGN KEY (`sectionId`) REFERENCES `craft_sections` (`id`) ON DELETE CASCADE;

--
-- Constraints for table `craft_entryversions`
--
ALTER TABLE `craft_entryversions`
	ADD CONSTRAINT `craft_entryversions_creatorId_fk` FOREIGN KEY (`creatorId`) REFERENCES `craft_users` (`id`) ON DELETE SET NULL,
	ADD CONSTRAINT `craft_entryversions_entryId_fk` FOREIGN KEY (`entryId`) REFERENCES `craft_entries` (`id`) ON DELETE CASCADE,
	ADD CONSTRAINT `craft_entryversions_locale_fk` FOREIGN KEY (`locale`) REFERENCES `craft_locales` (`locale`) ON DELETE CASCADE ON UPDATE CASCADE,
	ADD CONSTRAINT `craft_entryversions_sectionId_fk` FOREIGN KEY (`sectionId`) REFERENCES `craft_sections` (`id`) ON DELETE CASCADE;

--
-- Constraints for table `craft_fieldlayoutfields`
--
ALTER TABLE `craft_fieldlayoutfields`
	ADD CONSTRAINT `craft_fieldlayoutfields_fieldId_fk` FOREIGN KEY (`fieldId`) REFERENCES `craft_fields` (`id`) ON DELETE CASCADE,
	ADD CONSTRAINT `craft_fieldlayoutfields_layoutId_fk` FOREIGN KEY (`layoutId`) REFERENCES `craft_fieldlayouts` (`id`) ON DELETE CASCADE,
	ADD CONSTRAINT `craft_fieldlayoutfields_tabId_fk` FOREIGN KEY (`tabId`) REFERENCES `craft_fieldlayouttabs` (`id`) ON DELETE CASCADE;

--
-- Constraints for table `craft_fieldlayouttabs`
--
ALTER TABLE `craft_fieldlayouttabs`
	ADD CONSTRAINT `craft_fieldlayouttabs_layoutId_fk` FOREIGN KEY (`layoutId`) REFERENCES `craft_fieldlayouts` (`id`) ON DELETE CASCADE;

--
-- Constraints for table `craft_fields`
--
ALTER TABLE `craft_fields`
	ADD CONSTRAINT `craft_fields_groupId_fk` FOREIGN KEY (`groupId`) REFERENCES `craft_fieldgroups` (`id`) ON DELETE CASCADE;

--
-- Constraints for table `craft_formbuilder2_entries`
--
ALTER TABLE `craft_formbuilder2_entries`
	ADD CONSTRAINT `craft_formbuilder2_entries_formId_fk` FOREIGN KEY (`formId`) REFERENCES `craft_formbuilder2_forms` (`id`) ON DELETE CASCADE,
	ADD CONSTRAINT `craft_formbuilder2_entries_id_fk` FOREIGN KEY (`id`) REFERENCES `craft_elements` (`id`) ON DELETE CASCADE;

--
-- Constraints for table `craft_formbuilder2_fields`
--
ALTER TABLE `craft_formbuilder2_fields`
	ADD CONSTRAINT `craft_formbuilder2_fields_fieldLayoutId_fk` FOREIGN KEY (`fieldLayoutId`) REFERENCES `craft_fieldlayouts` (`id`) ON DELETE CASCADE,
	ADD CONSTRAINT `craft_formbuilder2_fields_fieldId_fk` FOREIGN KEY (`fieldId`) REFERENCES `craft_fields` (`id`) ON DELETE CASCADE;

--
-- Constraints for table `craft_formbuilder2_forms`
--
ALTER TABLE `craft_formbuilder2_forms`
	ADD CONSTRAINT `craft_formbuilder2_forms_fieldLayoutId_fk` FOREIGN KEY (`fieldLayoutId`) REFERENCES `craft_fieldlayouts` (`id`) ON DELETE SET NULL;

--
-- Constraints for table `craft_globalsets`
--
ALTER TABLE `craft_globalsets`
	ADD CONSTRAINT `craft_globalsets_fieldLayoutId_fk` FOREIGN KEY (`fieldLayoutId`) REFERENCES `craft_fieldlayouts` (`id`) ON DELETE SET NULL,
	ADD CONSTRAINT `craft_globalsets_id_fk` FOREIGN KEY (`id`) REFERENCES `craft_elements` (`id`) ON DELETE CASCADE;

--
-- Constraints for table `craft_matrixblocks`
--
ALTER TABLE `craft_matrixblocks`
	ADD CONSTRAINT `craft_matrixblocks_fieldId_fk` FOREIGN KEY (`fieldId`) REFERENCES `craft_fields` (`id`) ON DELETE CASCADE,
	ADD CONSTRAINT `craft_matrixblocks_id_fk` FOREIGN KEY (`id`) REFERENCES `craft_elements` (`id`) ON DELETE CASCADE,
	ADD CONSTRAINT `craft_matrixblocks_ownerId_fk` FOREIGN KEY (`ownerId`) REFERENCES `craft_elements` (`id`) ON DELETE CASCADE,
	ADD CONSTRAINT `craft_matrixblocks_ownerLocale_fk` FOREIGN KEY (`ownerLocale`) REFERENCES `craft_locales` (`locale`) ON DELETE CASCADE ON UPDATE CASCADE,
	ADD CONSTRAINT `craft_matrixblocks_typeId_fk` FOREIGN KEY (`typeId`) REFERENCES `craft_matrixblocktypes` (`id`) ON DELETE CASCADE;

--
-- Constraints for table `craft_matrixblocktypes`
--
ALTER TABLE `craft_matrixblocktypes`
	ADD CONSTRAINT `craft_matrixblocktypes_fieldId_fk` FOREIGN KEY (`fieldId`) REFERENCES `craft_fields` (`id`) ON DELETE CASCADE,
	ADD CONSTRAINT `craft_matrixblocktypes_fieldLayoutId_fk` FOREIGN KEY (`fieldLayoutId`) REFERENCES `craft_fieldlayouts` (`id`) ON DELETE SET NULL;

--
-- Constraints for table `craft_migrations`
--
ALTER TABLE `craft_migrations`
	ADD CONSTRAINT `craft_migrations_pluginId_fk` FOREIGN KEY (`pluginId`) REFERENCES `craft_plugins` (`id`) ON DELETE CASCADE;

--
-- Constraints for table `craft_relations`
--
ALTER TABLE `craft_relations`
	ADD CONSTRAINT `craft_relations_fieldId_fk` FOREIGN KEY (`fieldId`) REFERENCES `craft_fields` (`id`) ON DELETE CASCADE,
	ADD CONSTRAINT `craft_relations_sourceId_fk` FOREIGN KEY (`sourceId`) REFERENCES `craft_elements` (`id`) ON DELETE CASCADE,
	ADD CONSTRAINT `craft_relations_sourceLocale_fk` FOREIGN KEY (`sourceLocale`) REFERENCES `craft_locales` (`locale`) ON DELETE CASCADE ON UPDATE CASCADE,
	ADD CONSTRAINT `craft_relations_targetId_fk` FOREIGN KEY (`targetId`) REFERENCES `craft_elements` (`id`) ON DELETE CASCADE;

--
-- Constraints for table `craft_routes`
--
ALTER TABLE `craft_routes`
	ADD CONSTRAINT `craft_routes_locale_fk` FOREIGN KEY (`locale`) REFERENCES `craft_locales` (`locale`) ON DELETE CASCADE ON UPDATE CASCADE;

--
-- Constraints for table `craft_sections`
--
ALTER TABLE `craft_sections`
	ADD CONSTRAINT `craft_sections_structureId_fk` FOREIGN KEY (`structureId`) REFERENCES `craft_structures` (`id`) ON DELETE SET NULL;

--
-- Constraints for table `craft_sections_i18n`
--
ALTER TABLE `craft_sections_i18n`
	ADD CONSTRAINT `craft_sections_i18n_locale_fk` FOREIGN KEY (`locale`) REFERENCES `craft_locales` (`locale`) ON DELETE CASCADE ON UPDATE CASCADE,
	ADD CONSTRAINT `craft_sections_i18n_sectionId_fk` FOREIGN KEY (`sectionId`) REFERENCES `craft_sections` (`id`) ON DELETE CASCADE;

--
-- Constraints for table `craft_sessions`
--
ALTER TABLE `craft_sessions`
	ADD CONSTRAINT `craft_sessions_userId_fk` FOREIGN KEY (`userId`) REFERENCES `craft_users` (`id`) ON DELETE CASCADE;

--
-- Constraints for table `craft_shunnedmessages`
--
ALTER TABLE `craft_shunnedmessages`
	ADD CONSTRAINT `craft_shunnedmessages_userId_fk` FOREIGN KEY (`userId`) REFERENCES `craft_users` (`id`) ON DELETE CASCADE;

--
-- Constraints for table `craft_structureelements`
--
ALTER TABLE `craft_structureelements`
	ADD CONSTRAINT `craft_structureelements_elementId_fk` FOREIGN KEY (`elementId`) REFERENCES `craft_elements` (`id`) ON DELETE CASCADE,
	ADD CONSTRAINT `craft_structureelements_structureId_fk` FOREIGN KEY (`structureId`) REFERENCES `craft_structures` (`id`) ON DELETE CASCADE;

--
-- Constraints for table `craft_taggroups`
--
ALTER TABLE `craft_taggroups`
	ADD CONSTRAINT `craft_taggroups_fieldLayoutId_fk` FOREIGN KEY (`fieldLayoutId`) REFERENCES `craft_fieldlayouts` (`id`) ON DELETE SET NULL;

--
-- Constraints for table `craft_tags`
--
ALTER TABLE `craft_tags`
	ADD CONSTRAINT `craft_tags_groupId_fk` FOREIGN KEY (`groupId`) REFERENCES `craft_taggroups` (`id`) ON DELETE CASCADE,
	ADD CONSTRAINT `craft_tags_id_fk` FOREIGN KEY (`id`) REFERENCES `craft_elements` (`id`) ON DELETE CASCADE;

--
-- Constraints for table `craft_templatecachecriteria`
--
ALTER TABLE `craft_templatecachecriteria`
	ADD CONSTRAINT `craft_templatecachecriteria_cacheId_fk` FOREIGN KEY (`cacheId`) REFERENCES `craft_templatecaches` (`id`) ON DELETE CASCADE;

--
-- Constraints for table `craft_templatecacheelements`
--
ALTER TABLE `craft_templatecacheelements`
	ADD CONSTRAINT `craft_templatecacheelements_cacheId_fk` FOREIGN KEY (`cacheId`) REFERENCES `craft_templatecaches` (`id`) ON DELETE CASCADE,
	ADD CONSTRAINT `craft_templatecacheelements_elementId_fk` FOREIGN KEY (`elementId`) REFERENCES `craft_elements` (`id`) ON DELETE CASCADE;

--
-- Constraints for table `craft_templatecaches`
--
ALTER TABLE `craft_templatecaches`
	ADD CONSTRAINT `craft_templatecaches_locale_fk` FOREIGN KEY (`locale`) REFERENCES `craft_locales` (`locale`) ON DELETE CASCADE ON UPDATE CASCADE;

--
-- Constraints for table `craft_usergroups_users`
--
ALTER TABLE `craft_usergroups_users`
	ADD CONSTRAINT `craft_usergroups_users_groupId_fk` FOREIGN KEY (`groupId`) REFERENCES `craft_usergroups` (`id`) ON DELETE CASCADE,
	ADD CONSTRAINT `craft_usergroups_users_userId_fk` FOREIGN KEY (`userId`) REFERENCES `craft_users` (`id`) ON DELETE CASCADE;

--
-- Constraints for table `craft_userpermissions_usergroups`
--
ALTER TABLE `craft_userpermissions_usergroups`
	ADD CONSTRAINT `craft_userpermissions_usergroups_groupId_fk` FOREIGN KEY (`groupId`) REFERENCES `craft_usergroups` (`id`) ON DELETE CASCADE,
	ADD CONSTRAINT `craft_userpermissions_usergroups_permissionId_fk` FOREIGN KEY (`permissionId`) REFERENCES `craft_userpermissions` (`id`) ON DELETE CASCADE;

--
-- Constraints for table `craft_userpermissions_users`
--
ALTER TABLE `craft_userpermissions_users`
	ADD CONSTRAINT `craft_userpermissions_users_permissionId_fk` FOREIGN KEY (`permissionId`) REFERENCES `craft_userpermissions` (`id`) ON DELETE CASCADE,
	ADD CONSTRAINT `craft_userpermissions_users_userId_fk` FOREIGN KEY (`userId`) REFERENCES `craft_users` (`id`) ON DELETE CASCADE;

--
-- Constraints for table `craft_users`
--
ALTER TABLE `craft_users`
	ADD CONSTRAINT `craft_users_id_fk` FOREIGN KEY (`id`) REFERENCES `craft_elements` (`id`) ON DELETE CASCADE,
	ADD CONSTRAINT `craft_users_preferredLocale_fk` FOREIGN KEY (`preferredLocale`) REFERENCES `craft_locales` (`locale`) ON DELETE SET NULL ON UPDATE CASCADE;

--
-- Constraints for table `craft_widgets`
--
ALTER TABLE `craft_widgets`
	ADD CONSTRAINT `craft_widgets_userId_fk` FOREIGN KEY (`userId`) REFERENCES `craft_users` (`id`) ON DELETE CASCADE;

SET FOREIGN_KEY_CHECKS = 1;
