-- Generated by Craft v2.6.2791 on Aug 29, 2016, 10:28:00 PM.

--
-- Disable foreign key checks and autocommit.
--

SET FOREIGN_KEY_CHECKS = 0;
SET SQL_MODE = "NO_AUTO_VALUE_ON_ZERO";
SET AUTOCOMMIT = 0;
SET NAMES utf8;


DROP TABLE IF EXISTS `craft_assetfiles`;


--
-- Schema for table `craft_assetfiles`
--
CREATE TABLE `craft_assetfiles` (
  `id` int(11) NOT NULL,
  `sourceId` int(11) DEFAULT NULL,
  `folderId` int(11) NOT NULL,
  `filename` varchar(255) COLLATE utf8_unicode_ci NOT NULL,
  `kind` varchar(50) COLLATE utf8_unicode_ci NOT NULL DEFAULT 'unknown',
  `width` int(11) unsigned DEFAULT NULL,
  `height` int(11) unsigned DEFAULT NULL,
  `size` bigint(20) unsigned DEFAULT NULL,
  `dateModified` datetime DEFAULT NULL,
  `dateCreated` datetime NOT NULL,
  `dateUpdated` datetime NOT NULL,
  `uid` char(36) COLLATE utf8_unicode_ci NOT NULL DEFAULT '0',
  PRIMARY KEY (`id`),
  UNIQUE KEY `craft_assetfiles_filename_folderId_unq_idx` (`filename`,`folderId`),
  KEY `craft_assetfiles_sourceId_fk` (`sourceId`),
  KEY `craft_assetfiles_folderId_fk` (`folderId`)
) ENGINE=InnoDB DEFAULT CHARSET=utf8 COLLATE=utf8_unicode_ci;

--
-- Data for table `craft_assetfiles`
--

INSERT INTO `craft_assetfiles` (`id`, `sourceId`, `folderId`, `filename`, `kind`, `width`, `height`, `size`, `dateModified`, `dateCreated`, `dateUpdated`, `uid`) VALUES
 ('17', '1', '1', 'Backgrounds.jpg', 'image', '1373', '799', '131433', '2016-08-26 16:01:19', '2016-08-05 03:35:41', '2016-08-26 15:56:48', 'a9dc7be7-b549-48c1-995b-3d01d7900af0'),
 ('18', '1', '1', 'Welcome_background_1.jpg', 'image', '1799', '1295', '544953', '2016-08-26 15:45:03', '2016-08-26 15:40:21', '2016-08-26 15:40:21', 'aedb7381-c65c-40cf-b906-49db891dd499'),
 ('19', '1', '1', 'GreenBurst.jpg', 'image', '1792', '1196', '1154100', '2016-08-26 15:55:40', '2016-08-26 15:50:58', '2016-08-26 15:50:58', '18d3e420-1fc4-4ba5-b538-c9797dcbf3c3'),
 ('20', '1', '1', 'Props_background_1.jpg', 'image', '1605', '1311', '491003', '2016-08-26 15:57:12', '2016-08-26 15:52:31', '2016-08-26 15:52:31', '9bc2845c-6307-4b8f-b6da-6d08b04b8111'),
 ('21', '1', '1', 'GettyImages-86082558.jpg', 'image', '1500', '996', '972522', '2016-08-26 16:01:00', '2016-08-26 15:56:19', '2016-08-26 15:56:19', 'f96cfdbe-64d2-478e-b916-b364c0bd387e');



DROP TABLE IF EXISTS `craft_assetfolders`;


--
-- Schema for table `craft_assetfolders`
--
CREATE TABLE `craft_assetfolders` (
  `id` int(11) NOT NULL AUTO_INCREMENT,
  `parentId` int(11) DEFAULT NULL,
  `sourceId` int(11) DEFAULT NULL,
  `name` varchar(255) COLLATE utf8_unicode_ci NOT NULL,
  `path` varchar(255) COLLATE utf8_unicode_ci DEFAULT NULL,
  `dateCreated` datetime NOT NULL,
  `dateUpdated` datetime NOT NULL,
  `uid` char(36) COLLATE utf8_unicode_ci NOT NULL DEFAULT '0',
  PRIMARY KEY (`id`),
  UNIQUE KEY `craft_assetfolders_name_parentId_sourceId_unq_idx` (`name`,`parentId`,`sourceId`),
  KEY `craft_assetfolders_parentId_fk` (`parentId`),
  KEY `craft_assetfolders_sourceId_fk` (`sourceId`)
) ENGINE=InnoDB AUTO_INCREMENT=2 DEFAULT CHARSET=utf8 COLLATE=utf8_unicode_ci;

--
-- Data for table `craft_assetfolders`
--

INSERT INTO `craft_assetfolders` (`id`, `parentId`, `sourceId`, `name`, `path`, `dateCreated`, `dateUpdated`, `uid`) VALUES
 ('1', NULL, '1', 'Images', '', '2016-06-12 22:13:33', '2016-06-12 22:13:33', '28c200c3-b051-49de-8e1b-fb55ce34d2dd');



DROP TABLE IF EXISTS `craft_assetindexdata`;


--
-- Schema for table `craft_assetindexdata`
--
CREATE TABLE `craft_assetindexdata` (
  `id` int(11) NOT NULL AUTO_INCREMENT,
  `sessionId` varchar(36) COLLATE utf8_unicode_ci NOT NULL DEFAULT '',
  `sourceId` int(10) NOT NULL,
  `offset` int(10) NOT NULL,
  `uri` varchar(255) COLLATE utf8_unicode_ci DEFAULT NULL,
  `size` varchar(255) COLLATE utf8_unicode_ci DEFAULT NULL,
  `recordId` int(10) DEFAULT NULL,
  `dateCreated` datetime NOT NULL,
  `dateUpdated` datetime NOT NULL,
  `uid` char(36) COLLATE utf8_unicode_ci NOT NULL DEFAULT '0',
  PRIMARY KEY (`id`),
  UNIQUE KEY `craft_assetindexdata_sessionId_sourceId_offset_unq_idx` (`sessionId`,`sourceId`,`offset`),
  KEY `craft_assetindexdata_sourceId_fk` (`sourceId`)
) ENGINE=InnoDB DEFAULT CHARSET=utf8 COLLATE=utf8_unicode_ci;

DROP TABLE IF EXISTS `craft_assetsources`;


--
-- Schema for table `craft_assetsources`
--
CREATE TABLE `craft_assetsources` (
  `id` int(11) NOT NULL AUTO_INCREMENT,
  `name` varchar(255) COLLATE utf8_unicode_ci NOT NULL,
  `handle` varchar(255) COLLATE utf8_unicode_ci NOT NULL,
  `type` varchar(150) COLLATE utf8_unicode_ci NOT NULL,
  `settings` text COLLATE utf8_unicode_ci,
  `sortOrder` smallint(6) unsigned DEFAULT NULL,
  `fieldLayoutId` int(10) DEFAULT NULL,
  `dateCreated` datetime NOT NULL,
  `dateUpdated` datetime NOT NULL,
  `uid` char(36) COLLATE utf8_unicode_ci NOT NULL DEFAULT '0',
  PRIMARY KEY (`id`),
  UNIQUE KEY `craft_assetsources_name_unq_idx` (`name`),
  UNIQUE KEY `craft_assetsources_handle_unq_idx` (`handle`),
  KEY `craft_assetsources_fieldLayoutId_fk` (`fieldLayoutId`)
) ENGINE=InnoDB AUTO_INCREMENT=2 DEFAULT CHARSET=utf8 COLLATE=utf8_unicode_ci;

--
-- Data for table `craft_assetsources`
--

INSERT INTO `craft_assetsources` (`id`, `name`, `handle`, `type`, `settings`, `sortOrder`, `fieldLayoutId`, `dateCreated`, `dateUpdated`, `uid`) VALUES
 ('1', 'Images', 'images', 'Local', '{\"path\":\"{fileSystemPath}uploads\\/images\\/\",\"publicURLs\":\"1\",\"url\":\"\\/uploads\\/images\\/\"}', '1', '6', '2016-06-12 22:13:33', '2016-06-12 22:13:33', 'cefed964-81e1-4451-b6e4-2a33c2ddcabb');



DROP TABLE IF EXISTS `craft_assettransformindex`;


--
-- Schema for table `craft_assettransformindex`
--
CREATE TABLE `craft_assettransformindex` (
  `id` int(11) NOT NULL AUTO_INCREMENT,
  `fileId` int(11) NOT NULL,
  `filename` varchar(255) COLLATE utf8_unicode_ci DEFAULT NULL,
  `format` varchar(255) COLLATE utf8_unicode_ci DEFAULT NULL,
  `location` varchar(255) COLLATE utf8_unicode_ci NOT NULL,
  `sourceId` int(11) DEFAULT NULL,
  `fileExists` tinyint(1) DEFAULT NULL,
  `inProgress` tinyint(1) DEFAULT NULL,
  `dateIndexed` datetime DEFAULT NULL,
  `dateCreated` datetime NOT NULL,
  `dateUpdated` datetime NOT NULL,
  `uid` char(36) COLLATE utf8_unicode_ci NOT NULL DEFAULT '0',
  PRIMARY KEY (`id`),
  KEY `craft_assettransformindex_sourceId_fileId_location_idx` (`sourceId`,`fileId`,`location`)
) ENGINE=InnoDB DEFAULT CHARSET=utf8 COLLATE=utf8_unicode_ci;

DROP TABLE IF EXISTS `craft_assettransforms`;


--
-- Schema for table `craft_assettransforms`
--
CREATE TABLE `craft_assettransforms` (
  `id` int(11) NOT NULL AUTO_INCREMENT,
  `name` varchar(255) COLLATE utf8_unicode_ci NOT NULL,
  `handle` varchar(255) COLLATE utf8_unicode_ci NOT NULL,
  `mode` enum('stretch','fit','crop') COLLATE utf8_unicode_ci NOT NULL DEFAULT 'crop',
  `position` enum('top-left','top-center','top-right','center-left','center-center','center-right','bottom-left','bottom-center','bottom-right') COLLATE utf8_unicode_ci NOT NULL DEFAULT 'center-center',
  `height` int(10) DEFAULT NULL,
  `width` int(10) DEFAULT NULL,
  `format` varchar(255) COLLATE utf8_unicode_ci DEFAULT NULL,
  `quality` int(10) DEFAULT NULL,
  `dimensionChangeTime` datetime DEFAULT NULL,
  `dateCreated` datetime NOT NULL,
  `dateUpdated` datetime NOT NULL,
  `uid` char(36) COLLATE utf8_unicode_ci NOT NULL DEFAULT '0',
  PRIMARY KEY (`id`),
  UNIQUE KEY `craft_assettransforms_name_unq_idx` (`name`),
  UNIQUE KEY `craft_assettransforms_handle_unq_idx` (`handle`)
) ENGINE=InnoDB DEFAULT CHARSET=utf8 COLLATE=utf8_unicode_ci;

DROP TABLE IF EXISTS `craft_categories`;


--
-- Schema for table `craft_categories`
--
CREATE TABLE `craft_categories` (
  `id` int(11) NOT NULL,
  `groupId` int(11) NOT NULL,
  `dateCreated` datetime NOT NULL,
  `dateUpdated` datetime NOT NULL,
  `uid` char(36) COLLATE utf8_unicode_ci NOT NULL DEFAULT '0',
  PRIMARY KEY (`id`),
  KEY `craft_categories_groupId_fk` (`groupId`)
) ENGINE=InnoDB DEFAULT CHARSET=utf8 COLLATE=utf8_unicode_ci;

DROP TABLE IF EXISTS `craft_categorygroups`;


--
-- Schema for table `craft_categorygroups`
--
CREATE TABLE `craft_categorygroups` (
  `id` int(11) NOT NULL AUTO_INCREMENT,
  `structureId` int(11) NOT NULL,
  `fieldLayoutId` int(11) DEFAULT NULL,
  `name` varchar(255) COLLATE utf8_unicode_ci NOT NULL,
  `handle` varchar(255) COLLATE utf8_unicode_ci NOT NULL,
  `hasUrls` tinyint(1) unsigned NOT NULL DEFAULT '1',
  `template` varchar(500) COLLATE utf8_unicode_ci DEFAULT NULL,
  `dateCreated` datetime NOT NULL,
  `dateUpdated` datetime NOT NULL,
  `uid` char(36) COLLATE utf8_unicode_ci NOT NULL DEFAULT '0',
  PRIMARY KEY (`id`),
  UNIQUE KEY `craft_categorygroups_name_unq_idx` (`name`),
  UNIQUE KEY `craft_categorygroups_handle_unq_idx` (`handle`),
  KEY `craft_categorygroups_structureId_fk` (`structureId`),
  KEY `craft_categorygroups_fieldLayoutId_fk` (`fieldLayoutId`)
) ENGINE=InnoDB DEFAULT CHARSET=utf8 COLLATE=utf8_unicode_ci;

DROP TABLE IF EXISTS `craft_categorygroups_i18n`;


--
-- Schema for table `craft_categorygroups_i18n`
--
CREATE TABLE `craft_categorygroups_i18n` (
  `id` int(11) NOT NULL AUTO_INCREMENT,
  `groupId` int(11) NOT NULL,
  `locale` char(12) COLLATE utf8_unicode_ci NOT NULL,
  `urlFormat` text COLLATE utf8_unicode_ci,
  `nestedUrlFormat` text COLLATE utf8_unicode_ci,
  `dateCreated` datetime NOT NULL,
  `dateUpdated` datetime NOT NULL,
  `uid` char(36) COLLATE utf8_unicode_ci NOT NULL DEFAULT '0',
  PRIMARY KEY (`id`),
  UNIQUE KEY `craft_categorygroups_i18n_groupId_locale_unq_idx` (`groupId`,`locale`),
  KEY `craft_categorygroups_i18n_locale_fk` (`locale`)
) ENGINE=InnoDB DEFAULT CHARSET=utf8 COLLATE=utf8_unicode_ci;

DROP TABLE IF EXISTS `craft_content`;


--
-- Schema for table `craft_content`
--
CREATE TABLE `craft_content` (
  `id` int(11) NOT NULL AUTO_INCREMENT,
  `elementId` int(11) NOT NULL,
  `locale` char(12) COLLATE utf8_unicode_ci NOT NULL,
  `title` varchar(255) COLLATE utf8_unicode_ci DEFAULT NULL,
  `field_body` text COLLATE utf8_unicode_ci,
  `field_aboutHeader` text COLLATE utf8_unicode_ci,
  `field_aboutBody` text COLLATE utf8_unicode_ci,
  `field_ourBoothTopHeader` text COLLATE utf8_unicode_ci,
  `field_ourBoothTopBody` text COLLATE utf8_unicode_ci,
  `field_ourBoothMiddleBody` text COLLATE utf8_unicode_ci,
  `field_header` text COLLATE utf8_unicode_ci,
  `field_textBody` text COLLATE utf8_unicode_ci,
  `field_ourBoothBottomHeader` text COLLATE utf8_unicode_ci,
  `field_ourBoothBottomBody` text COLLATE utf8_unicode_ci,
  `field_packageHeader` text COLLATE utf8_unicode_ci,
  `field_packageBody` text COLLATE utf8_unicode_ci,
  `field_metaDescription` text COLLATE utf8_unicode_ci,
  `field_metaTitle` text COLLATE utf8_unicode_ci,
  `field_facebook` text COLLATE utf8_unicode_ci,
  `field_twitter` text COLLATE utf8_unicode_ci,
  `field_instagram` text COLLATE utf8_unicode_ci,
  `field_pinterest` text COLLATE utf8_unicode_ci,
  `field_ourBoothMiddleHeader` text COLLATE utf8_unicode_ci,
  `field_classes` text COLLATE utf8_unicode_ci,
  `field_contactHeader` text COLLATE utf8_unicode_ci,
  `field_contactBody` text COLLATE utf8_unicode_ci,
  `field_contactBackgroundColor` char(7) COLLATE utf8_unicode_ci DEFAULT NULL,
  `field_packageBackgroundColor` char(7) COLLATE utf8_unicode_ci DEFAULT NULL,
  `dateCreated` datetime NOT NULL,
  `dateUpdated` datetime NOT NULL,
  `uid` char(36) COLLATE utf8_unicode_ci NOT NULL DEFAULT '0',
  PRIMARY KEY (`id`),
  UNIQUE KEY `craft_content_elementId_locale_unq_idx` (`elementId`,`locale`),
  KEY `craft_content_title_idx` (`title`),
  KEY `craft_content_locale_fk` (`locale`)
) ENGINE=InnoDB AUTO_INCREMENT=22 DEFAULT CHARSET=utf8 COLLATE=utf8_unicode_ci;

--
-- Data for table `craft_content`
--

INSERT INTO `craft_content` (`id`, `elementId`, `locale`, `title`, `field_body`, `field_aboutHeader`, `field_aboutBody`, `field_ourBoothTopHeader`, `field_ourBoothTopBody`, `field_ourBoothMiddleBody`, `field_header`, `field_textBody`, `field_ourBoothBottomHeader`, `field_ourBoothBottomBody`, `field_packageHeader`, `field_packageBody`, `field_metaDescription`, `field_metaTitle`, `field_facebook`, `field_twitter`, `field_instagram`, `field_pinterest`, `field_ourBoothMiddleHeader`, `field_classes`, `field_contactHeader`, `field_contactBody`, `field_contactBackgroundColor`, `field_packageBackgroundColor`, `dateCreated`, `dateUpdated`, `uid`) VALUES
 ('1', '1', 'en_us', NULL, NULL, NULL, NULL, NULL, NULL, NULL, NULL, NULL, NULL, NULL, NULL, NULL, NULL, NULL, NULL, NULL, NULL, NULL, NULL, NULL, NULL, NULL, NULL, NULL, '2016-06-12 21:58:15', '2016-06-12 21:58:15', '8598df09-6a6c-42e9-a71e-9a7f143fb4bd'),
 ('2', '2', 'en_us', 'Home', '<p>It’s true, this site doesn’t have a whole lot of content yet, but don’t worry. Our web developers have just installed the CMS, and they’re setting things up for the content editors this very moment. Soon Localhost will be an oasis of fresh perspectives, sharp analyses, and astute opinions that will keep you coming back again and again.</p>', 'Welcome to The LAB', '<p>The LAB is a Dallas based party photo booth company on a mission to add a touch of sophisticated fun to your events. Our luxurious open-air photo booth is sure to make a statement and make memories that you’ll never forget.</p>\n\n<p>So, what’s your occasion? A birthday? A wedding? A corporate shindig? You name it and The LAB photo booth will take the fun and entertainment up a notch. </p>', 'A Close up of the LAB', '<p>What sets The LAB apart is our ability to seamlessly become part of the party and provide a fun, yet stylish experience. You get a professional quality camera and lighting equipment that promises to never take a bad picture and totally WOW your guests. The LAB provides:</p>', '<p>Inside The LAB is where all the magic happens and pictures truly come alive. Our collection of backdrops and props lets your guests make their photo op as classic or quirky as they’d like. Let’s get started!<br /></p>', NULL, NULL, 'The Lab Propshop', '<p>place holder place holder place holder place holder place holder place holder place holder place holder place holder place holder place holder place holder place holder place holder place holder place holder place holder place holder place holder place holder place holder place holder place holder place holder place holder place holder place holder place holder place holder place holder place holder</p>', 'The LAB Experience Packages', '<p>There are tons of different party and event ideas that The LAB can add hours of fun and excitement to. From personal to corporate level, The LAB has options to fit your needs.</p>', NULL, NULL, NULL, NULL, NULL, NULL, 'Come on in The LAB', NULL, 'Contact', '<p>We are super excited that you want more info on The LAB. Please compete the information below and we’ll get touch soon to get the party started!</p>', '#000000', '#bfbc31', '2016-06-12 21:58:16', '2016-08-29 19:46:01', 'c8df68d8-7f50-477b-8196-448a3cc9fe2d'),
 ('3', '3', 'en_us', 'We just installed Craft!', '<p>Craft is the CMS that’s powering Localhost. It’s beautiful, powerful, flexible, and easy-to-use, and it’s made by Pixel &amp; Tonic. We can’t wait to dive in and see what it’s capable of!</p><!--pagebreak--><p>This is even more captivating content, which you couldn’t see on the News index page because it was entered after a Page Break, and the News index template only likes to show the content on the first page.</p><p>Craft: a nice alternative to Word, if you’re making a website.</p>', NULL, NULL, NULL, NULL, NULL, NULL, NULL, NULL, NULL, NULL, NULL, NULL, NULL, NULL, NULL, NULL, NULL, NULL, NULL, NULL, NULL, NULL, NULL, '2016-06-12 21:58:16', '2016-06-12 21:58:16', 'bc7c339b-e4b8-4397-9a26-01ce711de3ce'),
 ('4', '4', 'en_us', 'Open-air Design', '<p>The LAB has an elegant, modern open-air design making it easy to set up in any type of venue. There are no constraints and no extra clutter. Whether you’re a posing solo or with a group, there is ample space for up to 20 guests to get an effortlessly perfect shot</p>', NULL, NULL, NULL, NULL, NULL, NULL, NULL, NULL, NULL, NULL, NULL, NULL, NULL, NULL, NULL, NULL, NULL, NULL, NULL, NULL, NULL, NULL, NULL, '2016-06-14 03:50:41', '2016-06-14 03:50:41', '8f98bbf9-ab84-4ae0-8e5d-c32d59898e03'),
 ('5', '5', 'en_us', 'Studio Quality Camera', '<p>It wouldn’t be fair to get dolled up just to get a bad picture in return. The LAB is equipped with innovative photographic technology and professional lighting that ensure highest quality images every time.</p>', NULL, NULL, NULL, NULL, NULL, NULL, NULL, NULL, NULL, NULL, NULL, NULL, NULL, NULL, NULL, NULL, NULL, NULL, NULL, NULL, NULL, NULL, NULL, '2016-06-14 03:51:08', '2016-06-14 03:51:08', '608e41b4-45c3-4488-8e62-2e009dbdfbc8'),
 ('6', '6', 'en_us', 'Snap & Share', '<p>We know once you get that killer shot, you’re going to want everyone to see it. Share and send your picture directly to your social media pages or via email or text instantly with our convenient and super easy touchscreen technology. </p>', NULL, NULL, NULL, NULL, NULL, NULL, NULL, NULL, NULL, NULL, NULL, NULL, NULL, NULL, NULL, NULL, NULL, NULL, NULL, NULL, NULL, NULL, NULL, '2016-06-14 03:51:50', '2016-06-14 03:51:50', '25c6d1b4-985c-4977-8318-e44336a4cfe8'),
 ('7', '7', 'en_us', 'The Perfect Keepsake', '<p>Every photo is customizable to commemorate the occasion. Choose from an assortment of photo sizes customized with frames, company logos, event graphics and more. The possibilities are endless to transform your pictures into an ultimate celebration souvenir.</p>', NULL, NULL, NULL, NULL, NULL, NULL, NULL, NULL, NULL, NULL, NULL, NULL, NULL, NULL, NULL, NULL, NULL, NULL, NULL, NULL, NULL, NULL, NULL, '2016-06-14 03:52:08', '2016-06-14 03:52:08', '8dac105d-cf81-442e-9785-530bd2de8f0b'),
 ('8', '8', 'en_us', 'We’ve Got Your Back (drop)', '<p>The backdrop is the canvas on which the perfect pictures are created. Our assortment of backgrounds come in an array of different colors and patterns to complement the excitement of your celebration. Do you need a backdrop of a ship for a bon voyage party or other party themes? Custom backdrops are also available at an additional charge.</p>', NULL, NULL, NULL, NULL, NULL, NULL, NULL, NULL, NULL, NULL, NULL, NULL, NULL, NULL, NULL, NULL, NULL, NULL, 'text-white', NULL, NULL, NULL, NULL, '2016-06-14 03:55:13', '2016-08-26 21:46:51', '5a4d2e15-c25d-42ed-8291-edfd9b5f2c7f'),
 ('9', '9', 'en_us', 'The LAB PropShop', '<p>It’s important that every picture is one of a kind and 100% YOU. The LAB’s PropShop is fully loaded with tons of different accessories, masks and other knick-knacks necessary to make each picture anything but ordinary. Having an 80’s party and need a rockin’ mullet wig? We can cater the PropShop to match any party theme at an additional charge.</p>', NULL, NULL, NULL, NULL, NULL, NULL, NULL, NULL, NULL, NULL, NULL, NULL, NULL, NULL, NULL, NULL, NULL, NULL, 'text-black', NULL, NULL, NULL, NULL, '2016-06-14 03:55:34', '2016-08-26 21:47:35', '2bf452f5-9522-4dcb-b785-d5548d29303c'),
 ('10', '10', 'en_us', 'SOCIAL booth', '<p>No time for prints? The social both allows you to instantly send your picture to yourself via text/email or share with your friends posting your picture directly to your social media page right from the booth! </p>\n\n<ul><li>2 hours of LAB time</li><li>1 LAB assistant</li><li>Personalized photo design</li><li>Online Facebook gallery</li><li>Social media integration </li></ul><p>$550</p>\n\n\n\n\n\n\n\n', NULL, NULL, NULL, NULL, NULL, NULL, NULL, NULL, NULL, NULL, NULL, NULL, NULL, NULL, NULL, NULL, NULL, NULL, NULL, NULL, NULL, NULL, NULL, '2016-06-14 03:57:20', '2016-06-14 03:57:20', '83651aa1-c54d-4b77-828a-2604dfbfae92'),
 ('11', '11', 'en_us', 'CLASSIC booth', '<p>Two full hours with the booth, a beautiful backdrop and a LAB assistant to help you though. Your guests are sure to be entertained and they will be leaving with a personalized keepsake from your event.</p><ul><li>2 hours of LAB time</li><li>1 LAB assistant</li><li>Standard backdrop</li><li>Personalized photo design</li><li>Unlimited 1 print per setting</li></ul><p>$700<br /></p>\n\n\n\n\n\n\n\n', NULL, NULL, NULL, NULL, NULL, NULL, NULL, NULL, NULL, NULL, NULL, NULL, NULL, NULL, NULL, NULL, NULL, NULL, NULL, NULL, NULL, NULL, NULL, '2016-06-14 03:58:26', '2016-06-14 03:58:26', '82895417-2ece-412d-9fe9-3523d6747a54'),
 ('12', '12', 'en_us', 'ESSETNTIAL booth', '<p>This has been the option for many happy clients – in addition to your backdrop selection, additional print per sitting, your guest will enjoy digging into the PropShop to truly customize their shot. For three hours The LAB is yours to capture all your event memories!</p>\n\n<ul><li>3 hours of LAB time</li><li>2 LAB assistant</li><li>Standard backdrop </li><li>Standard PropShop</li><li>Personalized photo design</li><li>Unlimited 2 prints per setting</li><li>Online Facebook gallery</li><li>Social media integration</li></ul><p>$900<br /></p>', NULL, NULL, NULL, NULL, NULL, NULL, NULL, NULL, NULL, NULL, NULL, NULL, NULL, NULL, NULL, NULL, NULL, NULL, NULL, NULL, NULL, NULL, NULL, '2016-06-14 03:59:53', '2016-06-14 03:59:53', 'bc056a5a-a522-4135-bd82-016f6a86d61c'),
 ('13', '13', 'en_us', 'BOSS booth', '<p>Keep your guest coming back for more with four full hours with The LAB, two LAB assistants, a premium backdrop and custom props from the PropShop.  Plus, your guest will have the option to print the keepsake and use the social kiosk to share a copy friends on their Facebook or Twitter page. <br /></p><ul><li>4 hours of LAB time </li><li>2 LAB assistants </li><li>Premium backdrop  </li><li>Custom PropShop</li><li>Personalized photo design </li><li>Unlimited </li><li>Online Facebook gallery </li><li>Social media integration </li><li>Social media kiosk </li></ul><p>$1350</p>', NULL, NULL, NULL, NULL, NULL, NULL, NULL, NULL, NULL, NULL, NULL, NULL, NULL, NULL, NULL, NULL, NULL, NULL, NULL, NULL, NULL, NULL, NULL, '2016-06-14 04:00:57', '2016-06-14 04:00:57', 'b2eed1b2-c46c-4715-ba61-01d22525116c'),
 ('14', '14', 'en_us', 'HEADSHOTS', '<p>Are your employees using selfies and Instagram-filtered pictures for their professional headshots? The LAB is now available for headshots. You’ll get six headshots each for up to 35 employees – with additional employees for $25 a person. We provide you with a white backdrop, a LAB assistant, and digital copies of every image. You provide the professionalism – or goofiness! After all it’s your headshot</p><p>$800</p>', NULL, NULL, NULL, NULL, NULL, NULL, NULL, NULL, NULL, NULL, NULL, NULL, NULL, NULL, NULL, NULL, NULL, NULL, NULL, NULL, NULL, NULL, NULL, '2016-06-14 04:01:31', '2016-06-14 04:01:31', '72418d53-9aff-43c3-b636-2b6624413676'),
 ('15', '15', 'en_us', NULL, NULL, NULL, NULL, NULL, NULL, NULL, NULL, NULL, NULL, NULL, NULL, NULL, NULL, NULL, NULL, NULL, NULL, NULL, NULL, NULL, NULL, NULL, NULL, NULL, '2016-06-30 03:58:22', '2016-06-30 03:59:58', 'ef4d249a-4f61-4539-ae3e-0cd1c08ce390'),
 ('16', '16', 'en_us', NULL, NULL, NULL, NULL, NULL, NULL, NULL, NULL, NULL, NULL, NULL, NULL, NULL, NULL, NULL, NULL, NULL, NULL, NULL, NULL, NULL, NULL, NULL, NULL, NULL, '2016-07-03 18:06:22', '2016-07-03 18:06:22', '7edfb81f-f4f9-41ad-8e0a-8567d243cfec'),
 ('17', '17', 'en_us', 'Backgrounds', NULL, NULL, NULL, NULL, NULL, NULL, NULL, NULL, NULL, NULL, NULL, NULL, NULL, NULL, NULL, NULL, NULL, NULL, NULL, NULL, NULL, NULL, NULL, NULL, '2016-08-05 03:35:41', '2016-08-26 15:56:48', 'b6f7a3f3-1f6f-46e2-948b-d4fbc9597063'),
 ('18', '18', 'en_us', 'Welcome Background 1', NULL, NULL, NULL, NULL, NULL, NULL, NULL, NULL, NULL, NULL, NULL, NULL, NULL, NULL, NULL, NULL, NULL, NULL, NULL, NULL, NULL, NULL, NULL, NULL, '2016-08-26 15:40:21', '2016-08-26 15:40:21', '2395219b-05d2-4820-b8cc-1937782694fb'),
 ('19', '19', 'en_us', 'Green Burst', NULL, NULL, NULL, NULL, NULL, NULL, NULL, NULL, NULL, NULL, NULL, NULL, NULL, NULL, NULL, NULL, NULL, NULL, NULL, NULL, NULL, NULL, NULL, NULL, '2016-08-26 15:50:58', '2016-08-26 15:50:58', '8bf64f56-eca3-48af-b1f5-5355a6630156'),
 ('20', '20', 'en_us', 'Props Background 1', NULL, NULL, NULL, NULL, NULL, NULL, NULL, NULL, NULL, NULL, NULL, NULL, NULL, NULL, NULL, NULL, NULL, NULL, NULL, NULL, NULL, NULL, NULL, NULL, '2016-08-26 15:52:31', '2016-08-26 15:52:31', 'e908e3ba-cc88-4a72-82d8-c492db6ce2a0'),
 ('21', '21', 'en_us', 'Getty Images 86082558', NULL, NULL, NULL, NULL, NULL, NULL, NULL, NULL, NULL, NULL, NULL, NULL, NULL, NULL, NULL, NULL, NULL, NULL, NULL, NULL, NULL, NULL, NULL, NULL, '2016-08-26 15:56:19', '2016-08-26 15:56:19', '1adaa076-765e-4c90-8114-1515995c6125');



DROP TABLE IF EXISTS `craft_deprecationerrors`;


--
-- Schema for table `craft_deprecationerrors`
--
CREATE TABLE `craft_deprecationerrors` (
  `id` int(11) NOT NULL AUTO_INCREMENT,
  `key` varchar(255) COLLATE utf8_unicode_ci NOT NULL,
  `fingerprint` varchar(255) COLLATE utf8_unicode_ci NOT NULL,
  `lastOccurrence` datetime NOT NULL,
  `file` varchar(255) COLLATE utf8_unicode_ci NOT NULL,
  `line` smallint(6) unsigned NOT NULL,
  `class` varchar(255) COLLATE utf8_unicode_ci DEFAULT NULL,
  `method` varchar(255) COLLATE utf8_unicode_ci DEFAULT NULL,
  `template` varchar(255) COLLATE utf8_unicode_ci DEFAULT NULL,
  `templateLine` smallint(6) unsigned DEFAULT NULL,
  `message` varchar(255) COLLATE utf8_unicode_ci DEFAULT NULL,
  `traces` text COLLATE utf8_unicode_ci,
  `dateCreated` datetime NOT NULL,
  `dateUpdated` datetime NOT NULL,
  `uid` char(36) COLLATE utf8_unicode_ci NOT NULL DEFAULT '0',
  PRIMARY KEY (`id`),
  UNIQUE KEY `craft_deprecationerrors_key_fingerprint_unq_idx` (`key`,`fingerprint`)
) ENGINE=InnoDB DEFAULT CHARSET=utf8 COLLATE=utf8_unicode_ci;

DROP TABLE IF EXISTS `craft_elementindexsettings`;


--
-- Schema for table `craft_elementindexsettings`
--
CREATE TABLE `craft_elementindexsettings` (
  `id` int(11) NOT NULL AUTO_INCREMENT,
  `type` varchar(150) COLLATE utf8_unicode_ci NOT NULL,
  `settings` text COLLATE utf8_unicode_ci,
  `dateCreated` datetime NOT NULL,
  `dateUpdated` datetime NOT NULL,
  `uid` char(36) COLLATE utf8_unicode_ci NOT NULL DEFAULT '0',
  PRIMARY KEY (`id`),
  UNIQUE KEY `craft_elementindexsettings_type_unq_idx` (`type`)
) ENGINE=InnoDB DEFAULT CHARSET=utf8 COLLATE=utf8_unicode_ci;

DROP TABLE IF EXISTS `craft_elements`;


--
-- Schema for table `craft_elements`
--
CREATE TABLE `craft_elements` (
  `id` int(11) NOT NULL AUTO_INCREMENT,
  `type` varchar(150) COLLATE utf8_unicode_ci NOT NULL,
  `enabled` tinyint(1) unsigned NOT NULL DEFAULT '1',
  `archived` tinyint(1) unsigned NOT NULL DEFAULT '0',
  `dateCreated` datetime NOT NULL,
  `dateUpdated` datetime NOT NULL,
  `uid` char(36) COLLATE utf8_unicode_ci NOT NULL DEFAULT '0',
  PRIMARY KEY (`id`),
  KEY `craft_elements_type_idx` (`type`),
  KEY `craft_elements_enabled_idx` (`enabled`),
  KEY `craft_elements_archived_dateCreated_idx` (`archived`,`dateCreated`)
) ENGINE=InnoDB AUTO_INCREMENT=22 DEFAULT CHARSET=utf8 COLLATE=utf8_unicode_ci;

--
-- Data for table `craft_elements`
--

INSERT INTO `craft_elements` (`id`, `type`, `enabled`, `archived`, `dateCreated`, `dateUpdated`, `uid`) VALUES
 ('1', 'User', '1', '0', '2016-06-12 21:58:15', '2016-06-12 21:58:15', 'db6af7e3-81cb-4124-bfee-ad55c2ffdaa3'),
 ('2', 'Entry', '1', '0', '2016-06-12 21:58:16', '2016-08-29 19:46:01', 'c4ca1ad7-f7b2-4f9c-9ba2-a2f5ef8dfbbb'),
 ('3', 'Entry', '1', '0', '2016-06-12 21:58:16', '2016-06-12 21:58:16', '28520134-e3bc-4709-a1a7-a45b1d11f0c1'),
 ('4', 'Entry', '1', '0', '2016-06-14 03:50:41', '2016-06-14 03:50:41', '57279f75-222f-4339-90b6-22c988b030c0'),
 ('5', 'Entry', '1', '0', '2016-06-14 03:51:08', '2016-06-14 03:51:08', '2acfab25-66d3-48d9-baca-314f832e06eb'),
 ('6', 'Entry', '1', '0', '2016-06-14 03:51:50', '2016-06-14 03:51:50', 'efdd8858-dcf5-4de1-bb0f-64645951af58'),
 ('7', 'Entry', '1', '0', '2016-06-14 03:52:08', '2016-06-14 03:52:08', '7103d99b-05a6-448b-ba81-a8d3a9fdb8e3'),
 ('8', 'Entry', '1', '0', '2016-06-14 03:55:13', '2016-08-26 21:46:51', 'd603eef7-5757-4487-82a0-70856c2e2eb8'),
 ('9', 'Entry', '1', '0', '2016-06-14 03:55:34', '2016-08-26 21:47:35', '3b70c3aa-021b-47f6-a7b1-87065e80483a'),
 ('10', 'Entry', '1', '0', '2016-06-14 03:57:20', '2016-06-14 03:57:20', 'aa6e0e44-9e41-4821-85e3-ba4c0dd30635'),
 ('11', 'Entry', '1', '0', '2016-06-14 03:58:26', '2016-06-14 03:58:26', '8aa91808-ef82-48d4-a46f-53ddc285de85'),
 ('12', 'Entry', '1', '0', '2016-06-14 03:59:53', '2016-06-14 03:59:53', '5ba67758-8841-4528-bc9f-2bb09cac7ec1'),
 ('13', 'Entry', '1', '0', '2016-06-14 04:00:57', '2016-06-14 04:00:57', 'b245ced9-db34-4357-8379-be55d742be51'),
 ('14', 'Entry', '1', '0', '2016-06-14 04:01:31', '2016-06-14 04:01:31', 'd50964ba-6f63-4be1-af37-7c2513e4cffe'),
 ('15', 'GlobalSet', '1', '0', '2016-06-30 03:58:22', '2016-06-30 03:59:58', '382ad374-a07e-4a2f-a335-c5a25c87b9d7'),
 ('16', 'GlobalSet', '1', '0', '2016-07-03 18:06:22', '2016-07-03 18:06:22', '5154ab87-d972-47bd-b7f4-8d8c6ebd4fdd'),
 ('17', 'Asset', '1', '0', '2016-08-05 03:35:41', '2016-08-26 15:56:48', 'e2f54589-af05-45b7-919b-a41823221e58'),
 ('18', 'Asset', '1', '0', '2016-08-26 15:40:21', '2016-08-26 15:40:21', '5e6645f9-d1c0-43ce-9097-ce2afa126315'),
 ('19', 'Asset', '1', '0', '2016-08-26 15:50:58', '2016-08-26 15:50:58', '047ff39a-2cd3-411f-b316-ef6e7d6dc84c'),
 ('20', 'Asset', '1', '0', '2016-08-26 15:52:31', '2016-08-26 15:52:31', 'd8deb6a6-54b5-45ea-94e9-bfede03311cb'),
 ('21', 'Asset', '1', '0', '2016-08-26 15:56:19', '2016-08-26 15:56:19', 'e6a9d75f-92cb-4168-b77e-1632570a8870');



DROP TABLE IF EXISTS `craft_elements_i18n`;


--
-- Schema for table `craft_elements_i18n`
--
CREATE TABLE `craft_elements_i18n` (
  `id` int(11) NOT NULL AUTO_INCREMENT,
  `elementId` int(11) NOT NULL,
  `locale` char(12) COLLATE utf8_unicode_ci NOT NULL,
  `slug` varchar(255) COLLATE utf8_unicode_ci DEFAULT NULL,
  `uri` varchar(255) COLLATE utf8_unicode_ci DEFAULT NULL,
  `enabled` tinyint(1) unsigned NOT NULL DEFAULT '1',
  `dateCreated` datetime NOT NULL,
  `dateUpdated` datetime NOT NULL,
  `uid` char(36) COLLATE utf8_unicode_ci NOT NULL DEFAULT '0',
  PRIMARY KEY (`id`),
  UNIQUE KEY `craft_elements_i18n_elementId_locale_unq_idx` (`elementId`,`locale`),
  UNIQUE KEY `craft_elements_i18n_uri_locale_unq_idx` (`uri`,`locale`),
  KEY `craft_elements_i18n_slug_locale_idx` (`slug`,`locale`),
  KEY `craft_elements_i18n_enabled_idx` (`enabled`),
  KEY `craft_elements_i18n_locale_fk` (`locale`)
) ENGINE=InnoDB AUTO_INCREMENT=22 DEFAULT CHARSET=utf8 COLLATE=utf8_unicode_ci;

--
-- Data for table `craft_elements_i18n`
--

INSERT INTO `craft_elements_i18n` (`id`, `elementId`, `locale`, `slug`, `uri`, `enabled`, `dateCreated`, `dateUpdated`, `uid`) VALUES
 ('1', '1', 'en_us', '', NULL, '1', '2016-06-12 21:58:15', '2016-06-12 21:58:15', '9f2a8d49-ad9f-4dd7-8c0f-ea934de846af'),
 ('2', '2', 'en_us', 'homepage', '__home__', '1', '2016-06-12 21:58:16', '2016-08-29 19:46:01', 'e386d291-a6a4-4f9d-92cb-eda37fd2026c'),
 ('3', '3', 'en_us', 'we-just-installed-craft', 'news/2016/we-just-installed-craft', '1', '2016-06-12 21:58:16', '2016-06-12 21:58:16', '42bc6dc4-9aca-4169-a34d-aa88e11ae060'),
 ('4', '4', 'en_us', 'open-air-design', 'booth-dropdown/open-air-design', '1', '2016-06-14 03:50:41', '2016-06-14 03:50:41', '8e5b9641-d9b5-466c-9b92-38e708c7e8f5'),
 ('5', '5', 'en_us', 'studio-quality-camera', 'booth-dropdown/studio-quality-camera', '1', '2016-06-14 03:51:08', '2016-06-14 03:51:08', '7785fe71-751c-463c-8732-b0c8b9ef54df'),
 ('6', '6', 'en_us', 'snap-share', 'booth-dropdown/snap-share', '1', '2016-06-14 03:51:50', '2016-06-14 03:51:50', '27d6532f-03da-433e-b48a-e2cf73814d24'),
 ('7', '7', 'en_us', 'the-perfect-keepsake', 'booth-dropdown/the-perfect-keepsake', '1', '2016-06-14 03:52:08', '2016-06-14 03:52:08', '246633c3-9e9e-4489-ac06-7c20290983d3'),
 ('8', '8', 'en_us', 'weve-got-your-back-drop', 'slides/weve-got-your-back-drop', '1', '2016-06-14 03:55:14', '2016-08-26 21:46:51', 'b8360681-2241-4ef9-aeb6-bab8b3cb3808'),
 ('9', '9', 'en_us', 'the-lab-propshop', 'slides/the-lab-propshop', '1', '2016-06-14 03:55:34', '2016-08-26 21:47:35', 'e2e876a9-bc8a-4f1b-b6dd-40aec1875e8c'),
 ('10', '10', 'en_us', 'social-booth', 'package-dropdown/social-booth', '1', '2016-06-14 03:57:21', '2016-06-14 03:57:21', '04849cc8-5d03-476f-8480-82e99ad20145'),
 ('11', '11', 'en_us', 'classic-booth', 'package-dropdown/classic-booth', '1', '2016-06-14 03:58:26', '2016-06-14 03:58:26', '27fb7eeb-138c-4f8b-86c7-90c1b5d72ffd'),
 ('12', '12', 'en_us', 'essetntial-booth', 'package-dropdown/essetntial-booth', '1', '2016-06-14 03:59:53', '2016-06-14 03:59:53', '4e57df85-262e-4740-a930-582927a82697'),
 ('13', '13', 'en_us', 'boss-booth', 'package-dropdown/boss-booth', '1', '2016-06-14 04:00:57', '2016-06-14 04:00:57', 'b9625ad5-885f-4ff0-8538-99eca3d70407'),
 ('14', '14', 'en_us', 'headshots', 'package-dropdown/headshots', '1', '2016-06-14 04:01:31', '2016-06-14 04:01:31', 'bd28ee34-9c5f-4e29-ba8a-eb4ce354a5d8'),
 ('15', '15', 'en_us', '', NULL, '1', '2016-06-30 03:58:22', '2016-06-30 03:59:58', 'b814bb00-9194-4884-8882-be6352d6ea4e'),
 ('16', '16', 'en_us', '', NULL, '1', '2016-07-03 18:06:22', '2016-07-03 18:06:22', '0c317deb-8258-4476-862a-6f2d4de75fa9'),
 ('17', '17', 'en_us', 'backgrounds', NULL, '1', '2016-08-05 03:35:41', '2016-08-26 15:56:48', '3b0b8b09-4caf-4e75-b394-503446b3b713'),
 ('18', '18', 'en_us', 'welcome-background-1', NULL, '1', '2016-08-26 15:40:21', '2016-08-26 15:40:21', 'b5cded9d-de51-4969-9aac-28c19969b8b3'),
 ('19', '19', 'en_us', 'green-burst', NULL, '1', '2016-08-26 15:50:58', '2016-08-26 15:50:58', '71cb6281-d138-4cc0-b806-c59de474824e'),
 ('20', '20', 'en_us', 'props-background-1', NULL, '1', '2016-08-26 15:52:31', '2016-08-26 15:52:31', 'fba62097-8840-4805-bfc8-d56a26c8a5e1'),
 ('21', '21', 'en_us', 'getty-images-86082558', NULL, '1', '2016-08-26 15:56:19', '2016-08-26 15:56:19', 'a11bf524-bb2e-4f75-bd07-a8126ffdbaa2');



DROP TABLE IF EXISTS `craft_emailmessages`;


--
-- Schema for table `craft_emailmessages`
--
CREATE TABLE `craft_emailmessages` (
  `id` int(11) NOT NULL AUTO_INCREMENT,
  `key` char(150) COLLATE utf8_unicode_ci NOT NULL,
  `locale` char(12) COLLATE utf8_unicode_ci NOT NULL,
  `subject` varchar(1000) COLLATE utf8_unicode_ci NOT NULL,
  `body` text COLLATE utf8_unicode_ci NOT NULL,
  `dateCreated` datetime NOT NULL,
  `dateUpdated` datetime NOT NULL,
  `uid` char(36) COLLATE utf8_unicode_ci NOT NULL DEFAULT '0',
  PRIMARY KEY (`id`),
  UNIQUE KEY `craft_emailmessages_key_locale_unq_idx` (`key`,`locale`),
  KEY `craft_emailmessages_locale_fk` (`locale`)
) ENGINE=InnoDB DEFAULT CHARSET=utf8 COLLATE=utf8_unicode_ci;

DROP TABLE IF EXISTS `craft_entries`;


--
-- Schema for table `craft_entries`
--
CREATE TABLE `craft_entries` (
  `id` int(11) NOT NULL,
  `sectionId` int(11) NOT NULL,
  `typeId` int(11) DEFAULT NULL,
  `authorId` int(11) DEFAULT NULL,
  `postDate` datetime DEFAULT NULL,
  `expiryDate` datetime DEFAULT NULL,
  `dateCreated` datetime NOT NULL,
  `dateUpdated` datetime NOT NULL,
  `uid` char(36) COLLATE utf8_unicode_ci NOT NULL DEFAULT '0',
  PRIMARY KEY (`id`),
  KEY `craft_entries_sectionId_idx` (`sectionId`),
  KEY `craft_entries_typeId_idx` (`typeId`),
  KEY `craft_entries_postDate_idx` (`postDate`),
  KEY `craft_entries_expiryDate_idx` (`expiryDate`),
  KEY `craft_entries_authorId_fk` (`authorId`)
) ENGINE=InnoDB DEFAULT CHARSET=utf8 COLLATE=utf8_unicode_ci;

--
-- Data for table `craft_entries`
--

INSERT INTO `craft_entries` (`id`, `sectionId`, `typeId`, `authorId`, `postDate`, `expiryDate`, `dateCreated`, `dateUpdated`, `uid`) VALUES
 ('2', '1', NULL, NULL, '2016-06-12 21:58:15', NULL, '2016-06-12 21:58:16', '2016-08-29 19:46:01', '7a28b844-c010-4a71-91ce-c271756fc4d8'),
 ('3', '2', '2', '1', '2016-06-12 21:58:16', NULL, '2016-06-12 21:58:16', '2016-06-12 21:58:16', '6ec46a4e-a960-477a-8814-5280dd05ced6'),
 ('4', '4', '4', '1', '2016-06-14 03:50:41', NULL, '2016-06-14 03:50:41', '2016-06-14 03:50:41', 'f7063194-c1d7-45e4-8b5b-86e021567215'),
 ('5', '4', '4', '1', '2016-06-14 03:51:08', NULL, '2016-06-14 03:51:08', '2016-06-14 03:51:08', '65d96984-2fcd-46f7-988f-2549fc939ec8'),
 ('6', '4', '4', '1', '2016-06-14 03:51:50', NULL, '2016-06-14 03:51:50', '2016-06-14 03:51:50', '057c2ae0-4517-49d2-aed5-e0acf83ba149'),
 ('7', '4', '4', '1', '2016-06-14 03:52:08', NULL, '2016-06-14 03:52:08', '2016-06-14 03:52:08', '92506a28-9d0c-4d78-bb11-be8ca32a5243'),
 ('8', '3', '3', '1', '2016-06-14 03:55:00', NULL, '2016-06-14 03:55:14', '2016-08-26 21:46:51', 'b517d280-ee7b-4842-a6a7-a869cf47ef7e'),
 ('9', '3', '3', '1', '2016-06-14 03:55:00', NULL, '2016-06-14 03:55:34', '2016-08-26 21:47:35', '6c35d1c1-1454-4967-86f3-56573a9d238c'),
 ('10', '5', '5', '1', '2016-06-14 03:57:20', NULL, '2016-06-14 03:57:21', '2016-06-14 03:57:21', 'b80b41b8-feba-4857-9391-569d1d893edc'),
 ('11', '5', '5', '1', '2016-06-14 03:58:26', NULL, '2016-06-14 03:58:26', '2016-06-14 03:58:26', 'dcc0aeb4-1eb5-401d-a19b-59e3c2fef570'),
 ('12', '5', '5', '1', '2016-06-14 03:59:53', NULL, '2016-06-14 03:59:53', '2016-06-14 03:59:53', '7156a432-5497-4677-9793-fc3aa0a69cc0'),
 ('13', '5', '5', '1', '2016-06-14 04:00:57', NULL, '2016-06-14 04:00:57', '2016-06-14 04:00:57', '48d9e66e-d120-4174-a713-78976a5ee57e'),
 ('14', '5', '5', '1', '2016-06-14 04:01:31', NULL, '2016-06-14 04:01:31', '2016-06-14 04:01:31', '5d49ccef-0e15-4560-a580-a4c85e1fc92e');



DROP TABLE IF EXISTS `craft_entrydrafts`;


--
-- Schema for table `craft_entrydrafts`
--
CREATE TABLE `craft_entrydrafts` (
  `id` int(11) NOT NULL AUTO_INCREMENT,
  `entryId` int(11) NOT NULL,
  `sectionId` int(11) NOT NULL,
  `creatorId` int(11) NOT NULL,
  `locale` char(12) COLLATE utf8_unicode_ci NOT NULL,
  `name` varchar(255) COLLATE utf8_unicode_ci NOT NULL,
  `notes` tinytext COLLATE utf8_unicode_ci,
  `data` mediumtext COLLATE utf8_unicode_ci NOT NULL,
  `dateCreated` datetime NOT NULL,
  `dateUpdated` datetime NOT NULL,
  `uid` char(36) COLLATE utf8_unicode_ci NOT NULL DEFAULT '0',
  PRIMARY KEY (`id`),
  KEY `craft_entrydrafts_entryId_locale_idx` (`entryId`,`locale`),
  KEY `craft_entrydrafts_sectionId_fk` (`sectionId`),
  KEY `craft_entrydrafts_creatorId_fk` (`creatorId`),
  KEY `craft_entrydrafts_locale_fk` (`locale`)
) ENGINE=InnoDB DEFAULT CHARSET=utf8 COLLATE=utf8_unicode_ci;

DROP TABLE IF EXISTS `craft_entrytypes`;


--
-- Schema for table `craft_entrytypes`
--
CREATE TABLE `craft_entrytypes` (
  `id` int(11) NOT NULL AUTO_INCREMENT,
  `sectionId` int(11) NOT NULL,
  `fieldLayoutId` int(11) DEFAULT NULL,
  `name` varchar(255) COLLATE utf8_unicode_ci NOT NULL,
  `handle` varchar(255) COLLATE utf8_unicode_ci NOT NULL,
  `hasTitleField` tinyint(1) unsigned NOT NULL DEFAULT '1',
  `titleLabel` varchar(255) COLLATE utf8_unicode_ci DEFAULT 'Title',
  `titleFormat` varchar(255) COLLATE utf8_unicode_ci DEFAULT NULL,
  `sortOrder` smallint(6) unsigned DEFAULT NULL,
  `dateCreated` datetime NOT NULL,
  `dateUpdated` datetime NOT NULL,
  `uid` char(36) COLLATE utf8_unicode_ci NOT NULL DEFAULT '0',
  PRIMARY KEY (`id`),
  UNIQUE KEY `craft_entrytypes_name_sectionId_unq_idx` (`name`,`sectionId`),
  UNIQUE KEY `craft_entrytypes_handle_sectionId_unq_idx` (`handle`,`sectionId`),
  KEY `craft_entrytypes_sectionId_fk` (`sectionId`),
  KEY `craft_entrytypes_fieldLayoutId_fk` (`fieldLayoutId`)
) ENGINE=InnoDB AUTO_INCREMENT=6 DEFAULT CHARSET=utf8 COLLATE=utf8_unicode_ci;

--
-- Data for table `craft_entrytypes`
--

INSERT INTO `craft_entrytypes` (`id`, `sectionId`, `fieldLayoutId`, `name`, `handle`, `hasTitleField`, `titleLabel`, `titleFormat`, `sortOrder`, `dateCreated`, `dateUpdated`, `uid`) VALUES
 ('1', '1', '24', 'Homepage', 'homepage', '1', 'Title', NULL, NULL, '2016-06-12 21:58:15', '2016-08-29 19:45:12', '3542434e-4de5-4c8d-a638-6fecc7bacf48'),
 ('2', '2', '5', 'News', 'news', '1', 'Title', NULL, NULL, '2016-06-12 21:58:16', '2016-06-12 21:58:16', 'ed195569-e475-4e38-bc6b-c157d08ab0ef'),
 ('3', '3', '20', 'Slides', 'slides', '1', 'Title', NULL, NULL, '2016-06-14 02:53:16', '2016-08-26 21:46:30', '05050a71-cf3e-44b6-ba91-d0f27e0c8d0c'),
 ('4', '4', '11', 'Booth Dropdown', 'boothDropdown', '1', 'Title', NULL, NULL, '2016-06-14 03:23:21', '2016-06-14 03:24:41', '197edc34-d5a0-4fcb-ad98-d245a786c325'),
 ('5', '5', '13', 'Package Dropdown', 'packageDropdown', '1', 'Title', NULL, NULL, '2016-06-14 03:31:18', '2016-06-14 03:31:44', '17434714-bb05-4886-8448-01f1592ff950');



DROP TABLE IF EXISTS `craft_entryversions`;


--
-- Schema for table `craft_entryversions`
--
CREATE TABLE `craft_entryversions` (
  `id` int(11) NOT NULL AUTO_INCREMENT,
  `entryId` int(11) NOT NULL,
  `sectionId` int(11) NOT NULL,
  `creatorId` int(11) DEFAULT NULL,
  `locale` char(12) COLLATE utf8_unicode_ci NOT NULL,
  `num` smallint(6) unsigned NOT NULL,
  `notes` tinytext COLLATE utf8_unicode_ci,
  `data` mediumtext COLLATE utf8_unicode_ci NOT NULL,
  `dateCreated` datetime NOT NULL,
  `dateUpdated` datetime NOT NULL,
  `uid` char(36) COLLATE utf8_unicode_ci NOT NULL DEFAULT '0',
  PRIMARY KEY (`id`),
  KEY `craft_entryversions_entryId_locale_idx` (`entryId`,`locale`),
  KEY `craft_entryversions_sectionId_fk` (`sectionId`),
  KEY `craft_entryversions_creatorId_fk` (`creatorId`),
  KEY `craft_entryversions_locale_fk` (`locale`)
) ENGINE=InnoDB AUTO_INCREMENT=26 DEFAULT CHARSET=utf8 COLLATE=utf8_unicode_ci;

--
-- Data for table `craft_entryversions`
--

INSERT INTO `craft_entryversions` (`id`, `entryId`, `sectionId`, `creatorId`, `locale`, `num`, `notes`, `data`, `dateCreated`, `dateUpdated`, `uid`) VALUES
 ('1', '2', '1', '1', 'en_us', '1', NULL, '{\"typeId\":\"1\",\"authorId\":null,\"title\":\"Homepage\",\"slug\":\"homepage\",\"postDate\":1465768695,\"expiryDate\":null,\"enabled\":1,\"parentId\":null,\"fields\":[]}', '2016-06-12 21:58:16', '2016-06-12 21:58:16', '4689ee31-6bee-4e67-8b2b-be2ac702039e'),
 ('2', '2', '1', '1', 'en_us', '2', NULL, '{\"typeId\":null,\"authorId\":null,\"title\":\"Welcome to Localhost!\",\"slug\":\"homepage\",\"postDate\":1465768695,\"expiryDate\":null,\"enabled\":\"1\",\"parentId\":null,\"fields\":{\"1\":\"<p>It\\u2019s true, this site doesn\\u2019t have a whole lot of content yet, but don\\u2019t worry. Our web developers have just installed the CMS, and they\\u2019re setting things up for the content editors this very moment. Soon Localhost will be an oasis of fresh perspectives, sharp analyses, and astute opinions that will keep you coming back again and again.<\\/p>\"}}', '2016-06-12 21:58:16', '2016-06-12 21:58:16', 'f579003a-b3b8-4041-a2a9-b5b6f1092f9e'),
 ('3', '3', '2', '1', 'en_us', '1', NULL, '{\"typeId\":\"2\",\"authorId\":\"1\",\"title\":\"We just installed Craft!\",\"slug\":\"we-just-installed-craft\",\"postDate\":1465768696,\"expiryDate\":null,\"enabled\":1,\"parentId\":null,\"fields\":[]}', '2016-06-12 21:58:16', '2016-06-12 21:58:16', '7442c643-67c6-4e4d-b93f-2b46c7d5495d'),
 ('4', '4', '4', '1', 'en_us', '1', '', '{\"typeId\":null,\"authorId\":\"1\",\"title\":\"Open-air Design\",\"slug\":\"open-air-design\",\"postDate\":1465876241,\"expiryDate\":null,\"enabled\":1,\"parentId\":null,\"fields\":{\"1\":\"<p>The LAB has an elegant, modern open-air design making it easy to set up in any type of venue. There are no constraints and no extra clutter. Whether you\\u2019re a posing solo or with a group, there is ample space for up to 20 guests to get an effortlessly perfect shot<\\/p>\"}}', '2016-06-14 03:50:41', '2016-06-14 03:50:41', '47534d46-d0b0-4153-bd20-a5aaa43e64ed'),
 ('5', '5', '4', '1', 'en_us', '1', '', '{\"typeId\":null,\"authorId\":\"1\",\"title\":\"Studio Quality Camera\",\"slug\":\"studio-quality-camera\",\"postDate\":1465876268,\"expiryDate\":null,\"enabled\":1,\"parentId\":null,\"fields\":{\"1\":\"<p>It wouldn\\u2019t be fair to get dolled up just to get a bad picture in return. The LAB is equipped with innovative photographic technology and professional lighting that ensure highest quality images every time.<\\/p>\"}}', '2016-06-14 03:51:08', '2016-06-14 03:51:08', 'b7690b16-c881-43f9-b464-fb059bcfff04'),
 ('6', '6', '4', '1', 'en_us', '1', '', '{\"typeId\":null,\"authorId\":\"1\",\"title\":\"Snap & Share\",\"slug\":\"snap-share\",\"postDate\":1465876310,\"expiryDate\":null,\"enabled\":1,\"parentId\":null,\"fields\":{\"1\":\"<p>We know once you get that killer shot, you\\u2019re going to want everyone to see it. Share and send your picture directly to your social media pages or via email or text instantly with our convenient and super easy touchscreen technology.&nbsp;<\\/p>\"}}', '2016-06-14 03:51:50', '2016-06-14 03:51:50', '640cda36-4d47-4315-bba9-a7796a238494'),
 ('7', '7', '4', '1', 'en_us', '1', '', '{\"typeId\":null,\"authorId\":\"1\",\"title\":\"The Perfect Keepsake\",\"slug\":\"the-perfect-keepsake\",\"postDate\":1465876328,\"expiryDate\":null,\"enabled\":1,\"parentId\":null,\"fields\":{\"1\":\"<p>Every photo is customizable to commemorate the occasion. Choose from an assortment of photo sizes customized with frames, company logos, event graphics and more. The possibilities are endless to transform your pictures into an ultimate celebration souvenir.<\\/p>\"}}', '2016-06-14 03:52:08', '2016-06-14 03:52:08', '1c311b23-f104-451d-837d-e668abb8456f'),
 ('8', '8', '3', '1', 'en_us', '1', '', '{\"typeId\":null,\"authorId\":\"1\",\"title\":\"We\\u2019ve Got Your Back (drop)\",\"slug\":\"weve-got-your-back-drop\",\"postDate\":1465876513,\"expiryDate\":null,\"enabled\":1,\"parentId\":null,\"fields\":{\"14\":\"\",\"1\":\"<p>The backdrop is the canvas on which the perfect pictures are created. Our assortment of backgrounds come in an array of different colors and patterns to complement the excitement of your celebration. Do you need a backdrop of a ship for a bon voyage party or other party themes? Custom backdrops are also available at an additional charge.<\\/p>\"}}', '2016-06-14 03:55:14', '2016-06-14 03:55:14', 'fc47d29a-075a-4154-b7d8-5811fb519b35'),
 ('9', '9', '3', '1', 'en_us', '1', '', '{\"typeId\":null,\"authorId\":\"1\",\"title\":\"The LAB PropShop\",\"slug\":\"the-lab-propshop\",\"postDate\":1465876534,\"expiryDate\":null,\"enabled\":1,\"parentId\":null,\"fields\":{\"14\":\"\",\"1\":\"<p>It\\u2019s important that every picture is one of a kind and 100% YOU. The LAB\\u2019s PropShop is fully loaded with tons of different accessories, masks and other knick-knacks necessary to make each picture anything but ordinary. Having an 80\\u2019s party and need a rockin\\u2019 mullet wig? We can cater the PropShop to match any party theme at an additional charge.<\\/p>\"}}', '2016-06-14 03:55:34', '2016-06-14 03:55:34', 'b8fc4e59-43b6-4952-a698-962d63e50723'),
 ('10', '10', '5', '1', 'en_us', '1', '', '{\"typeId\":null,\"authorId\":\"1\",\"title\":\"SOCIAL booth\",\"slug\":\"social-booth\",\"postDate\":1465876640,\"expiryDate\":null,\"enabled\":1,\"parentId\":null,\"fields\":{\"1\":\"<p>No time for prints? The social both allows you to instantly send your picture to yourself via text\\/email or share with your friends posting your picture directly to your social media page right from the booth!&nbsp;<\\/p>\\r\\n\\r\\n<ul><li>2 hours of LAB time<\\/li><li>1 LAB assistant<\\/li><li>Personalized photo design<\\/li><li>Online Facebook gallery<\\/li><li>Social media integration&nbsp;<\\/li><\\/ul><p>$550<\\/p>\\r\\n\\r\\n\\r\\n\\r\\n\\r\\n\\r\\n\\r\\n\\r\\n\"}}', '2016-06-14 03:57:21', '2016-06-14 03:57:21', 'ad284abb-8814-4136-9206-c1196d7fcbc9'),
 ('11', '11', '5', '1', 'en_us', '1', '', '{\"typeId\":null,\"authorId\":\"1\",\"title\":\"CLASSIC booth\",\"slug\":\"classic-booth\",\"postDate\":1465876706,\"expiryDate\":null,\"enabled\":1,\"parentId\":null,\"fields\":{\"1\":\"<p>Two full hours with the booth, a beautiful backdrop and a LAB assistant to help you though. Your guests are sure to be entertained and they will be leaving with a personalized keepsake from your event.<\\/p><ul><li>2 hours of LAB time<\\/li><li>1 LAB assistant<\\/li><li>Standard backdrop<\\/li><li>Personalized photo design<\\/li><li>Unlimited 1 print per setting<\\/li><\\/ul><p>$700<br><\\/p>\\r\\n\\r\\n\\r\\n\\r\\n\\r\\n\\r\\n\\r\\n\\r\\n\"}}', '2016-06-14 03:58:26', '2016-06-14 03:58:26', '18359c96-7088-429f-b324-34e7fbe73ee8'),
 ('12', '12', '5', '1', 'en_us', '1', '', '{\"typeId\":null,\"authorId\":\"1\",\"title\":\"ESSETNTIAL booth\",\"slug\":\"essetntial-booth\",\"postDate\":1465876793,\"expiryDate\":null,\"enabled\":1,\"parentId\":null,\"fields\":{\"1\":\"<p>This has been the option for many happy clients \\u2013 in addition to your backdrop selection, additional print per sitting, your guest will enjoy digging into the PropShop to truly customize their shot. For three hours The LAB is yours to capture all your event memories!<\\/p>\\r\\n\\r\\n<ul><li>3 hours of LAB time<\\/li><li>2 LAB assistant<\\/li><li>Standard backdrop&nbsp;<\\/li><li>Standard PropShop<\\/li><li>Personalized photo design<\\/li><li>Unlimited 2 prints per setting<\\/li><li>Online Facebook gallery<\\/li><li>Social media integration<\\/li><\\/ul>\\r\\n\\r\\n\\r\\n\\r\\n\\r\\n\\r\\n\\r\\n\\r\\n\\r\\n\\r\\n\\r\\n\\r\\n\\r\\n\\r\\n<p>$900<br><\\/p>\"}}', '2016-06-14 03:59:53', '2016-06-14 03:59:53', 'e61f2b4a-6a8b-4753-bca7-36599b580e02'),
 ('13', '13', '5', '1', 'en_us', '1', '', '{\"typeId\":null,\"authorId\":\"1\",\"title\":\"BOSS booth\",\"slug\":\"boss-booth\",\"postDate\":1465876857,\"expiryDate\":null,\"enabled\":1,\"parentId\":null,\"fields\":{\"1\":\"<p>Keep your guest coming back for more with four full hours with The LAB, two LAB assistants, a premium backdrop and custom props from the PropShop. &nbsp;Plus, your guest will have the option to print the keepsake and use the social kiosk to share a copy friends on their Facebook or Twitter page.&nbsp;<br><\\/p><ul><li>4 hours of LAB time&nbsp;<\\/li><li>2 LAB assistants&nbsp;<\\/li><li>Premium backdrop &nbsp;<\\/li><li>Custom PropShop<\\/li><li>Personalized photo design&nbsp;<\\/li><li>Unlimited&nbsp;<\\/li><li>Online Facebook gallery&nbsp;<\\/li><li>Social media integration&nbsp;<\\/li><li>Social media kiosk&nbsp;<\\/li><\\/ul><p>$1350<\\/p>\"}}', '2016-06-14 04:00:57', '2016-06-14 04:00:57', '54bdd9e7-a311-4982-af44-bce8d475e313'),
 ('14', '14', '5', '1', 'en_us', '1', '', '{\"typeId\":null,\"authorId\":\"1\",\"title\":\"HEADSHOTS\",\"slug\":\"headshots\",\"postDate\":1465876891,\"expiryDate\":null,\"enabled\":1,\"parentId\":null,\"fields\":{\"1\":\"<p>Are your employees using selfies and Instagram-filtered pictures for their professional headshots? The LAB is now available for headshots. You\\u2019ll get six headshots each for up to 35 employees \\u2013 with additional employees for $25 a person. We provide you with a white backdrop, a LAB assistant, and digital copies of every image. You provide the professionalism \\u2013 or goofiness! After all it\\u2019s your headshot<\\/p><p>$800<\\/p>\"}}', '2016-06-14 04:01:31', '2016-06-14 04:01:31', '224b9bab-7bc2-42bf-a955-8c4c168451b7'),
 ('15', '2', '1', '1', 'en_us', '3', '', '{\"typeId\":null,\"authorId\":null,\"title\":\"Home\",\"slug\":\"homepage\",\"postDate\":1465768695,\"expiryDate\":null,\"enabled\":1,\"parentId\":null,\"fields\":{\"7\":\"\",\"6\":\"<p>The LAB is a Dallas based party photo booth company on a mission to add a touch of sophisticated fun to your events. Our luxurious open-air photo booth is sure to make a statement and make memories that you\\u2019ll never forget.<\\/p>\\r\\n\\r\\n<p>So, what\\u2019s your occasion? A birthday? A wedding? A corporate shindig? You name it and The LAB photo booth will take the fun and entertainment up a notch.&nbsp;<\\/p>\",\"5\":\"Welcome to The LAB\",\"3\":\"\",\"4\":\"\",\"22\":\"\",\"17\":\"<p>There are tons of different party and event ideas that The LAB can add hours of fun and excitement to. From personal to corporate level, The LAB has options to fit your needs.<\\/p>\",\"16\":\"\",\"18\":[\"4\",\"5\",\"6\",\"7\"],\"11\":\"\",\"10\":\"<p>Come on in The LAB<\\/p><p>Inside The LAB is where all the magic happens and pictures truly come alive. Our collection of backdrops and props lets your guests make their photo op as classic or quirky as they\\u2019d like. Let\\u2019s get started!<\\/p>\",\"15\":[\"8\",\"9\"],\"9\":\"<p>What sets The LAB apart is our ability to seamlessly become part of the party and provide a fun, yet stylish experience. You get a professional quality camera and lighting equipment that promises to never take a bad picture and totally WOW your guests. The LAB provides:<\\/p>\",\"8\":\"A Close up of the LAB\",\"21\":\"\",\"19\":\"\",\"20\":\"The LAB Experience Packages\"}}', '2016-06-14 04:04:55', '2016-06-14 04:04:55', 'b973e49e-986a-4729-b0eb-37ca49135157'),
 ('16', '2', '1', '1', 'en_us', '4', '', '{\"typeId\":null,\"authorId\":null,\"title\":\"Home\",\"slug\":\"homepage\",\"postDate\":1465768695,\"expiryDate\":null,\"enabled\":1,\"parentId\":null,\"fields\":{\"7\":\"\",\"6\":\"<p>The LAB is a Dallas based party photo booth company on a mission to add a touch of sophisticated fun to your events. Our luxurious open-air photo booth is sure to make a statement and make memories that you\\u2019ll never forget.<\\/p>\\r\\n\\r\\n<p>So, what\\u2019s your occasion? A birthday? A wedding? A corporate shindig? You name it and The LAB photo booth will take the fun and entertainment up a notch.&nbsp;<\\/p>\",\"5\":\"Welcome to The LAB\",\"3\":\"\",\"4\":\"\",\"22\":\"\",\"17\":\"\",\"16\":\"\",\"18\":[\"4\",\"5\",\"6\",\"7\"],\"11\":\"\",\"10\":\"<p>Come on in The LAB<\\/p>\\r\\n\\r\\n<p>Inside The LAB is where all the magic happens and pictures truly come alive. Our collection of backdrops and props lets your guests make their photo op as classic or quirky as they\\u2019d like. Let\\u2019s get started!<\\/p>\",\"15\":[\"8\",\"9\"],\"9\":\"<p>What sets The LAB apart is our ability to seamlessly become part of the party and provide a fun, yet stylish experience. You get a professional quality camera and lighting equipment that promises to never take a bad picture and totally WOW your guests. The LAB provides:<\\/p>\",\"8\":\"A Close up of the LAB\",\"21\":\"<p>There are tons of different party and event ideas that The LAB can add hours of fun and excitement to. From personal to corporate level, The LAB has options to fit your needs.<\\/p>\",\"19\":[\"10\",\"11\",\"12\",\"13\",\"14\"],\"20\":\"The LAB Experience Packages\"}}', '2016-06-14 04:06:14', '2016-06-14 04:06:14', '988f48c3-3af1-4b52-b959-d92facfda867'),
 ('17', '2', '1', '1', 'en_us', '5', '', '{\"typeId\":null,\"authorId\":null,\"title\":\"Home\",\"slug\":\"homepage\",\"postDate\":1465768695,\"expiryDate\":null,\"enabled\":1,\"parentId\":null,\"fields\":{\"7\":[\"18\"],\"6\":\"<p>The LAB is a Dallas based party photo booth company on a mission to add a touch of sophisticated fun to your events. Our luxurious open-air photo booth is sure to make a statement and make memories that you\\u2019ll never forget.<\\/p>\\r\\n\\r\\n<p>So, what\\u2019s your occasion? A birthday? A wedding? A corporate shindig? You name it and The LAB photo booth will take the fun and entertainment up a notch.&nbsp;<\\/p>\",\"5\":\"Welcome to The LAB\",\"3\":\"\",\"4\":\"\",\"22\":[\"20\"],\"17\":\"<p>place holder&nbsp;place holder&nbsp;place holder&nbsp;place holder&nbsp;place holder&nbsp;place holder&nbsp;place holder&nbsp;place holder&nbsp;place holder&nbsp;place holder&nbsp;place holder&nbsp;place holder&nbsp;place holder&nbsp;place holder&nbsp;place holder&nbsp;place holder&nbsp;place holder&nbsp;place holder&nbsp;place holder&nbsp;place holder&nbsp;place holder&nbsp;place holder&nbsp;place holder&nbsp;place holder&nbsp;place holder&nbsp;place holder&nbsp;place holder&nbsp;place holder&nbsp;place holder&nbsp;place holder&nbsp;place holder<\\/p>\",\"16\":\"The Lab Propshop\",\"18\":[\"4\",\"5\",\"6\",\"7\"],\"11\":[\"19\"],\"10\":\"<p>Come on in The LAB<\\/p>\\r\\n\\r\\n<p>Inside The LAB is where all the magic happens and pictures truly come alive. Our collection of backdrops and props lets your guests make their photo op as classic or quirky as they\\u2019d like. Let\\u2019s get started!<\\/p>\",\"15\":[\"8\",\"9\"],\"9\":\"<p>What sets The LAB apart is our ability to seamlessly become part of the party and provide a fun, yet stylish experience. You get a professional quality camera and lighting equipment that promises to never take a bad picture and totally WOW your guests. The LAB provides:<\\/p>\",\"8\":\"A Close up of the LAB\",\"21\":\"<p>There are tons of different party and event ideas that The LAB can add hours of fun and excitement to. From personal to corporate level, The LAB has options to fit your needs.<\\/p>\",\"19\":[\"10\",\"11\",\"12\",\"13\",\"14\"],\"20\":\"The LAB Experience Packages\"}}', '2016-08-26 15:53:20', '2016-08-26 15:53:20', '831875c2-feb5-4ab1-a8ec-1c91f88f1115'),
 ('18', '9', '3', '1', 'en_us', '2', '', '{\"typeId\":\"3\",\"authorId\":\"1\",\"title\":\"The LAB PropShop\",\"slug\":\"the-lab-propshop\",\"postDate\":1465876500,\"expiryDate\":null,\"enabled\":1,\"parentId\":null,\"fields\":{\"14\":[\"21\"],\"1\":\"<p>It\\u2019s important that every picture is one of a kind and 100% YOU. The LAB\\u2019s PropShop is fully loaded with tons of different accessories, masks and other knick-knacks necessary to make each picture anything but ordinary. Having an 80\\u2019s party and need a rockin\\u2019 mullet wig? We can cater the PropShop to match any party theme at an additional charge.<\\/p>\"}}', '2016-08-26 15:56:58', '2016-08-26 15:56:58', '287b95b6-3755-4343-a339-44d21ef703be'),
 ('19', '8', '3', '1', 'en_us', '2', '', '{\"typeId\":\"3\",\"authorId\":\"1\",\"title\":\"We\\u2019ve Got Your Back (drop)\",\"slug\":\"weve-got-your-back-drop\",\"postDate\":1465876500,\"expiryDate\":null,\"enabled\":1,\"parentId\":null,\"fields\":{\"14\":[\"17\"],\"1\":\"<p>The backdrop is the canvas on which the perfect pictures are created. Our assortment of backgrounds come in an array of different colors and patterns to complement the excitement of your celebration. Do you need a backdrop of a ship for a bon voyage party or other party themes? Custom backdrops are also available at an additional charge.<\\/p>\"}}', '2016-08-26 15:57:16', '2016-08-26 15:57:16', 'f1d28217-0c67-44a8-a594-9251c54565ed'),
 ('20', '2', '1', '1', 'en_us', '6', '', '{\"typeId\":null,\"authorId\":null,\"title\":\"Home\",\"slug\":\"homepage\",\"postDate\":1465768695,\"expiryDate\":null,\"enabled\":1,\"parentId\":null,\"fields\":{\"7\":[\"18\"],\"6\":\"<p>The LAB is a Dallas based party photo booth company on a mission to add a touch of sophisticated fun to your events. Our luxurious open-air photo booth is sure to make a statement and make memories that you\\u2019ll never forget.<\\/p>\\r\\n\\r\\n<p>So, what\\u2019s your occasion? A birthday? A wedding? A corporate shindig? You name it and The LAB photo booth will take the fun and entertainment up a notch.&nbsp;<\\/p>\",\"5\":\"Welcome to The LAB\",\"3\":\"\",\"4\":\"\",\"22\":[\"20\"],\"17\":\"<p>place holder&nbsp;place holder&nbsp;place holder&nbsp;place holder&nbsp;place holder&nbsp;place holder&nbsp;place holder&nbsp;place holder&nbsp;place holder&nbsp;place holder&nbsp;place holder&nbsp;place holder&nbsp;place holder&nbsp;place holder&nbsp;place holder&nbsp;place holder&nbsp;place holder&nbsp;place holder&nbsp;place holder&nbsp;place holder&nbsp;place holder&nbsp;place holder&nbsp;place holder&nbsp;place holder&nbsp;place holder&nbsp;place holder&nbsp;place holder&nbsp;place holder&nbsp;place holder&nbsp;place holder&nbsp;place holder<\\/p>\",\"16\":\"The Lab Propshop\",\"18\":[\"4\",\"5\",\"6\",\"7\"],\"11\":[\"19\"],\"10\":\"<p>Inside The LAB is where all the magic happens and pictures truly come alive. Our collection of backdrops and props lets your guests make their photo op as classic or quirky as they\\u2019d like. Let\\u2019s get started!<br><\\/p>\",\"30\":\"Come on in The LAB\",\"15\":[\"8\",\"9\"],\"9\":\"<p>What sets The LAB apart is our ability to seamlessly become part of the party and provide a fun, yet stylish experience. You get a professional quality camera and lighting equipment that promises to never take a bad picture and totally WOW your guests. The LAB provides:<\\/p>\",\"8\":\"A Close up of the LAB\",\"21\":\"<p>There are tons of different party and event ideas that The LAB can add hours of fun and excitement to. From personal to corporate level, The LAB has options to fit your needs.<\\/p>\",\"19\":[\"10\",\"11\",\"12\",\"13\",\"14\"],\"20\":\"The LAB Experience Packages\"}}', '2016-08-26 20:06:33', '2016-08-26 20:06:33', 'd41354bd-e80f-4494-946a-b46e12365b8e'),
 ('21', '8', '3', '1', 'en_us', '3', '', '{\"typeId\":\"3\",\"authorId\":\"1\",\"title\":\"We\\u2019ve Got Your Back (drop)\",\"slug\":\"weve-got-your-back-drop\",\"postDate\":1465876500,\"expiryDate\":null,\"enabled\":1,\"parentId\":null,\"fields\":{\"14\":[\"17\"],\"1\":\"<p>The backdrop is the canvas on which the perfect pictures are created. Our assortment of backgrounds come in an array of different colors and patterns to complement the excitement of your celebration. Do you need a backdrop of a ship for a bon voyage party or other party themes? Custom backdrops are also available at an additional charge.<\\/p>\",\"31\":\"text-white\"}}', '2016-08-26 21:46:51', '2016-08-26 21:46:51', '81dbf822-5568-465a-95f9-093df87b7896'),
 ('22', '9', '3', '1', 'en_us', '3', '', '{\"typeId\":\"3\",\"authorId\":\"1\",\"title\":\"The LAB PropShop\",\"slug\":\"the-lab-propshop\",\"postDate\":1465876500,\"expiryDate\":null,\"enabled\":1,\"parentId\":null,\"fields\":{\"14\":[\"21\"],\"1\":\"<p>It\\u2019s important that every picture is one of a kind and 100% YOU. The LAB\\u2019s PropShop is fully loaded with tons of different accessories, masks and other knick-knacks necessary to make each picture anything but ordinary. Having an 80\\u2019s party and need a rockin\\u2019 mullet wig? We can cater the PropShop to match any party theme at an additional charge.<\\/p>\",\"31\":\"text-black\"}}', '2016-08-26 21:47:35', '2016-08-26 21:47:35', '4bef0384-8755-49ec-8033-5fa4e5958263'),
 ('23', '2', '1', '1', 'en_us', '7', '', '{\"typeId\":null,\"authorId\":null,\"title\":\"Home\",\"slug\":\"homepage\",\"postDate\":1465768695,\"expiryDate\":null,\"enabled\":1,\"parentId\":null,\"fields\":{\"7\":[\"18\"],\"6\":\"<p>The LAB is a Dallas based party photo booth company on a mission to add a touch of sophisticated fun to your events. Our luxurious open-air photo booth is sure to make a statement and make memories that you\\u2019ll never forget.<\\/p>\\r\\n\\r\\n<p>So, what\\u2019s your occasion? A birthday? A wedding? A corporate shindig? You name it and The LAB photo booth will take the fun and entertainment up a notch.&nbsp;<\\/p>\",\"5\":\"Welcome to The LAB\",\"33\":\"<p>We are super excited that you want more info on The LAB. Please compete the information below and we\\u2019ll get touch soon to get the party started!<\\/p>\",\"32\":\"Contact\",\"3\":\"\",\"4\":\"\",\"22\":[\"20\"],\"17\":\"<p>place holder&nbsp;place holder&nbsp;place holder&nbsp;place holder&nbsp;place holder&nbsp;place holder&nbsp;place holder&nbsp;place holder&nbsp;place holder&nbsp;place holder&nbsp;place holder&nbsp;place holder&nbsp;place holder&nbsp;place holder&nbsp;place holder&nbsp;place holder&nbsp;place holder&nbsp;place holder&nbsp;place holder&nbsp;place holder&nbsp;place holder&nbsp;place holder&nbsp;place holder&nbsp;place holder&nbsp;place holder&nbsp;place holder&nbsp;place holder&nbsp;place holder&nbsp;place holder&nbsp;place holder&nbsp;place holder<\\/p>\",\"16\":\"The Lab Propshop\",\"18\":[\"4\",\"5\",\"6\",\"7\"],\"11\":[\"19\"],\"10\":\"<p>Inside The LAB is where all the magic happens and pictures truly come alive. Our collection of backdrops and props lets your guests make their photo op as classic or quirky as they\\u2019d like. Let\\u2019s get started!<br><\\/p>\",\"30\":\"Come on in The LAB\",\"15\":[\"8\",\"9\"],\"9\":\"<p>What sets The LAB apart is our ability to seamlessly become part of the party and provide a fun, yet stylish experience. You get a professional quality camera and lighting equipment that promises to never take a bad picture and totally WOW your guests. The LAB provides:<\\/p>\",\"8\":\"A Close up of the LAB\",\"21\":\"<p>There are tons of different party and event ideas that The LAB can add hours of fun and excitement to. From personal to corporate level, The LAB has options to fit your needs.<\\/p>\",\"19\":[\"10\",\"11\",\"12\",\"13\",\"14\"],\"20\":\"The LAB Experience Packages\"}}', '2016-08-29 16:43:09', '2016-08-29 16:43:09', 'd405f5f6-1ca8-46b7-ae56-c071090d77ea'),
 ('24', '2', '1', '1', 'en_us', '8', '', '{\"typeId\":null,\"authorId\":null,\"title\":\"Home\",\"slug\":\"homepage\",\"postDate\":1465768695,\"expiryDate\":null,\"enabled\":1,\"parentId\":null,\"fields\":{\"7\":[\"18\"],\"6\":\"<p>The LAB is a Dallas based party photo booth company on a mission to add a touch of sophisticated fun to your events. Our luxurious open-air photo booth is sure to make a statement and make memories that you\\u2019ll never forget.<\\/p>\\r\\n\\r\\n<p>So, what\\u2019s your occasion? A birthday? A wedding? A corporate shindig? You name it and The LAB photo booth will take the fun and entertainment up a notch.&nbsp;<\\/p>\",\"5\":\"Welcome to The LAB\",\"34\":\"#000000\",\"33\":\"<p>We are super excited that you want more info on The LAB. Please compete the information below and we\\u2019ll get touch soon to get the party started!<\\/p>\",\"32\":\"Contact\",\"3\":\"\",\"4\":\"\",\"22\":[\"20\"],\"17\":\"<p>place holder&nbsp;place holder&nbsp;place holder&nbsp;place holder&nbsp;place holder&nbsp;place holder&nbsp;place holder&nbsp;place holder&nbsp;place holder&nbsp;place holder&nbsp;place holder&nbsp;place holder&nbsp;place holder&nbsp;place holder&nbsp;place holder&nbsp;place holder&nbsp;place holder&nbsp;place holder&nbsp;place holder&nbsp;place holder&nbsp;place holder&nbsp;place holder&nbsp;place holder&nbsp;place holder&nbsp;place holder&nbsp;place holder&nbsp;place holder&nbsp;place holder&nbsp;place holder&nbsp;place holder&nbsp;place holder<\\/p>\",\"16\":\"The Lab Propshop\",\"18\":[\"4\",\"5\",\"6\",\"7\"],\"11\":[\"19\"],\"10\":\"<p>Inside The LAB is where all the magic happens and pictures truly come alive. Our collection of backdrops and props lets your guests make their photo op as classic or quirky as they\\u2019d like. Let\\u2019s get started!<br><\\/p>\",\"30\":\"Come on in The LAB\",\"15\":[\"8\",\"9\"],\"9\":\"<p>What sets The LAB apart is our ability to seamlessly become part of the party and provide a fun, yet stylish experience. You get a professional quality camera and lighting equipment that promises to never take a bad picture and totally WOW your guests. The LAB provides:<\\/p>\",\"8\":\"A Close up of the LAB\",\"21\":\"<p>There are tons of different party and event ideas that The LAB can add hours of fun and excitement to. From personal to corporate level, The LAB has options to fit your needs.<\\/p>\",\"19\":[\"10\",\"11\",\"12\",\"13\",\"14\"],\"20\":\"The LAB Experience Packages\"}}', '2016-08-29 18:18:38', '2016-08-29 18:18:38', '2aad4101-9208-40d0-9208-23ec2e843812'),
 ('25', '2', '1', '1', 'en_us', '9', '', '{\"typeId\":null,\"authorId\":null,\"title\":\"Home\",\"slug\":\"homepage\",\"postDate\":1465768695,\"expiryDate\":null,\"enabled\":1,\"parentId\":null,\"fields\":{\"7\":[\"18\"],\"6\":\"<p>The LAB is a Dallas based party photo booth company on a mission to add a touch of sophisticated fun to your events. Our luxurious open-air photo booth is sure to make a statement and make memories that you\\u2019ll never forget.<\\/p>\\r\\n\\r\\n<p>So, what\\u2019s your occasion? A birthday? A wedding? A corporate shindig? You name it and The LAB photo booth will take the fun and entertainment up a notch.&nbsp;<\\/p>\",\"5\":\"Welcome to The LAB\",\"34\":\"#000000\",\"33\":\"<p>We are super excited that you want more info on The LAB. Please compete the information below and we\\u2019ll get touch soon to get the party started!<\\/p>\",\"32\":\"Contact\",\"3\":\"\",\"4\":\"\",\"22\":[\"20\"],\"17\":\"<p>place holder&nbsp;place holder&nbsp;place holder&nbsp;place holder&nbsp;place holder&nbsp;place holder&nbsp;place holder&nbsp;place holder&nbsp;place holder&nbsp;place holder&nbsp;place holder&nbsp;place holder&nbsp;place holder&nbsp;place holder&nbsp;place holder&nbsp;place holder&nbsp;place holder&nbsp;place holder&nbsp;place holder&nbsp;place holder&nbsp;place holder&nbsp;place holder&nbsp;place holder&nbsp;place holder&nbsp;place holder&nbsp;place holder&nbsp;place holder&nbsp;place holder&nbsp;place holder&nbsp;place holder&nbsp;place holder<\\/p>\",\"16\":\"The Lab Propshop\",\"18\":[\"4\",\"5\",\"6\",\"7\"],\"11\":[\"19\"],\"10\":\"<p>Inside The LAB is where all the magic happens and pictures truly come alive. Our collection of backdrops and props lets your guests make their photo op as classic or quirky as they\\u2019d like. Let\\u2019s get started!<br><\\/p>\",\"30\":\"Come on in The LAB\",\"15\":[\"8\",\"9\"],\"9\":\"<p>What sets The LAB apart is our ability to seamlessly become part of the party and provide a fun, yet stylish experience. You get a professional quality camera and lighting equipment that promises to never take a bad picture and totally WOW your guests. The LAB provides:<\\/p>\",\"8\":\"A Close up of the LAB\",\"35\":\"#bfbc31\",\"21\":\"<p>There are tons of different party and event ideas that The LAB can add hours of fun and excitement to. From personal to corporate level, The LAB has options to fit your needs.<\\/p>\",\"19\":[\"10\",\"11\",\"12\",\"13\",\"14\"],\"20\":\"The LAB Experience Packages\"}}', '2016-08-29 19:46:01', '2016-08-29 19:46:01', 'd2f2b9bf-6ad3-45ff-89cd-105a33233041');



DROP TABLE IF EXISTS `craft_fieldgroups`;


--
-- Schema for table `craft_fieldgroups`
--
CREATE TABLE `craft_fieldgroups` (
  `id` int(11) NOT NULL AUTO_INCREMENT,
  `name` varchar(255) COLLATE utf8_unicode_ci NOT NULL,
  `dateCreated` datetime NOT NULL,
  `dateUpdated` datetime NOT NULL,
  `uid` char(36) COLLATE utf8_unicode_ci NOT NULL DEFAULT '0',
  PRIMARY KEY (`id`),
  UNIQUE KEY `craft_fieldgroups_name_unq_idx` (`name`)
) ENGINE=InnoDB AUTO_INCREMENT=6 DEFAULT CHARSET=utf8 COLLATE=utf8_unicode_ci;

--
-- Data for table `craft_fieldgroups`
--

INSERT INTO `craft_fieldgroups` (`id`, `name`, `dateCreated`, `dateUpdated`, `uid`) VALUES
 ('1', 'Default', '2016-06-12 21:58:15', '2016-06-12 21:58:15', '140fc07d-69ea-466e-b64c-b419e7c667f4'),
 ('2', 'Home', '2016-06-12 22:10:12', '2016-06-12 22:10:33', '4dc53379-b864-4fdc-af9d-defb663770e4'),
 ('3', 'Slide', '2016-06-14 02:43:03', '2016-06-14 02:43:12', '5c3e6db2-8546-4e92-a43c-e599773f51f7'),
 ('4', 'Global', '2016-06-30 03:58:43', '2016-06-30 03:58:43', '53e23895-a326-42ef-8611-f118b9e12a9c'),
 ('5', 'Class', '2016-08-26 21:44:52', '2016-08-26 21:44:52', 'd9fcb6c3-2283-46c1-b805-6e02eabbf814');



DROP TABLE IF EXISTS `craft_fieldlayoutfields`;


--
-- Schema for table `craft_fieldlayoutfields`
--
CREATE TABLE `craft_fieldlayoutfields` (
  `id` int(11) NOT NULL AUTO_INCREMENT,
  `layoutId` int(11) NOT NULL,
  `tabId` int(11) NOT NULL,
  `fieldId` int(11) NOT NULL,
  `required` tinyint(1) unsigned NOT NULL DEFAULT '0',
  `sortOrder` smallint(6) unsigned DEFAULT NULL,
  `dateCreated` datetime NOT NULL,
  `dateUpdated` datetime NOT NULL,
  `uid` char(36) COLLATE utf8_unicode_ci NOT NULL DEFAULT '0',
  PRIMARY KEY (`id`),
  UNIQUE KEY `craft_fieldlayoutfields_layoutId_fieldId_unq_idx` (`layoutId`,`fieldId`),
  KEY `craft_fieldlayoutfields_sortOrder_idx` (`sortOrder`),
  KEY `craft_fieldlayoutfields_tabId_fk` (`tabId`),
  KEY `craft_fieldlayoutfields_fieldId_fk` (`fieldId`)
) ENGINE=InnoDB AUTO_INCREMENT=135 DEFAULT CHARSET=utf8 COLLATE=utf8_unicode_ci;

--
-- Data for table `craft_fieldlayoutfields`
--

INSERT INTO `craft_fieldlayoutfields` (`id`, `layoutId`, `tabId`, `fieldId`, `required`, `sortOrder`, `dateCreated`, `dateUpdated`, `uid`) VALUES
 ('2', '5', '2', '1', '1', '1', '2016-06-12 21:58:16', '2016-06-12 21:58:16', '5d8099a6-a6a2-4501-a2ae-c56caa7bae29'),
 ('3', '5', '2', '2', '0', '2', '2016-06-12 21:58:16', '2016-06-12 21:58:16', 'b0d13bf1-e402-4ada-97b7-5778e039ec5f'),
 ('9', '11', '5', '1', '0', '1', '2016-06-14 03:24:41', '2016-06-14 03:24:41', 'aae7e5f0-9f41-4c1f-8946-8d4c9cc19726'),
 ('10', '13', '6', '1', '0', '1', '2016-06-14 03:31:44', '2016-06-14 03:31:44', '95a1620c-f51b-49af-885e-e05543f6c1c3'),
 ('44', '17', '9', '24', '0', '1', '2016-06-30 03:59:58', '2016-06-30 03:59:58', '28a5f9e1-fd52-49cb-9b10-e55641dee71c'),
 ('45', '17', '9', '23', '0', '2', '2016-06-30 03:59:58', '2016-06-30 03:59:58', '97ccc050-6007-4ba1-a6b4-0c635696e0df'),
 ('46', '18', '10', '25', '0', '1', '2016-07-03 18:06:22', '2016-07-03 18:06:22', '0d801c01-4bf7-4f64-802d-9c66765a692d'),
 ('47', '18', '10', '26', '0', '2', '2016-07-03 18:06:22', '2016-07-03 18:06:22', '3f0ddb63-a29b-432d-aa9c-80301c349887'),
 ('48', '18', '10', '28', '0', '3', '2016-07-03 18:06:22', '2016-07-03 18:06:22', 'e77b8d1d-faed-47f8-8a0c-441d68e5511e'),
 ('49', '18', '10', '27', '0', '4', '2016-07-03 18:06:22', '2016-07-03 18:06:22', '8dc5458c-f166-46de-995a-473bd4b89488'),
 ('50', '18', '10', '29', '0', '5', '2016-07-03 18:06:22', '2016-07-03 18:06:22', '8e270dd0-2ccb-4efa-8351-03ccd0e20dce'),
 ('69', '20', '12', '1', '0', '1', '2016-08-26 21:46:30', '2016-08-26 21:46:30', '622d21b7-a0ac-4bc0-9e6b-d36e30d5b40e'),
 ('70', '20', '12', '14', '0', '2', '2016-08-26 21:46:30', '2016-08-26 21:46:30', 'd6831a10-7aa4-4f47-9654-9a70fe4a780f'),
 ('71', '20', '12', '31', '0', '3', '2016-08-26 21:46:30', '2016-08-26 21:46:30', '57725581-1046-48a4-9d77-b93013129af7'),
 ('113', '24', '15', '4', '0', '1', '2016-08-29 19:45:12', '2016-08-29 19:45:12', '05df71cd-eaea-4586-94d6-aad225518a0b'),
 ('114', '24', '15', '3', '0', '2', '2016-08-29 19:45:12', '2016-08-29 19:45:12', '68e5bb09-8d05-450e-8ce7-4d7fd1ab0e08'),
 ('115', '24', '15', '6', '0', '3', '2016-08-29 19:45:12', '2016-08-29 19:45:12', '1b63dbbe-3c75-4844-be21-3f90c8526864'),
 ('116', '24', '15', '5', '0', '4', '2016-08-29 19:45:12', '2016-08-29 19:45:12', 'dcae4964-3e52-4420-8437-105d547e95a3'),
 ('117', '24', '15', '7', '0', '5', '2016-08-29 19:45:12', '2016-08-29 19:45:12', '24c15eab-4640-4879-b1d9-248120cb1f4a'),
 ('118', '24', '15', '8', '0', '6', '2016-08-29 19:45:12', '2016-08-29 19:45:12', '50bb64dc-f3b2-406c-bc61-30088133d206'),
 ('119', '24', '15', '9', '0', '7', '2016-08-29 19:45:12', '2016-08-29 19:45:12', '625f924a-e86c-486b-8635-356e52086c49'),
 ('120', '24', '15', '18', '0', '8', '2016-08-29 19:45:12', '2016-08-29 19:45:12', '91cd1e51-1f7f-4395-8242-dd40f34c210e'),
 ('121', '24', '15', '30', '0', '9', '2016-08-29 19:45:12', '2016-08-29 19:45:12', '99a85d17-502d-4ab3-bef0-e54d4d8fd925'),
 ('122', '24', '15', '10', '0', '10', '2016-08-29 19:45:12', '2016-08-29 19:45:12', '57dc6955-24f0-435a-825d-728b34fc834b'),
 ('123', '24', '15', '11', '0', '11', '2016-08-29 19:45:12', '2016-08-29 19:45:12', '2b7ccf85-bfaf-477c-939d-41f62c666f51'),
 ('124', '24', '15', '15', '0', '12', '2016-08-29 19:45:12', '2016-08-29 19:45:12', '96c16f87-6371-432c-bd10-9349946f7359'),
 ('125', '24', '15', '16', '0', '13', '2016-08-29 19:45:12', '2016-08-29 19:45:12', '01e9ee1b-50a0-4a91-a085-5f338ed71c20'),
 ('126', '24', '15', '17', '0', '14', '2016-08-29 19:45:12', '2016-08-29 19:45:12', '70b3973f-5ee6-4b45-aa50-f81b247210a6'),
 ('127', '24', '15', '22', '0', '15', '2016-08-29 19:45:12', '2016-08-29 19:45:12', '30e9f81e-e01d-479a-a958-a05119c43b09'),
 ('128', '24', '15', '20', '0', '16', '2016-08-29 19:45:12', '2016-08-29 19:45:12', '04ef5285-8cdf-47da-951b-f1f6f4826262'),
 ('129', '24', '15', '35', '0', '17', '2016-08-29 19:45:12', '2016-08-29 19:45:12', '7d8157c7-36af-433c-b3ad-ede85f2e3b99'),
 ('130', '24', '15', '21', '0', '18', '2016-08-29 19:45:12', '2016-08-29 19:45:12', '68826590-d680-4f2b-ad88-cdb4ac952c2e'),
 ('131', '24', '15', '19', '0', '19', '2016-08-29 19:45:12', '2016-08-29 19:45:12', 'a527fc04-4131-4aed-aad3-9b571c13fb21'),
 ('132', '24', '15', '32', '0', '20', '2016-08-29 19:45:12', '2016-08-29 19:45:12', '119276b1-7813-4370-84cb-4050b0471667'),
 ('133', '24', '15', '34', '0', '21', '2016-08-29 19:45:12', '2016-08-29 19:45:12', 'd960e2b2-463e-4b64-bb90-53ab5cf2e35d'),
 ('134', '24', '15', '33', '0', '22', '2016-08-29 19:45:12', '2016-08-29 19:45:12', '6e15bcb4-bda6-4c01-8896-b9540477041e');



DROP TABLE IF EXISTS `craft_fieldlayouts`;


--
-- Schema for table `craft_fieldlayouts`
--
CREATE TABLE `craft_fieldlayouts` (
  `id` int(11) NOT NULL AUTO_INCREMENT,
  `type` varchar(150) COLLATE utf8_unicode_ci NOT NULL,
  `dateCreated` datetime NOT NULL,
  `dateUpdated` datetime NOT NULL,
  `uid` char(36) COLLATE utf8_unicode_ci NOT NULL DEFAULT '0',
  PRIMARY KEY (`id`),
  KEY `craft_fieldlayouts_type_idx` (`type`)
) ENGINE=InnoDB AUTO_INCREMENT=25 DEFAULT CHARSET=utf8 COLLATE=utf8_unicode_ci;

--
-- Data for table `craft_fieldlayouts`
--

INSERT INTO `craft_fieldlayouts` (`id`, `type`, `dateCreated`, `dateUpdated`, `uid`) VALUES
 ('1', 'Tag', '2016-06-12 21:58:15', '2016-06-12 21:58:15', '398e0818-5079-4e7e-ad6b-8aa92b309e2d'),
 ('5', 'Entry', '2016-06-12 21:58:16', '2016-06-12 21:58:16', '912cc0dc-a330-4acf-bc60-2bd7a2cef634'),
 ('6', 'Asset', '2016-06-12 22:13:33', '2016-06-12 22:13:33', '884ed32e-bfb4-4739-af05-a3dfb607be98'),
 ('11', 'Entry', '2016-06-14 03:24:41', '2016-06-14 03:24:41', 'dabafd41-a8d9-4bc8-9efd-a6d9b94f71e0'),
 ('13', 'Entry', '2016-06-14 03:31:44', '2016-06-14 03:31:44', 'e7477b17-0ab4-491c-b871-d32b2cb84257'),
 ('17', 'GlobalSet', '2016-06-30 03:59:58', '2016-06-30 03:59:58', 'abafaef5-e6f3-4b7b-a87d-0aea4180309e'),
 ('18', 'GlobalSet', '2016-07-03 18:06:22', '2016-07-03 18:06:22', '3b06b965-286f-4a0b-b2f0-4962811d4ee9'),
 ('20', 'Entry', '2016-08-26 21:46:30', '2016-08-26 21:46:30', '27348a47-d1f7-48cb-9f75-ee384e43e74d'),
 ('21', 'Asset', '2016-08-29 15:29:23', '2016-08-29 15:29:23', '3b75942f-e251-4cb4-9d31-78e7d97e6ff8'),
 ('24', 'Entry', '2016-08-29 19:45:12', '2016-08-29 19:45:12', '0a776693-482f-41e7-b2ab-ea2e3ecc24c9');



DROP TABLE IF EXISTS `craft_fieldlayouttabs`;


--
-- Schema for table `craft_fieldlayouttabs`
--
CREATE TABLE `craft_fieldlayouttabs` (
  `id` int(11) NOT NULL AUTO_INCREMENT,
  `layoutId` int(11) NOT NULL,
  `name` varchar(255) COLLATE utf8_unicode_ci NOT NULL,
  `sortOrder` smallint(6) unsigned DEFAULT NULL,
  `dateCreated` datetime NOT NULL,
  `dateUpdated` datetime NOT NULL,
  `uid` char(36) COLLATE utf8_unicode_ci NOT NULL DEFAULT '0',
  PRIMARY KEY (`id`),
  KEY `craft_fieldlayouttabs_sortOrder_idx` (`sortOrder`),
  KEY `craft_fieldlayouttabs_layoutId_fk` (`layoutId`)
) ENGINE=InnoDB AUTO_INCREMENT=16 DEFAULT CHARSET=utf8 COLLATE=utf8_unicode_ci;

--
-- Data for table `craft_fieldlayouttabs`
--

INSERT INTO `craft_fieldlayouttabs` (`id`, `layoutId`, `name`, `sortOrder`, `dateCreated`, `dateUpdated`, `uid`) VALUES
 ('2', '5', 'Content', '1', '2016-06-12 21:58:16', '2016-06-12 21:58:16', '5719ca2f-f70a-43b9-a4b8-a67acd08f056'),
 ('5', '11', 'Tab 1', '1', '2016-06-14 03:24:41', '2016-06-14 03:24:41', '1c4500c1-d376-45c9-bd7d-a495eb24ed39'),
 ('6', '13', 'Tab 1', '1', '2016-06-14 03:31:44', '2016-06-14 03:31:44', '3bfb31bb-b40a-45e9-9b9c-e380920cac75'),
 ('9', '17', 'Content', '1', '2016-06-30 03:59:58', '2016-06-30 03:59:58', 'e2c6b0ed-10b1-4321-9388-b67fcc5f01b1'),
 ('10', '18', 'Content', '1', '2016-07-03 18:06:22', '2016-07-03 18:06:22', 'c6e854d8-1854-4559-b13a-00e8c7dbe617'),
 ('12', '20', 'Slide', '1', '2016-08-26 21:46:30', '2016-08-26 21:46:30', '7333fbf9-1857-4093-ae0a-db4de5445f77'),
 ('15', '24', 'Home', '1', '2016-08-29 19:45:12', '2016-08-29 19:45:12', '3d573a6d-0670-436e-b3f7-613bf5f5785a');



DROP TABLE IF EXISTS `craft_fields`;


--
-- Schema for table `craft_fields`
--
CREATE TABLE `craft_fields` (
  `id` int(11) NOT NULL AUTO_INCREMENT,
  `groupId` int(11) DEFAULT NULL,
  `name` varchar(255) COLLATE utf8_unicode_ci NOT NULL,
  `handle` varchar(58) COLLATE utf8_unicode_ci NOT NULL,
  `context` varchar(255) COLLATE utf8_unicode_ci NOT NULL DEFAULT 'global',
  `instructions` text COLLATE utf8_unicode_ci,
  `translatable` tinyint(1) unsigned NOT NULL DEFAULT '0',
  `type` varchar(150) COLLATE utf8_unicode_ci NOT NULL,
  `settings` text COLLATE utf8_unicode_ci,
  `dateCreated` datetime NOT NULL,
  `dateUpdated` datetime NOT NULL,
  `uid` char(36) COLLATE utf8_unicode_ci NOT NULL DEFAULT '0',
  PRIMARY KEY (`id`),
  UNIQUE KEY `craft_fields_handle_context_unq_idx` (`handle`,`context`),
  KEY `craft_fields_context_idx` (`context`),
  KEY `craft_fields_groupId_fk` (`groupId`)
) ENGINE=InnoDB AUTO_INCREMENT=36 DEFAULT CHARSET=utf8 COLLATE=utf8_unicode_ci;

--
-- Data for table `craft_fields`
--

INSERT INTO `craft_fields` (`id`, `groupId`, `name`, `handle`, `context`, `instructions`, `translatable`, `type`, `settings`, `dateCreated`, `dateUpdated`, `uid`) VALUES
 ('1', '1', 'Body', 'body', 'global', NULL, '1', 'RichText', '{\"configFile\":\"Standard.json\",\"columnType\":\"text\"}', '2016-06-12 21:58:15', '2016-06-12 21:58:15', '3d18bb35-9bb0-4406-bcd5-b60ff0f14a7a'),
 ('2', '1', 'Tags', 'tags', 'global', NULL, '0', 'Tags', '{\"source\":\"taggroup:1\"}', '2016-06-12 21:58:15', '2016-06-12 21:58:15', 'c521aede-4666-4fd1-b3ec-baeb87b03d15'),
 ('3', '2', 'Hero Background Image', 'heroBackgroundImage', 'global', '', '0', 'Assets', '{\"useSingleFolder\":\"\",\"sources\":\"*\",\"defaultUploadLocationSource\":\"1\",\"defaultUploadLocationSubpath\":\"\",\"singleUploadLocationSource\":\"1\",\"singleUploadLocationSubpath\":\"\",\"restrictFiles\":\"\",\"limit\":\"\",\"viewMode\":\"list\",\"selectionLabel\":\"\"}', '2016-06-12 22:38:40', '2016-06-12 22:38:40', 'b83dc66b-c876-4fe2-b218-cc00fb08b44a'),
 ('4', '2', 'Home Hero Logo', 'homeHeroLogo', 'global', '', '0', 'Assets', '{\"useSingleFolder\":\"\",\"sources\":\"*\",\"defaultUploadLocationSource\":\"1\",\"defaultUploadLocationSubpath\":\"\",\"singleUploadLocationSource\":\"1\",\"singleUploadLocationSubpath\":\"\",\"restrictFiles\":\"\",\"limit\":\"\",\"viewMode\":\"list\",\"selectionLabel\":\"\"}', '2016-06-12 22:41:56', '2016-06-12 22:41:56', '02f31445-c5e0-4e7c-86d6-8d9c788157fe'),
 ('5', '2', 'About Header', 'aboutHeader', 'global', '', '0', 'PlainText', '{\"placeholder\":\"\",\"maxLength\":\"\",\"multiline\":\"\",\"initialRows\":\"4\"}', '2016-06-12 23:49:46', '2016-06-12 23:49:46', '67c0b79a-93aa-42cf-8b97-952b0ee360f7'),
 ('6', '2', 'About Body', 'aboutBody', 'global', '', '0', 'RichText', '{\"configFile\":\"\",\"availableAssetSources\":\"*\",\"availableTransforms\":\"*\",\"cleanupHtml\":\"1\",\"purifyHtml\":\"1\",\"columnType\":\"text\"}', '2016-06-12 23:50:22', '2016-06-12 23:50:22', '966b4a48-eb89-4888-885d-8df5e62b99f2'),
 ('7', '2', 'About Background Image', 'aboutBackgroundImage', 'global', '', '0', 'Assets', '{\"useSingleFolder\":\"\",\"sources\":[\"folder:1\"],\"defaultUploadLocationSource\":\"1\",\"defaultUploadLocationSubpath\":\"\",\"singleUploadLocationSource\":\"1\",\"singleUploadLocationSubpath\":\"\",\"restrictFiles\":\"\",\"limit\":\"\",\"viewMode\":\"list\",\"selectionLabel\":\"\"}', '2016-06-12 23:50:49', '2016-06-12 23:50:49', 'a4ffe6a3-3a58-4fa5-a258-c4b7cfd6d224'),
 ('8', '2', 'Our Booth Top Header', 'ourBoothTopHeader', 'global', '', '0', 'PlainText', '{\"placeholder\":\"\",\"maxLength\":\"\",\"multiline\":\"\",\"initialRows\":\"4\"}', '2016-06-14 02:25:22', '2016-06-14 02:25:22', 'd2408139-8aea-4d36-9c10-9f6e7ee95ca6'),
 ('9', '2', 'Our Booth Top Body', 'ourBoothTopBody', 'global', '', '0', 'RichText', '{\"configFile\":\"\",\"availableAssetSources\":\"*\",\"availableTransforms\":\"*\",\"cleanupHtml\":\"1\",\"purifyHtml\":\"1\",\"columnType\":\"text\"}', '2016-06-14 02:27:10', '2016-06-14 02:27:10', 'ecffb3a8-2b3e-47f7-9d2f-e8dfb2f2cc63'),
 ('10', '2', 'Our Booth Middle Body', 'ourBoothMiddleBody', 'global', '', '0', 'RichText', '{\"configFile\":\"\",\"availableAssetSources\":\"*\",\"availableTransforms\":\"*\",\"cleanupHtml\":\"1\",\"purifyHtml\":\"1\",\"columnType\":\"text\"}', '2016-06-14 02:34:08', '2016-06-14 02:34:08', 'fdfca099-bbb8-4a64-a979-85d8f8382603'),
 ('11', '2', 'Our Booth Middle Background Image', 'ourBoothMiddleBackgroundImage', 'global', '', '0', 'Assets', '{\"useSingleFolder\":\"\",\"sources\":[\"folder:1\"],\"defaultUploadLocationSource\":\"1\",\"defaultUploadLocationSubpath\":\"\",\"singleUploadLocationSource\":\"1\",\"singleUploadLocationSubpath\":\"\",\"restrictFiles\":\"\",\"limit\":\"\",\"viewMode\":\"list\",\"selectionLabel\":\"\"}', '2016-06-14 02:36:12', '2016-06-14 02:36:12', 'a0bf2fd9-accf-4f4e-95b9-a8c3166a1ab3'),
 ('12', '3', 'Header', 'header', 'global', '', '0', 'PlainText', '{\"placeholder\":\"\",\"maxLength\":\"\",\"multiline\":\"\",\"initialRows\":\"4\"}', '2016-06-14 02:44:14', '2016-06-14 02:44:14', '76542ddf-89fc-4cf0-930f-aeb830480102'),
 ('13', '3', 'Text Body', 'textBody', 'global', '', '0', 'RichText', '{\"configFile\":\"\",\"availableAssetSources\":\"*\",\"availableTransforms\":\"*\",\"cleanupHtml\":\"1\",\"purifyHtml\":\"1\",\"columnType\":\"text\"}', '2016-06-14 02:47:03', '2016-06-14 02:47:03', '4dfa272b-1339-4930-bf63-78bd4823cd84'),
 ('14', '3', 'Background Image', 'backgroundImage', 'global', '', '0', 'Assets', '{\"useSingleFolder\":\"\",\"sources\":[\"folder:1\"],\"defaultUploadLocationSource\":\"1\",\"defaultUploadLocationSubpath\":\"\",\"singleUploadLocationSource\":\"1\",\"singleUploadLocationSubpath\":\"\",\"restrictFiles\":\"\",\"limit\":\"\",\"viewMode\":\"list\",\"selectionLabel\":\"\"}', '2016-06-14 02:47:24', '2016-06-14 02:47:24', '13796318-049e-4e15-9bc1-c02a8b71ceca'),
 ('15', '2', 'Our Booth Slides', 'ourBoothSlides', 'global', '', '0', 'Entries', '{\"sources\":[\"section:3\"],\"limit\":\"\",\"selectionLabel\":\"\"}', '2016-06-14 03:15:46', '2016-06-14 03:15:46', 'ef3a56ab-00dc-4eb5-89eb-700f21cb7d06'),
 ('16', '2', 'Our Booth Bottom Header', 'ourBoothBottomHeader', 'global', '', '0', 'PlainText', '{\"placeholder\":\"\",\"maxLength\":\"\",\"multiline\":\"\",\"initialRows\":\"4\"}', '2016-06-14 03:16:11', '2016-06-14 03:16:11', 'e2d725f5-daa2-4d4b-abce-59d06331d9ff'),
 ('17', '2', 'Our Booth Bottom Body', 'ourBoothBottomBody', 'global', '', '0', 'RichText', '{\"configFile\":\"\",\"availableAssetSources\":\"*\",\"availableTransforms\":\"*\",\"cleanupHtml\":\"1\",\"purifyHtml\":\"1\",\"columnType\":\"text\"}', '2016-06-14 03:16:36', '2016-06-14 03:41:21', '3b4634c7-4353-491e-b77f-916501805b20'),
 ('18', '2', 'Our Booth Dropdowns', 'ourBoothDropdowns', 'global', '', '0', 'Entries', '{\"sources\":[\"section:4\"],\"limit\":\"\",\"selectionLabel\":\"\"}', '2016-06-14 03:25:10', '2016-06-14 03:25:24', 'f2bd9c20-050b-4bcd-8e1d-2f1b51796955'),
 ('19', '2', 'Package Dropdowns', 'packageDropdowns', 'global', '', '0', 'Entries', '{\"sources\":[\"section:5\"],\"limit\":\"\",\"selectionLabel\":\"\"}', '2016-06-14 03:36:29', '2016-06-14 03:36:29', '101ea046-75a1-47e8-8ceb-bc79336f135a'),
 ('20', '2', 'Package Header', 'packageHeader', 'global', '', '0', 'PlainText', '{\"placeholder\":\"\",\"maxLength\":\"\",\"multiline\":\"\",\"initialRows\":\"4\"}', '2016-06-14 03:36:55', '2016-06-14 03:36:55', '3bc14c8d-1afb-454a-a938-42b81f875ea0'),
 ('21', '2', 'Package Body', 'packageBody', 'global', '', '0', 'RichText', '{\"configFile\":\"\",\"availableAssetSources\":\"*\",\"availableTransforms\":\"*\",\"cleanupHtml\":\"1\",\"purifyHtml\":\"1\",\"columnType\":\"text\"}', '2016-06-14 03:37:39', '2016-06-14 03:37:39', '6312d163-d9ad-419e-9811-ab51b6a88eff'),
 ('22', '2', 'Our Booth Bottom Background Image', 'ourBoothBottomBackgroundImage', 'global', '', '0', 'Assets', '{\"useSingleFolder\":\"\",\"sources\":[\"folder:1\"],\"defaultUploadLocationSource\":\"1\",\"defaultUploadLocationSubpath\":\"\",\"singleUploadLocationSource\":\"1\",\"singleUploadLocationSubpath\":\"\",\"restrictFiles\":\"\",\"limit\":\"\",\"viewMode\":\"list\",\"selectionLabel\":\"\"}', '2016-06-14 03:41:53', '2016-06-14 03:41:53', '9db24c90-3e89-44a0-9945-7172a0a0dbae'),
 ('23', '4', 'Meta Description', 'metaDescription', 'global', '', '0', 'PlainText', '{\"placeholder\":\"\",\"maxLength\":\"\",\"multiline\":\"\",\"initialRows\":\"4\"}', '2016-06-30 03:59:02', '2016-07-03 17:49:34', '1b08e9d0-d1d9-4832-a56a-19fda939fd4c'),
 ('24', '4', 'Meta Title', 'metaTitle', 'global', '', '0', 'PlainText', '{\"placeholder\":\"\",\"maxLength\":\"\",\"multiline\":\"\",\"initialRows\":\"4\"}', '2016-06-30 03:59:29', '2016-06-30 03:59:29', '22a7f6e6-36af-4ccf-b834-bcd611404214'),
 ('25', '4', 'Logo', 'logo', 'global', '', '0', 'Assets', '{\"useSingleFolder\":\"\",\"sources\":[\"folder:1\"],\"defaultUploadLocationSource\":\"1\",\"defaultUploadLocationSubpath\":\"\",\"singleUploadLocationSource\":\"1\",\"singleUploadLocationSubpath\":\"\",\"restrictFiles\":\"\",\"limit\":\"\",\"viewMode\":\"list\",\"selectionLabel\":\"\"}', '2016-07-03 18:03:42', '2016-07-03 18:05:28', 'eade162e-39d3-4df3-9cb8-68eb4ea02404'),
 ('26', '4', 'Facebook', 'facebook', 'global', '', '0', 'PlainText', '{\"placeholder\":\"\",\"maxLength\":\"\",\"multiline\":\"\",\"initialRows\":\"4\"}', '2016-07-03 18:04:26', '2016-07-03 18:04:26', '4f4b464e-5157-44e8-a06f-a0e482d1fc84'),
 ('27', '4', 'Twitter', 'twitter', 'global', '', '0', 'PlainText', '{\"placeholder\":\"\",\"maxLength\":\"\",\"multiline\":\"\",\"initialRows\":\"4\"}', '2016-07-03 18:04:34', '2016-07-03 18:04:34', 'a53ab456-2fb4-4026-bf7c-e86fe90169b3'),
 ('28', '4', 'Instagram', 'instagram', 'global', '', '0', 'PlainText', '{\"placeholder\":\"\",\"maxLength\":\"\",\"multiline\":\"\",\"initialRows\":\"4\"}', '2016-07-03 18:05:04', '2016-07-03 18:05:04', '834a8ab3-b4e2-4525-8e2b-4f2cfa7fbcfb'),
 ('29', '4', 'Pinterest', 'pinterest', 'global', '', '0', 'PlainText', '{\"placeholder\":\"\",\"maxLength\":\"\",\"multiline\":\"\",\"initialRows\":\"4\"}', '2016-07-03 18:05:17', '2016-07-03 18:05:17', '1a0dadc3-7388-4757-b807-0274fad45cc2'),
 ('30', '2', 'Our Booth Middle Header', 'ourBoothMiddleHeader', 'global', '', '0', 'PlainText', '{\"placeholder\":\"\",\"maxLength\":\"\",\"multiline\":\"\",\"initialRows\":\"4\"}', '2016-08-26 20:05:32', '2016-08-26 20:05:32', 'b76eeb80-a895-4dc3-871b-9da8ac9f91db'),
 ('31', '5', 'classes', 'classes', 'global', '', '0', 'PlainText', '{\"placeholder\":\"\",\"maxLength\":\"\",\"multiline\":\"\",\"initialRows\":\"4\"}', '2016-08-26 21:45:51', '2016-08-26 21:45:51', '5199b005-65b8-4392-ab3a-809381e22064'),
 ('32', '2', 'Contact Header', 'contactHeader', 'global', '', '0', 'PlainText', '{\"placeholder\":\"\",\"maxLength\":\"\",\"multiline\":\"\",\"initialRows\":\"4\"}', '2016-08-29 16:42:00', '2016-08-29 16:42:00', 'bfdeb101-23bb-4885-8830-e97d89fce4a0'),
 ('33', '2', 'Contact Body', 'contactBody', 'global', '', '0', 'RichText', '{\"configFile\":\"\",\"availableAssetSources\":\"*\",\"availableTransforms\":\"*\",\"cleanupHtml\":\"1\",\"purifyHtml\":\"1\",\"columnType\":\"text\"}', '2016-08-29 16:42:14', '2016-08-29 16:42:14', 'dceb7872-60b9-48bd-88a9-466e279742e0'),
 ('34', '2', 'Contact Background Color', 'contactBackgroundColor', 'global', '', '0', 'Color', NULL, '2016-08-29 16:54:59', '2016-08-29 16:54:59', '4eb21f67-2366-438d-abef-6039f2e270b2'),
 ('35', '2', 'Package Background Color', 'packageBackgroundColor', 'global', '', '0', 'Color', NULL, '2016-08-29 19:42:35', '2016-08-29 19:42:35', '086da7a8-bf86-41d8-9ec1-ee20cb963861');



DROP TABLE IF EXISTS `craft_formbuilder2_entries`;


--
-- Schema for table `craft_formbuilder2_entries`
--
CREATE TABLE `craft_formbuilder2_entries` (
  `id` int(11) NOT NULL,
  `formId` int(10) DEFAULT NULL,
  `title` varchar(255) COLLATE utf8_unicode_ci DEFAULT NULL,
  `files` text COLLATE utf8_unicode_ci,
  `submission` text COLLATE utf8_unicode_ci,
  `dateCreated` datetime NOT NULL,
  `dateUpdated` datetime NOT NULL,
  `uid` char(36) COLLATE utf8_unicode_ci NOT NULL DEFAULT '0',
  PRIMARY KEY (`id`),
  KEY `craft_formbuilder2_entries_formId_fk` (`formId`)
) ENGINE=InnoDB DEFAULT CHARSET=utf8 COLLATE=utf8_unicode_ci;

DROP TABLE IF EXISTS `craft_formbuilder2_fields`;


--
-- Schema for table `craft_formbuilder2_fields`
--
CREATE TABLE `craft_formbuilder2_fields` (
  `id` int(11) NOT NULL AUTO_INCREMENT,
  `fieldId` int(11) DEFAULT NULL,
  `fieldLayoutId` int(11) DEFAULT NULL,
  `template` varchar(255) COLLATE utf8_unicode_ci DEFAULT NULL,
  `dateCreated` datetime NOT NULL,
  `dateUpdated` datetime NOT NULL,
  `uid` char(36) COLLATE utf8_unicode_ci NOT NULL DEFAULT '0',
  PRIMARY KEY (`id`),
  KEY `craft_formbuilder2_fields_fieldId_fk` (`fieldId`),
  KEY `craft_formbuilder2_fields_fieldLayoutId_fk` (`fieldLayoutId`)
) ENGINE=InnoDB DEFAULT CHARSET=utf8 COLLATE=utf8_unicode_ci;

DROP TABLE IF EXISTS `craft_formbuilder2_forms`;


--
-- Schema for table `craft_formbuilder2_forms`
--
CREATE TABLE `craft_formbuilder2_forms` (
  `id` int(11) NOT NULL AUTO_INCREMENT,
  `name` varchar(255) COLLATE utf8_unicode_ci NOT NULL,
  `handle` varchar(255) COLLATE utf8_unicode_ci NOT NULL,
  `fieldLayoutId` int(10) DEFAULT NULL,
  `formSettings` text COLLATE utf8_unicode_ci,
  `spamProtectionSettings` text COLLATE utf8_unicode_ci,
  `messageSettings` text COLLATE utf8_unicode_ci,
  `notificationSettings` text COLLATE utf8_unicode_ci,
  `dateCreated` datetime NOT NULL,
  `dateUpdated` datetime NOT NULL,
  `uid` char(36) COLLATE utf8_unicode_ci NOT NULL DEFAULT '0',
  PRIMARY KEY (`id`),
  UNIQUE KEY `craft_formbuilder2_forms_id_unq_idx` (`id`),
  UNIQUE KEY `craft_formbuilder2_forms_name_unq_idx` (`name`),
  UNIQUE KEY `craft_formbuilder2_forms_handle_unq_idx` (`handle`),
  KEY `craft_formbuilder2_forms_fieldLayoutId_fk` (`fieldLayoutId`)
) ENGINE=InnoDB AUTO_INCREMENT=2 DEFAULT CHARSET=utf8 COLLATE=utf8_unicode_ci;

--
-- Data for table `craft_formbuilder2_forms`
--

INSERT INTO `craft_formbuilder2_forms` (`id`, `name`, `handle`, `fieldLayoutId`, `formSettings`, `spamProtectionSettings`, `messageSettings`, `notificationSettings`, `dateCreated`, `dateUpdated`, `uid`) VALUES
 ('1', 'Contact', 'contact', '21', '{\"submitButtonText\":\"Send Message\",\"formRedirect\":{\"customRedirect\":\"\",\"customRedirectUrl\":\"\"},\"hasFileUploads\":\"\",\"ajaxSubmit\":\"\"}', '{\"spamTimeMethod\":\"\",\"spamTimeMethodTime\":\"\",\"spamHoneypotMethod\":\"\",\"spamHoneypotMethodMessage\":\"\"}', '{\"successMessage\":\"Message Sent!\",\"errorMessage\":\"Error, please try again\"}', '{\"notifySubmission\":\"1\",\"emailSettings\":{\"notifyEmail\":\"daituzhang@gmail.com\",\"emailSubject\":\"New Contact\",\"sendSubmissionData\":\"1\"},\"customEmailField\":\"\",\"emailTemplate\":\"\"}', '2016-08-29 15:29:23', '2016-08-29 15:29:23', 'ed877c1d-4445-4065-8afa-6743a588cabc');



DROP TABLE IF EXISTS `craft_formbuilder2_layouts`;


--
-- Schema for table `craft_formbuilder2_layouts`
--
CREATE TABLE `craft_formbuilder2_layouts` (
  `id` int(11) NOT NULL AUTO_INCREMENT,
  `name` varchar(255) COLLATE utf8_unicode_ci NOT NULL,
  `handle` varchar(255) COLLATE utf8_unicode_ci NOT NULL,
  `description` varchar(255) COLLATE utf8_unicode_ci DEFAULT NULL,
  `type` varchar(255) COLLATE utf8_unicode_ci DEFAULT NULL,
  `icon` text COLLATE utf8_unicode_ci,
  `templateName` varchar(255) COLLATE utf8_unicode_ci DEFAULT NULL,
  `templateOriginalName` varchar(255) COLLATE utf8_unicode_ci DEFAULT NULL,
  `templatePath` varchar(255) COLLATE utf8_unicode_ci NOT NULL,
  `screenshot` text COLLATE utf8_unicode_ci,
  `dateCreated` datetime NOT NULL,
  `dateUpdated` datetime NOT NULL,
  `uid` char(36) COLLATE utf8_unicode_ci NOT NULL DEFAULT '0',
  PRIMARY KEY (`id`),
  UNIQUE KEY `craft_formbuilder2_layouts_id_unq_idx` (`id`),
  UNIQUE KEY `craft_formbuilder2_layouts_handle_unq_idx` (`handle`)
) ENGINE=InnoDB DEFAULT CHARSET=utf8 COLLATE=utf8_unicode_ci;

DROP TABLE IF EXISTS `craft_formbuilder2_templates`;


--
-- Schema for table `craft_formbuilder2_templates`
--
CREATE TABLE `craft_formbuilder2_templates` (
  `id` int(11) NOT NULL AUTO_INCREMENT,
  `name` varchar(255) COLLATE utf8_unicode_ci NOT NULL,
  `handle` varchar(255) COLLATE utf8_unicode_ci NOT NULL,
  `layoutId` int(10) DEFAULT NULL,
  `bodyText` text COLLATE utf8_unicode_ci,
  `footerText` text COLLATE utf8_unicode_ci,
  `altText` text COLLATE utf8_unicode_ci,
  `templateContent` text COLLATE utf8_unicode_ci,
  `templateStyles` text COLLATE utf8_unicode_ci,
  `templateSettings` text COLLATE utf8_unicode_ci,
  `dateCreated` datetime NOT NULL,
  `dateUpdated` datetime NOT NULL,
  `uid` char(36) COLLATE utf8_unicode_ci NOT NULL DEFAULT '0',
  PRIMARY KEY (`id`),
  UNIQUE KEY `craft_formbuilder2_templates_id_unq_idx` (`id`),
  UNIQUE KEY `craft_formbuilder2_templates_handle_unq_idx` (`handle`)
) ENGINE=InnoDB DEFAULT CHARSET=utf8 COLLATE=utf8_unicode_ci;

DROP TABLE IF EXISTS `craft_globalsets`;


--
-- Schema for table `craft_globalsets`
--
CREATE TABLE `craft_globalsets` (
  `id` int(11) NOT NULL,
  `name` varchar(255) COLLATE utf8_unicode_ci NOT NULL,
  `handle` varchar(255) COLLATE utf8_unicode_ci NOT NULL,
  `fieldLayoutId` int(10) DEFAULT NULL,
  `dateCreated` datetime NOT NULL,
  `dateUpdated` datetime NOT NULL,
  `uid` char(36) COLLATE utf8_unicode_ci NOT NULL DEFAULT '0',
  PRIMARY KEY (`id`),
  UNIQUE KEY `craft_globalsets_name_unq_idx` (`name`),
  UNIQUE KEY `craft_globalsets_handle_unq_idx` (`handle`),
  KEY `craft_globalsets_fieldLayoutId_fk` (`fieldLayoutId`)
) ENGINE=InnoDB DEFAULT CHARSET=utf8 COLLATE=utf8_unicode_ci;

--
-- Data for table `craft_globalsets`
--

INSERT INTO `craft_globalsets` (`id`, `name`, `handle`, `fieldLayoutId`, `dateCreated`, `dateUpdated`, `uid`) VALUES
 ('15', 'SEO', 'seo', '17', '2016-06-30 03:58:22', '2016-06-30 03:59:58', '5b209329-52a7-4490-81e0-317b30b6952f'),
 ('16', 'Site Info', 'siteInfo', '18', '2016-07-03 18:06:22', '2016-07-03 18:06:22', 'bfe572d2-464e-4b1b-9072-c7ae63d53962');



DROP TABLE IF EXISTS `craft_info`;


--
-- Schema for table `craft_info`
--
CREATE TABLE `craft_info` (
  `id` int(11) NOT NULL AUTO_INCREMENT,
  `version` varchar(15) COLLATE utf8_unicode_ci NOT NULL,
  `build` int(11) unsigned NOT NULL,
  `schemaVersion` varchar(15) COLLATE utf8_unicode_ci NOT NULL,
  `releaseDate` datetime NOT NULL,
  `edition` tinyint(1) unsigned NOT NULL DEFAULT '0',
  `siteName` varchar(100) COLLATE utf8_unicode_ci NOT NULL,
  `siteUrl` varchar(255) COLLATE utf8_unicode_ci NOT NULL,
  `timezone` varchar(30) COLLATE utf8_unicode_ci DEFAULT NULL,
  `on` tinyint(1) unsigned NOT NULL DEFAULT '0',
  `maintenance` tinyint(1) unsigned NOT NULL DEFAULT '0',
  `track` varchar(40) COLLATE utf8_unicode_ci NOT NULL,
  `dateCreated` datetime NOT NULL,
  `dateUpdated` datetime NOT NULL,
  `uid` char(36) COLLATE utf8_unicode_ci NOT NULL DEFAULT '0',
  PRIMARY KEY (`id`)
) ENGINE=InnoDB AUTO_INCREMENT=2 DEFAULT CHARSET=utf8 COLLATE=utf8_unicode_ci;

--
-- Data for table `craft_info`
--

INSERT INTO `craft_info` (`id`, `version`, `build`, `schemaVersion`, `releaseDate`, `edition`, `siteName`, `siteUrl`, `timezone`, `on`, `maintenance`, `track`, `dateCreated`, `dateUpdated`, `uid`) VALUES
 ('1', '2.6', '2791', '2.6.5', '2016-06-07 21:19:08', '2', 'The Lab', '/', 'UTC', '1', '0', 'stable', '2016-06-12 21:58:14', '2016-06-12 21:59:03', 'cee4c453-6079-4b56-ad0a-206f1d6ec168');



DROP TABLE IF EXISTS `craft_locales`;


--
-- Schema for table `craft_locales`
--
CREATE TABLE `craft_locales` (
  `locale` char(12) COLLATE utf8_unicode_ci NOT NULL,
  `sortOrder` smallint(6) unsigned DEFAULT NULL,
  `dateCreated` datetime NOT NULL,
  `dateUpdated` datetime NOT NULL,
  `uid` char(36) COLLATE utf8_unicode_ci NOT NULL DEFAULT '0',
  PRIMARY KEY (`locale`),
  KEY `craft_locales_sortOrder_idx` (`sortOrder`)
) ENGINE=InnoDB DEFAULT CHARSET=utf8 COLLATE=utf8_unicode_ci;

--
-- Data for table `craft_locales`
--

INSERT INTO `craft_locales` (`locale`, `sortOrder`, `dateCreated`, `dateUpdated`, `uid`) VALUES
 ('en_us', '1', '2016-06-12 21:58:14', '2016-06-12 21:58:14', 'a216f638-1d55-4f58-9e79-e0933e77a70a');



DROP TABLE IF EXISTS `craft_matrixblocks`;


--
-- Schema for table `craft_matrixblocks`
--
CREATE TABLE `craft_matrixblocks` (
  `id` int(11) NOT NULL,
  `ownerId` int(11) NOT NULL,
  `fieldId` int(11) NOT NULL,
  `typeId` int(11) DEFAULT NULL,
  `sortOrder` smallint(6) unsigned DEFAULT NULL,
  `ownerLocale` char(12) COLLATE utf8_unicode_ci DEFAULT NULL,
  `dateCreated` datetime NOT NULL,
  `dateUpdated` datetime NOT NULL,
  `uid` char(36) COLLATE utf8_unicode_ci NOT NULL DEFAULT '0',
  PRIMARY KEY (`id`),
  KEY `craft_matrixblocks_ownerId_idx` (`ownerId`),
  KEY `craft_matrixblocks_fieldId_idx` (`fieldId`),
  KEY `craft_matrixblocks_typeId_idx` (`typeId`),
  KEY `craft_matrixblocks_sortOrder_idx` (`sortOrder`),
  KEY `craft_matrixblocks_ownerLocale_fk` (`ownerLocale`)
) ENGINE=InnoDB DEFAULT CHARSET=utf8 COLLATE=utf8_unicode_ci;

DROP TABLE IF EXISTS `craft_matrixblocktypes`;


--
-- Schema for table `craft_matrixblocktypes`
--
CREATE TABLE `craft_matrixblocktypes` (
  `id` int(11) NOT NULL AUTO_INCREMENT,
  `fieldId` int(11) NOT NULL,
  `fieldLayoutId` int(11) DEFAULT NULL,
  `name` varchar(255) COLLATE utf8_unicode_ci NOT NULL,
  `handle` varchar(255) COLLATE utf8_unicode_ci NOT NULL,
  `sortOrder` smallint(6) unsigned DEFAULT NULL,
  `dateCreated` datetime NOT NULL,
  `dateUpdated` datetime NOT NULL,
  `uid` char(36) COLLATE utf8_unicode_ci NOT NULL DEFAULT '0',
  PRIMARY KEY (`id`),
  UNIQUE KEY `craft_matrixblocktypes_name_fieldId_unq_idx` (`name`,`fieldId`),
  UNIQUE KEY `craft_matrixblocktypes_handle_fieldId_unq_idx` (`handle`,`fieldId`),
  KEY `craft_matrixblocktypes_fieldId_fk` (`fieldId`),
  KEY `craft_matrixblocktypes_fieldLayoutId_fk` (`fieldLayoutId`)
) ENGINE=InnoDB DEFAULT CHARSET=utf8 COLLATE=utf8_unicode_ci;

DROP TABLE IF EXISTS `craft_migrations`;


--
-- Schema for table `craft_migrations`
--
CREATE TABLE `craft_migrations` (
  `id` int(11) NOT NULL AUTO_INCREMENT,
  `pluginId` int(11) DEFAULT NULL,
  `version` varchar(255) COLLATE utf8_unicode_ci NOT NULL,
  `applyTime` datetime NOT NULL,
  `dateCreated` datetime NOT NULL,
  `dateUpdated` datetime NOT NULL,
  `uid` char(36) COLLATE utf8_unicode_ci NOT NULL DEFAULT '0',
  PRIMARY KEY (`id`),
  UNIQUE KEY `craft_migrations_version_unq_idx` (`version`),
  KEY `craft_migrations_pluginId_fk` (`pluginId`)
) ENGINE=InnoDB AUTO_INCREMENT=37 DEFAULT CHARSET=utf8 COLLATE=utf8_unicode_ci;

--
-- Data for table `craft_migrations`
--

INSERT INTO `craft_migrations` (`id`, `pluginId`, `version`, `applyTime`, `dateCreated`, `dateUpdated`, `uid`) VALUES
 ('1', NULL, 'm000000_000000_base', '2016-06-12 21:58:14', '2016-06-12 21:58:14', '2016-06-12 21:58:14', 'f8023d75-af8a-405d-a9ba-f9e084e0d7a1'),
 ('2', NULL, 'm140730_000001_add_filename_and_format_to_transformindex', '2016-06-12 21:58:14', '2016-06-12 21:58:14', '2016-06-12 21:58:14', 'f62fc54c-0839-4457-b0d1-c2954ccbccab'),
 ('3', NULL, 'm140815_000001_add_format_to_transforms', '2016-06-12 21:58:14', '2016-06-12 21:58:14', '2016-06-12 21:58:14', '7a444efa-80a0-48e0-8514-c8d89c24dcc3'),
 ('4', NULL, 'm140822_000001_allow_more_than_128_items_per_field', '2016-06-12 21:58:14', '2016-06-12 21:58:14', '2016-06-12 21:58:14', '28981f4e-2395-4789-b9cb-450afa30c8e8'),
 ('5', NULL, 'm140829_000001_single_title_formats', '2016-06-12 21:58:14', '2016-06-12 21:58:14', '2016-06-12 21:58:14', '8f403a95-51ed-41dd-9e63-1e723c72688d'),
 ('6', NULL, 'm140831_000001_extended_cache_keys', '2016-06-12 21:58:14', '2016-06-12 21:58:14', '2016-06-12 21:58:14', 'c41c4243-d376-4e6c-91be-d1934670bc37'),
 ('7', NULL, 'm140922_000001_delete_orphaned_matrix_blocks', '2016-06-12 21:58:14', '2016-06-12 21:58:14', '2016-06-12 21:58:14', '3e64aaca-6893-4beb-886e-abd2158a1d74'),
 ('8', NULL, 'm141008_000001_elements_index_tune', '2016-06-12 21:58:14', '2016-06-12 21:58:14', '2016-06-12 21:58:14', 'eeec8840-867a-4898-9575-43d9e6e1873b'),
 ('9', NULL, 'm141009_000001_assets_source_handle', '2016-06-12 21:58:14', '2016-06-12 21:58:14', '2016-06-12 21:58:14', '7dd8bd75-59f8-4052-8ba8-32612c5f8b10'),
 ('10', NULL, 'm141024_000001_field_layout_tabs', '2016-06-12 21:58:14', '2016-06-12 21:58:14', '2016-06-12 21:58:14', '7f30b5f9-4223-4713-8ed1-f32896e1994a'),
 ('11', NULL, 'm141030_000000_plugin_schema_versions', '2016-06-12 21:58:14', '2016-06-12 21:58:14', '2016-06-12 21:58:14', '1194d25e-18ab-461f-b59a-b4ef9f50636f'),
 ('12', NULL, 'm141030_000001_drop_structure_move_permission', '2016-06-12 21:58:14', '2016-06-12 21:58:14', '2016-06-12 21:58:14', 'c3de3971-2dcd-44fb-9108-7718ccd0b162'),
 ('13', NULL, 'm141103_000001_tag_titles', '2016-06-12 21:58:14', '2016-06-12 21:58:14', '2016-06-12 21:58:14', '97f91ec9-c348-4ecc-b8af-214d586d14e7'),
 ('14', NULL, 'm141109_000001_user_status_shuffle', '2016-06-12 21:58:14', '2016-06-12 21:58:14', '2016-06-12 21:58:14', 'e7cc7720-fdbd-48aa-9d44-afe7a1d17e83'),
 ('15', NULL, 'm141126_000001_user_week_start_day', '2016-06-12 21:58:14', '2016-06-12 21:58:14', '2016-06-12 21:58:14', '92126594-1bc9-4e37-bc94-ff3ab4c336f8'),
 ('16', NULL, 'm150210_000001_adjust_user_photo_size', '2016-06-12 21:58:14', '2016-06-12 21:58:14', '2016-06-12 21:58:14', 'f9207292-cc00-4866-a2cd-a84ea1cb239c'),
 ('17', NULL, 'm150724_000001_adjust_quality_settings', '2016-06-12 21:58:14', '2016-06-12 21:58:14', '2016-06-12 21:58:14', '25316507-802c-430b-9f85-38ecdd5b5621'),
 ('18', NULL, 'm150827_000000_element_index_settings', '2016-06-12 21:58:14', '2016-06-12 21:58:14', '2016-06-12 21:58:14', 'bc5d5f26-f0cf-4bc1-9573-433d7455ffd0'),
 ('19', NULL, 'm150918_000001_add_colspan_to_widgets', '2016-06-12 21:58:14', '2016-06-12 21:58:14', '2016-06-12 21:58:14', '8791a4fb-4e02-4dd4-a657-0b419b44068d'),
 ('20', NULL, 'm151007_000000_clear_asset_caches', '2016-06-12 21:58:14', '2016-06-12 21:58:14', '2016-06-12 21:58:14', 'fddfac7f-8cfd-4ba6-a7fe-1f03291b0d61'),
 ('21', NULL, 'm151109_000000_text_url_formats', '2016-06-12 21:58:14', '2016-06-12 21:58:14', '2016-06-12 21:58:14', '0261beac-2739-4bd5-99a1-a8e93229e9f2'),
 ('22', NULL, 'm151110_000000_move_logo', '2016-06-12 21:58:14', '2016-06-12 21:58:14', '2016-06-12 21:58:14', 'ebd6832f-2c5b-4110-bea0-0278b1ea8673'),
 ('23', NULL, 'm151117_000000_adjust_image_widthheight', '2016-06-12 21:58:14', '2016-06-12 21:58:14', '2016-06-12 21:58:14', '55103ca4-a7ae-479f-9c98-2c477fdf5161'),
 ('24', NULL, 'm151127_000000_clear_license_key_status', '2016-06-12 21:58:14', '2016-06-12 21:58:14', '2016-06-12 21:58:14', '7c23a430-4e81-4d13-8827-6d34014dcbd3'),
 ('25', NULL, 'm151127_000000_plugin_license_keys', '2016-06-12 21:58:14', '2016-06-12 21:58:14', '2016-06-12 21:58:14', '538bac93-2bd8-4c3a-817b-f04e22fd2a0f'),
 ('26', NULL, 'm151130_000000_update_pt_widget_feeds', '2016-06-12 21:58:14', '2016-06-12 21:58:14', '2016-06-12 21:58:14', 'fed9fb00-8194-4bec-badd-cfda814ce383'),
 ('27', NULL, 'm160114_000000_asset_sources_public_url_default_true', '2016-06-12 21:58:14', '2016-06-12 21:58:14', '2016-06-12 21:58:14', '2d178bff-d334-4d4a-8316-d8171514ef8a'),
 ('28', NULL, 'm160223_000000_sortorder_to_smallint', '2016-06-12 21:58:14', '2016-06-12 21:58:14', '2016-06-12 21:58:14', '515b4c8d-ba69-4f4a-9475-08e0b864e7bd'),
 ('29', NULL, 'm160229_000000_set_default_entry_statuses', '2016-06-12 21:58:14', '2016-06-12 21:58:14', '2016-06-12 21:58:14', '23326f45-b4ad-412d-a5f1-12da4fdea25e'),
 ('30', NULL, 'm160304_000000_client_permissions', '2016-06-12 21:58:14', '2016-06-12 21:58:14', '2016-06-12 21:58:14', '2eb02e3b-26b8-4cad-a9bc-f96614131548'),
 ('31', NULL, 'm160322_000000_asset_filesize', '2016-06-12 21:58:14', '2016-06-12 21:58:14', '2016-06-12 21:58:14', '6a3a7e5b-37d2-4f09-9fee-823f96be93fa'),
 ('32', NULL, 'm160503_000000_orphaned_fieldlayouts', '2016-06-12 21:58:14', '2016-06-12 21:58:14', '2016-06-12 21:58:14', '157a438d-a096-4a53-b76a-a35fe9f7e894'),
 ('33', NULL, 'm160510_000000_tasksettings', '2016-06-12 21:58:14', '2016-06-12 21:58:14', '2016-06-12 21:58:14', '9fb05865-496d-497b-9f71-d38a4ef80715'),
 ('34', '1', 'm160803_191207_formbuilder2_AddFieldsTable', '2016-08-29 15:06:20', '2016-08-29 15:06:20', '2016-08-29 15:06:20', '8c19f51d-6510-4961-a2f9-f59c34d99820'),
 ('35', '1', 'm160809_202610_formbuilder2_AddTemplatesTable', '2016-08-29 15:06:20', '2016-08-29 15:06:20', '2016-08-29 15:06:20', '97a715a7-6487-4cbf-b4b9-ffd1c52d9e95'),
 ('36', '1', 'm160813_010312_formbuilder2_AddLayoutsTable', '2016-08-29 15:06:20', '2016-08-29 15:06:20', '2016-08-29 15:06:20', '069e390c-ce2c-460d-a285-8263b64516c3');



DROP TABLE IF EXISTS `craft_plugins`;


--
-- Schema for table `craft_plugins`
--
CREATE TABLE `craft_plugins` (
  `id` int(11) NOT NULL AUTO_INCREMENT,
  `class` varchar(150) COLLATE utf8_unicode_ci NOT NULL,
  `version` varchar(15) COLLATE utf8_unicode_ci NOT NULL,
  `schemaVersion` varchar(15) COLLATE utf8_unicode_ci DEFAULT NULL,
  `licenseKey` char(24) COLLATE utf8_unicode_ci DEFAULT NULL,
  `licenseKeyStatus` enum('valid','invalid','mismatched','unknown') COLLATE utf8_unicode_ci NOT NULL DEFAULT 'unknown',
  `enabled` tinyint(1) unsigned NOT NULL DEFAULT '0',
  `settings` text COLLATE utf8_unicode_ci,
  `installDate` datetime NOT NULL,
  `dateCreated` datetime NOT NULL,
  `dateUpdated` datetime NOT NULL,
  `uid` char(36) COLLATE utf8_unicode_ci NOT NULL DEFAULT '0',
  PRIMARY KEY (`id`)
) ENGINE=InnoDB AUTO_INCREMENT=2 DEFAULT CHARSET=utf8 COLLATE=utf8_unicode_ci;

--
-- Data for table `craft_plugins`
--

INSERT INTO `craft_plugins` (`id`, `class`, `version`, `schemaVersion`, `licenseKey`, `licenseKeyStatus`, `enabled`, `settings`, `installDate`, `dateCreated`, `dateUpdated`, `uid`) VALUES
 ('1', 'FormBuilder2', '2.0.7', NULL, NULL, 'unknown', '1', NULL, '2016-08-29 15:06:20', '2016-08-29 15:06:20', '2016-08-29 15:06:20', 'e545db0e-9f8d-42e0-b9d1-e55557543a57');



DROP TABLE IF EXISTS `craft_rackspaceaccess`;


--
-- Schema for table `craft_rackspaceaccess`
--
CREATE TABLE `craft_rackspaceaccess` (
  `id` int(11) NOT NULL AUTO_INCREMENT,
  `connectionKey` varchar(255) COLLATE utf8_unicode_ci NOT NULL,
  `token` varchar(255) COLLATE utf8_unicode_ci NOT NULL,
  `storageUrl` varchar(255) COLLATE utf8_unicode_ci NOT NULL,
  `cdnUrl` varchar(255) COLLATE utf8_unicode_ci NOT NULL,
  `dateCreated` datetime NOT NULL,
  `dateUpdated` datetime NOT NULL,
  `uid` char(36) COLLATE utf8_unicode_ci NOT NULL DEFAULT '0',
  PRIMARY KEY (`id`),
  UNIQUE KEY `craft_rackspaceaccess_connectionKey_unq_idx` (`connectionKey`)
) ENGINE=InnoDB DEFAULT CHARSET=utf8 COLLATE=utf8_unicode_ci;

DROP TABLE IF EXISTS `craft_relations`;


--
-- Schema for table `craft_relations`
--
CREATE TABLE `craft_relations` (
  `id` int(11) NOT NULL AUTO_INCREMENT,
  `fieldId` int(11) NOT NULL,
  `sourceId` int(11) NOT NULL,
  `sourceLocale` char(12) COLLATE utf8_unicode_ci DEFAULT NULL,
  `targetId` int(11) NOT NULL,
  `sortOrder` smallint(6) DEFAULT NULL,
  `dateCreated` datetime NOT NULL,
  `dateUpdated` datetime NOT NULL,
  `uid` char(36) COLLATE utf8_unicode_ci NOT NULL DEFAULT '0',
  PRIMARY KEY (`id`),
  UNIQUE KEY `craft_relations_fieldId_sourceId_sourceLocale_targetId_unq_idx` (`fieldId`,`sourceId`,`sourceLocale`,`targetId`),
  KEY `craft_relations_sourceId_fk` (`sourceId`),
  KEY `craft_relations_sourceLocale_fk` (`sourceLocale`),
  KEY `craft_relations_targetId_fk` (`targetId`)
) ENGINE=InnoDB AUTO_INCREMENT=92 DEFAULT CHARSET=utf8 COLLATE=utf8_unicode_ci;

--
-- Data for table `craft_relations`
--

INSERT INTO `craft_relations` (`id`, `fieldId`, `sourceId`, `sourceLocale`, `targetId`, `sortOrder`, `dateCreated`, `dateUpdated`, `uid`) VALUES
 ('48', '14', '8', NULL, '17', '1', '2016-08-26 21:46:51', '2016-08-26 21:46:51', '374298cc-54f1-4cc3-9794-a5718e1ac6f6'),
 ('49', '14', '9', NULL, '21', '1', '2016-08-26 21:47:35', '2016-08-26 21:47:35', 'e8ff5660-a0f4-4026-9578-f5d238f10595'),
 ('78', '7', '2', NULL, '18', '1', '2016-08-29 19:46:01', '2016-08-29 19:46:01', 'd9bf0b92-cbbf-4251-9b89-7eaad3935683'),
 ('79', '18', '2', NULL, '4', '1', '2016-08-29 19:46:01', '2016-08-29 19:46:01', '93ffee5e-cb7e-48c3-8c42-9be7dfa2debc'),
 ('80', '18', '2', NULL, '5', '2', '2016-08-29 19:46:01', '2016-08-29 19:46:01', 'de811c0a-ff62-4e0b-9d96-140b03dbf45a'),
 ('81', '18', '2', NULL, '6', '3', '2016-08-29 19:46:01', '2016-08-29 19:46:01', '0cf865f9-03aa-42ea-a7d6-375bde70e907'),
 ('82', '18', '2', NULL, '7', '4', '2016-08-29 19:46:01', '2016-08-29 19:46:01', '0be1132e-486b-4ae4-91a2-e4e1aa3e450b'),
 ('83', '11', '2', NULL, '19', '1', '2016-08-29 19:46:01', '2016-08-29 19:46:01', 'af558d6b-1781-45f4-af69-6d81f4231436'),
 ('84', '15', '2', NULL, '8', '1', '2016-08-29 19:46:01', '2016-08-29 19:46:01', 'deb195ad-8a7e-4c8d-9053-6c3922c7a67e'),
 ('85', '15', '2', NULL, '9', '2', '2016-08-29 19:46:01', '2016-08-29 19:46:01', 'ac292c5a-7238-44c8-bfb3-ee77a59a7eea'),
 ('86', '22', '2', NULL, '20', '1', '2016-08-29 19:46:01', '2016-08-29 19:46:01', '2628199d-fcd4-4e1e-977e-2d0cc68758bb'),
 ('87', '19', '2', NULL, '10', '1', '2016-08-29 19:46:01', '2016-08-29 19:46:01', 'cb377adb-992f-4dab-bb96-358c9608a784'),
 ('88', '19', '2', NULL, '11', '2', '2016-08-29 19:46:01', '2016-08-29 19:46:01', '5d46fea9-abd0-470a-a263-16e5e13d8467'),
 ('89', '19', '2', NULL, '12', '3', '2016-08-29 19:46:01', '2016-08-29 19:46:01', 'd36a9b8e-535f-461e-91af-78a0c9d3e410'),
 ('90', '19', '2', NULL, '13', '4', '2016-08-29 19:46:01', '2016-08-29 19:46:01', 'b2892713-ba2e-4ad3-a5eb-eaaba3ebde69'),
 ('91', '19', '2', NULL, '14', '5', '2016-08-29 19:46:01', '2016-08-29 19:46:01', 'ecbe84cb-a273-451d-bd1a-4d5494ae25a8');



DROP TABLE IF EXISTS `craft_routes`;


--
-- Schema for table `craft_routes`
--
CREATE TABLE `craft_routes` (
  `id` int(11) NOT NULL AUTO_INCREMENT,
  `locale` char(12) COLLATE utf8_unicode_ci DEFAULT NULL,
  `urlParts` varchar(255) COLLATE utf8_unicode_ci NOT NULL,
  `urlPattern` varchar(255) COLLATE utf8_unicode_ci NOT NULL,
  `template` varchar(255) COLLATE utf8_unicode_ci NOT NULL,
  `sortOrder` smallint(6) unsigned DEFAULT NULL,
  `dateCreated` datetime NOT NULL,
  `dateUpdated` datetime NOT NULL,
  `uid` char(36) COLLATE utf8_unicode_ci NOT NULL DEFAULT '0',
  PRIMARY KEY (`id`),
  UNIQUE KEY `craft_routes_urlPattern_unq_idx` (`urlPattern`),
  KEY `craft_routes_locale_idx` (`locale`)
) ENGINE=InnoDB DEFAULT CHARSET=utf8 COLLATE=utf8_unicode_ci;

DROP TABLE IF EXISTS `craft_searchindex`;


--
-- Schema for table `craft_searchindex`
--
CREATE TABLE `craft_searchindex` (
  `elementId` int(11) NOT NULL,
  `attribute` varchar(25) COLLATE utf8_unicode_ci NOT NULL,
  `fieldId` int(11) NOT NULL,
  `locale` char(12) COLLATE utf8_unicode_ci NOT NULL,
  `keywords` text COLLATE utf8_unicode_ci NOT NULL,
  PRIMARY KEY (`elementId`,`attribute`,`fieldId`,`locale`),
  FULLTEXT KEY `craft_searchindex_keywords_idx` (`keywords`)
) ENGINE=MyISAM DEFAULT CHARSET=utf8 COLLATE=utf8_unicode_ci;

--
-- Data for table `craft_searchindex`
--

INSERT INTO `craft_searchindex` (`elementId`, `attribute`, `fieldId`, `locale`, `keywords`) VALUES
 ('1', 'username', '0', 'en_us', ' admin '),
 ('1', 'firstname', '0', 'en_us', ''),
 ('1', 'lastname', '0', 'en_us', ''),
 ('1', 'fullname', '0', 'en_us', ''),
 ('1', 'email', '0', 'en_us', ' forevergreenmylove gmail com '),
 ('1', 'slug', '0', 'en_us', ''),
 ('2', 'slug', '0', 'en_us', ' homepage '),
 ('2', 'title', '0', 'en_us', ' home '),
 ('2', 'field', '1', 'en_us', ' it s true this site doesn t have a whole lot of content yet but don t worry our web developers have just installed the cms and they re setting things up for the content editors this very moment soon localhost will be an oasis of fresh perspectives sharp analyses and astute opinions that will keep you coming back again and again '),
 ('3', 'field', '1', 'en_us', ' craft is the cms that s powering localhost it s beautiful powerful flexible and easy to use and it s made by pixel tonic we can t wait to dive in and see what it s capable of this is even more captivating content which you couldn t see on the news index page because it was entered after a page break and the news index template only likes to show the content on the first page craft a nice alternative to word if you re making a website '),
 ('3', 'field', '2', 'en_us', ''),
 ('3', 'slug', '0', 'en_us', ''),
 ('3', 'title', '0', 'en_us', ' we just installed craft '),
 ('4', 'field', '1', 'en_us', ' the lab has an elegant modern open air design making it easy to set up in any type of venue there are no constraints and no extra clutter whether you re a posing solo or with a group there is ample space for up to 20 guests to get an effortlessly perfect shot '),
 ('4', 'slug', '0', 'en_us', ' open air design '),
 ('4', 'title', '0', 'en_us', ' open air design '),
 ('5', 'field', '1', 'en_us', ' it wouldn t be fair to get dolled up just to get a bad picture in return the lab is equipped with innovative photographic technology and professional lighting that ensure highest quality images every time '),
 ('5', 'slug', '0', 'en_us', ' studio quality camera '),
 ('5', 'title', '0', 'en_us', ' studio quality camera '),
 ('6', 'field', '1', 'en_us', ' we know once you get that killer shot you re going to want everyone to see it share and send your picture directly to your social media pages or via email or text instantly with our convenient and super easy touchscreen technology '),
 ('6', 'slug', '0', 'en_us', ' snap share '),
 ('6', 'title', '0', 'en_us', ' snap share '),
 ('7', 'field', '1', 'en_us', ' every photo is customizable to commemorate the occasion choose from an assortment of photo sizes customized with frames company logos event graphics and more the possibilities are endless to transform your pictures into an ultimate celebration souvenir '),
 ('7', 'slug', '0', 'en_us', ' the perfect keepsake '),
 ('7', 'title', '0', 'en_us', ' the perfect keepsake '),
 ('8', 'field', '1', 'en_us', ' the backdrop is the canvas on which the perfect pictures are created our assortment of backgrounds come in an array of different colors and patterns to complement the excitement of your celebration do you need a backdrop of a ship for a bon voyage party or other party themes custom backdrops are also available at an additional charge '),
 ('8', 'field', '14', 'en_us', ' backgrounds '),
 ('8', 'slug', '0', 'en_us', ' weve got your back drop '),
 ('8', 'title', '0', 'en_us', ' we ve got your back drop '),
 ('9', 'field', '1', 'en_us', ' it s important that every picture is one of a kind and 100% you the lab s propshop is fully loaded with tons of different accessories masks and other knick knacks necessary to make each picture anything but ordinary having an 80 s party and need a rockin mullet wig we can cater the propshop to match any party theme at an additional charge '),
 ('9', 'field', '14', 'en_us', ' getty images 86082558 '),
 ('9', 'slug', '0', 'en_us', ' the lab propshop '),
 ('9', 'title', '0', 'en_us', ' the lab propshop '),
 ('10', 'field', '1', 'en_us', ' no time for prints the social both allows you to instantly send your picture to yourself via text email or share with your friends posting your picture directly to your social media page right from the booth 2 hours of lab time1 lab assistantpersonalized photo designonline facebook gallerysocial media integration $550 '),
 ('10', 'slug', '0', 'en_us', ' social booth '),
 ('10', 'title', '0', 'en_us', ' social booth '),
 ('11', 'field', '1', 'en_us', ' two full hours with the booth a beautiful backdrop and a lab assistant to help you though your guests are sure to be entertained and they will be leaving with a personalized keepsake from your event 2 hours of lab time1 lab assistantstandard backdroppersonalized photo designunlimited 1 print per setting$700 '),
 ('11', 'slug', '0', 'en_us', ' classic booth '),
 ('11', 'title', '0', 'en_us', ' classic booth '),
 ('12', 'field', '1', 'en_us', ' this has been the option for many happy clients in addition to your backdrop selection additional print per sitting your guest will enjoy digging into the propshop to truly customize their shot for three hours the lab is yours to capture all your event memories 3 hours of lab time2 lab assistantstandard backdrop standard propshoppersonalized photo designunlimited 2 prints per settingonline facebook gallerysocial media integration$900 '),
 ('12', 'slug', '0', 'en_us', ' essetntial booth '),
 ('12', 'title', '0', 'en_us', ' essetntial booth '),
 ('13', 'field', '1', 'en_us', ' keep your guest coming back for more with four full hours with the lab two lab assistants a premium backdrop and custom props from the propshop plus your guest will have the option to print the keepsake and use the social kiosk to share a copy friends on their facebook or twitter page 4 hours of lab time 2 lab assistants premium backdrop custom propshoppersonalized photo design unlimited online facebook gallery social media integration social media kiosk $1350 '),
 ('13', 'slug', '0', 'en_us', ' boss booth '),
 ('13', 'title', '0', 'en_us', ' boss booth '),
 ('14', 'field', '1', 'en_us', ' are your employees using selfies and instagram filtered pictures for their professional headshots the lab is now available for headshots you ll get six headshots each for up to 35 employees with additional employees for $25 a person we provide you with a white backdrop a lab assistant and digital copies of every image you provide the professionalism or goofiness after all it s your headshot$800 '),
 ('14', 'slug', '0', 'en_us', ' headshots '),
 ('14', 'title', '0', 'en_us', ' headshots '),
 ('2', 'field', '4', 'en_us', ''),
 ('2', 'field', '3', 'en_us', ''),
 ('2', 'field', '6', 'en_us', ' the lab is a dallas based party photo booth company on a mission to add a touch of sophisticated fun to your events our luxurious open air photo booth is sure to make a statement and make memories that you ll never forget so what s your occasion a birthday a wedding a corporate shindig you name it and the lab photo booth will take the fun and entertainment up a notch '),
 ('2', 'field', '5', 'en_us', ' welcome to the lab '),
 ('2', 'field', '7', 'en_us', ' welcome background 1 '),
 ('2', 'field', '8', 'en_us', ' a close up of the lab '),
 ('2', 'field', '9', 'en_us', ' what sets the lab apart is our ability to seamlessly become part of the party and provide a fun yet stylish experience you get a professional quality camera and lighting equipment that promises to never take a bad picture and totally wow your guests the lab provides '),
 ('2', 'field', '18', 'en_us', ' open air design studio quality camera snap share the perfect keepsake '),
 ('2', 'field', '10', 'en_us', ' inside the lab is where all the magic happens and pictures truly come alive our collection of backdrops and props lets your guests make their photo op as classic or quirky as they d like let s get started '),
 ('2', 'field', '11', 'en_us', ' green burst '),
 ('2', 'field', '15', 'en_us', ' we ve got your back drop the lab propshop '),
 ('2', 'field', '16', 'en_us', ' the lab propshop '),
 ('2', 'field', '17', 'en_us', ' place holder place holder place holder place holder place holder place holder place holder place holder place holder place holder place holder place holder place holder place holder place holder place holder place holder place holder place holder place holder place holder place holder place holder place holder place holder place holder place holder place holder place holder place holder place holder '),
 ('2', 'field', '22', 'en_us', ' props background 1 '),
 ('2', 'field', '20', 'en_us', ' the lab experience packages '),
 ('2', 'field', '21', 'en_us', ' there are tons of different party and event ideas that the lab can add hours of fun and excitement to from personal to corporate level the lab has options to fit your needs '),
 ('2', 'field', '19', 'en_us', ' social booth classic booth essetntial booth boss booth headshots '),
 ('15', 'slug', '0', 'en_us', ''),
 ('15', 'field', '24', 'en_us', ''),
 ('15', 'field', '23', 'en_us', ''),
 ('16', 'field', '25', 'en_us', ''),
 ('16', 'field', '26', 'en_us', ''),
 ('16', 'field', '28', 'en_us', ''),
 ('16', 'field', '27', 'en_us', ''),
 ('16', 'field', '29', 'en_us', ''),
 ('16', 'slug', '0', 'en_us', ''),
 ('17', 'filename', '0', 'en_us', ' backgrounds jpg '),
 ('17', 'extension', '0', 'en_us', ' jpg '),
 ('17', 'kind', '0', 'en_us', ' image '),
 ('17', 'slug', '0', 'en_us', ' backgrounds '),
 ('17', 'title', '0', 'en_us', ' backgrounds '),
 ('18', 'filename', '0', 'en_us', ' welcome_background_1 jpg '),
 ('18', 'extension', '0', 'en_us', ' jpg '),
 ('18', 'kind', '0', 'en_us', ' image '),
 ('18', 'slug', '0', 'en_us', ''),
 ('18', 'title', '0', 'en_us', ' welcome background 1 '),
 ('19', 'filename', '0', 'en_us', ' greenburst jpg '),
 ('19', 'extension', '0', 'en_us', ' jpg '),
 ('19', 'kind', '0', 'en_us', ' image '),
 ('19', 'slug', '0', 'en_us', ''),
 ('19', 'title', '0', 'en_us', ' green burst '),
 ('20', 'filename', '0', 'en_us', ' props_background_1 jpg '),
 ('20', 'extension', '0', 'en_us', ' jpg '),
 ('20', 'kind', '0', 'en_us', ' image '),
 ('20', 'slug', '0', 'en_us', ''),
 ('20', 'title', '0', 'en_us', ' props background 1 '),
 ('21', 'filename', '0', 'en_us', ' gettyimages 86082558 jpg '),
 ('21', 'extension', '0', 'en_us', ' jpg '),
 ('21', 'kind', '0', 'en_us', ' image '),
 ('21', 'slug', '0', 'en_us', ''),
 ('21', 'title', '0', 'en_us', ' getty images 86082558 '),
 ('2', 'field', '30', 'en_us', ' come on in the lab ');
INSERT INTO `craft_searchindex` (`elementId`, `attribute`, `fieldId`, `locale`, `keywords`) VALUES
 ('8', 'field', '31', 'en_us', ' text white '),
 ('9', 'field', '31', 'en_us', ' text black '),
 ('2', 'field', '32', 'en_us', ' contact '),
 ('2', 'field', '33', 'en_us', ' we are super excited that you want more info on the lab please compete the information below and we ll get touch soon to get the party started '),
 ('2', 'field', '34', 'en_us', ' 000000 '),
 ('2', 'field', '35', 'en_us', ' bfbc31 ');



DROP TABLE IF EXISTS `craft_sections`;


--
-- Schema for table `craft_sections`
--
CREATE TABLE `craft_sections` (
  `id` int(11) NOT NULL AUTO_INCREMENT,
  `structureId` int(11) DEFAULT NULL,
  `name` varchar(255) COLLATE utf8_unicode_ci NOT NULL,
  `handle` varchar(255) COLLATE utf8_unicode_ci NOT NULL,
  `type` enum('single','channel','structure') COLLATE utf8_unicode_ci NOT NULL DEFAULT 'channel',
  `hasUrls` tinyint(1) unsigned NOT NULL DEFAULT '1',
  `template` varchar(500) COLLATE utf8_unicode_ci DEFAULT NULL,
  `enableVersioning` tinyint(1) unsigned NOT NULL DEFAULT '0',
  `dateCreated` datetime NOT NULL,
  `dateUpdated` datetime NOT NULL,
  `uid` char(36) COLLATE utf8_unicode_ci NOT NULL DEFAULT '0',
  PRIMARY KEY (`id`),
  UNIQUE KEY `craft_sections_name_unq_idx` (`name`),
  UNIQUE KEY `craft_sections_handle_unq_idx` (`handle`),
  KEY `craft_sections_structureId_fk` (`structureId`)
) ENGINE=InnoDB AUTO_INCREMENT=6 DEFAULT CHARSET=utf8 COLLATE=utf8_unicode_ci;

--
-- Data for table `craft_sections`
--

INSERT INTO `craft_sections` (`id`, `structureId`, `name`, `handle`, `type`, `hasUrls`, `template`, `enableVersioning`, `dateCreated`, `dateUpdated`, `uid`) VALUES
 ('1', NULL, 'Homepage', 'homepage', 'single', '1', 'index', '1', '2016-06-12 21:58:15', '2016-06-12 21:58:15', 'e9aac649-5709-42b7-8d2b-d5420e24f3d8'),
 ('2', NULL, 'News', 'news', 'channel', '1', 'news/_entry', '1', '2016-06-12 21:58:16', '2016-06-12 21:58:16', '465756ca-8c8b-449c-b89b-1939b05d3419'),
 ('3', NULL, 'Slides', 'slides', 'channel', '1', 'slides/_entry', '1', '2016-06-14 02:53:16', '2016-06-14 02:53:16', '918f35d7-23ce-496c-8843-cc12afd80fd0'),
 ('4', NULL, 'Booth Dropdown', 'boothDropdown', 'channel', '1', 'booth-dropdown/_entry', '1', '2016-06-14 03:23:21', '2016-06-14 03:23:21', 'bdfb5945-d0bc-4f96-be67-719036c978ea'),
 ('5', NULL, 'Package Dropdown', 'packageDropdown', 'channel', '1', 'package-dropdown/_entry', '1', '2016-06-14 03:31:18', '2016-06-14 03:31:18', '7c62eb84-e9d4-434f-919d-46a9685e8cbb');



DROP TABLE IF EXISTS `craft_sections_i18n`;


--
-- Schema for table `craft_sections_i18n`
--
CREATE TABLE `craft_sections_i18n` (
  `id` int(11) NOT NULL AUTO_INCREMENT,
  `sectionId` int(11) NOT NULL,
  `locale` char(12) COLLATE utf8_unicode_ci NOT NULL,
  `enabledByDefault` tinyint(1) unsigned NOT NULL DEFAULT '1',
  `urlFormat` text COLLATE utf8_unicode_ci,
  `nestedUrlFormat` text COLLATE utf8_unicode_ci,
  `dateCreated` datetime NOT NULL,
  `dateUpdated` datetime NOT NULL,
  `uid` char(36) COLLATE utf8_unicode_ci NOT NULL DEFAULT '0',
  PRIMARY KEY (`id`),
  UNIQUE KEY `craft_sections_i18n_sectionId_locale_unq_idx` (`sectionId`,`locale`),
  KEY `craft_sections_i18n_locale_fk` (`locale`)
) ENGINE=InnoDB AUTO_INCREMENT=6 DEFAULT CHARSET=utf8 COLLATE=utf8_unicode_ci;

--
-- Data for table `craft_sections_i18n`
--

INSERT INTO `craft_sections_i18n` (`id`, `sectionId`, `locale`, `enabledByDefault`, `urlFormat`, `nestedUrlFormat`, `dateCreated`, `dateUpdated`, `uid`) VALUES
 ('1', '1', 'en_us', '1', '__home__', NULL, '2016-06-12 21:58:15', '2016-06-12 21:58:15', 'df3858e7-fa80-4f0f-a84f-21fc4e4f3c60'),
 ('2', '2', 'en_us', '1', 'news/{postDate.year}/{slug}', NULL, '2016-06-12 21:58:16', '2016-06-12 21:58:16', 'f819f5b6-1c67-4ada-89d5-616f5548d5df'),
 ('3', '3', 'en_us', '1', 'slides/{slug}', NULL, '2016-06-14 02:53:16', '2016-06-14 02:53:16', 'a5ced537-51aa-482c-896f-209a9f5494dc'),
 ('4', '4', 'en_us', '1', 'booth-dropdown/{slug}', NULL, '2016-06-14 03:23:21', '2016-06-14 03:23:21', 'dcb3878c-3aab-4f82-82a2-3c2de7ddd152'),
 ('5', '5', 'en_us', '1', 'package-dropdown/{slug}', NULL, '2016-06-14 03:31:18', '2016-06-14 03:31:18', 'fc49ba1f-0b9e-4407-bafb-1fb1fd461198');



DROP TABLE IF EXISTS `craft_sessions`;


--
-- Schema for table `craft_sessions`
--
CREATE TABLE `craft_sessions` (
  `id` int(11) NOT NULL AUTO_INCREMENT,
  `userId` int(11) NOT NULL,
  `token` char(100) COLLATE utf8_unicode_ci NOT NULL,
  `dateCreated` datetime NOT NULL,
  `dateUpdated` datetime NOT NULL,
  `uid` char(36) COLLATE utf8_unicode_ci NOT NULL DEFAULT '0',
  PRIMARY KEY (`id`),
  KEY `craft_sessions_uid_idx` (`uid`),
  KEY `craft_sessions_token_idx` (`token`),
  KEY `craft_sessions_dateUpdated_idx` (`dateUpdated`),
  KEY `craft_sessions_userId_fk` (`userId`)
) ENGINE=InnoDB AUTO_INCREMENT=8 DEFAULT CHARSET=utf8 COLLATE=utf8_unicode_ci;

DROP TABLE IF EXISTS `craft_shunnedmessages`;


--
-- Schema for table `craft_shunnedmessages`
--
CREATE TABLE `craft_shunnedmessages` (
  `id` int(11) NOT NULL AUTO_INCREMENT,
  `userId` int(11) NOT NULL,
  `message` varchar(255) COLLATE utf8_unicode_ci NOT NULL,
  `expiryDate` datetime DEFAULT NULL,
  `dateCreated` datetime NOT NULL,
  `dateUpdated` datetime NOT NULL,
  `uid` char(36) COLLATE utf8_unicode_ci NOT NULL DEFAULT '0',
  PRIMARY KEY (`id`),
  UNIQUE KEY `craft_shunnedmessages_userId_message_unq_idx` (`userId`,`message`)
) ENGINE=InnoDB DEFAULT CHARSET=utf8 COLLATE=utf8_unicode_ci;

DROP TABLE IF EXISTS `craft_structureelements`;


--
-- Schema for table `craft_structureelements`
--
CREATE TABLE `craft_structureelements` (
  `id` int(11) NOT NULL AUTO_INCREMENT,
  `structureId` int(11) NOT NULL,
  `elementId` int(11) DEFAULT NULL,
  `root` int(11) unsigned DEFAULT NULL,
  `lft` int(11) unsigned NOT NULL,
  `rgt` int(11) unsigned NOT NULL,
  `level` smallint(6) unsigned NOT NULL,
  `dateCreated` datetime NOT NULL,
  `dateUpdated` datetime NOT NULL,
  `uid` char(36) COLLATE utf8_unicode_ci NOT NULL DEFAULT '0',
  PRIMARY KEY (`id`),
  UNIQUE KEY `craft_structureelements_structureId_elementId_unq_idx` (`structureId`,`elementId`),
  KEY `craft_structureelements_root_idx` (`root`),
  KEY `craft_structureelements_lft_idx` (`lft`),
  KEY `craft_structureelements_rgt_idx` (`rgt`),
  KEY `craft_structureelements_level_idx` (`level`),
  KEY `craft_structureelements_elementId_fk` (`elementId`)
) ENGINE=InnoDB DEFAULT CHARSET=utf8 COLLATE=utf8_unicode_ci;

DROP TABLE IF EXISTS `craft_structures`;


--
-- Schema for table `craft_structures`
--
CREATE TABLE `craft_structures` (
  `id` int(11) NOT NULL AUTO_INCREMENT,
  `maxLevels` smallint(6) unsigned DEFAULT NULL,
  `dateCreated` datetime NOT NULL,
  `dateUpdated` datetime NOT NULL,
  `uid` char(36) COLLATE utf8_unicode_ci NOT NULL DEFAULT '0',
  PRIMARY KEY (`id`)
) ENGINE=InnoDB DEFAULT CHARSET=utf8 COLLATE=utf8_unicode_ci;

DROP TABLE IF EXISTS `craft_systemsettings`;


--
-- Schema for table `craft_systemsettings`
--
CREATE TABLE `craft_systemsettings` (
  `id` int(11) NOT NULL AUTO_INCREMENT,
  `category` varchar(15) COLLATE utf8_unicode_ci NOT NULL,
  `settings` text COLLATE utf8_unicode_ci,
  `dateCreated` datetime NOT NULL,
  `dateUpdated` datetime NOT NULL,
  `uid` char(36) COLLATE utf8_unicode_ci NOT NULL DEFAULT '0',
  PRIMARY KEY (`id`),
  UNIQUE KEY `craft_systemsettings_category_unq_idx` (`category`)
) ENGINE=InnoDB AUTO_INCREMENT=2 DEFAULT CHARSET=utf8 COLLATE=utf8_unicode_ci;

--
-- Data for table `craft_systemsettings`
--

INSERT INTO `craft_systemsettings` (`id`, `category`, `settings`, `dateCreated`, `dateUpdated`, `uid`) VALUES
 ('1', 'email', '{\"protocol\":\"php\",\"emailAddress\":\"forevergreenmylove@gmail.com\",\"senderName\":\"The Lab\"}', '2016-06-12 21:58:15', '2016-06-12 21:58:15', 'eaa98071-63f8-4967-a7ca-40af533a5467');



DROP TABLE IF EXISTS `craft_taggroups`;


--
-- Schema for table `craft_taggroups`
--
CREATE TABLE `craft_taggroups` (
  `id` int(11) NOT NULL AUTO_INCREMENT,
  `name` varchar(255) COLLATE utf8_unicode_ci NOT NULL,
  `handle` varchar(255) COLLATE utf8_unicode_ci NOT NULL,
  `fieldLayoutId` int(10) DEFAULT NULL,
  `dateCreated` datetime NOT NULL,
  `dateUpdated` datetime NOT NULL,
  `uid` char(36) COLLATE utf8_unicode_ci NOT NULL DEFAULT '0',
  PRIMARY KEY (`id`),
  UNIQUE KEY `craft_taggroups_name_unq_idx` (`name`),
  UNIQUE KEY `craft_taggroups_handle_unq_idx` (`handle`),
  KEY `craft_taggroups_fieldLayoutId_fk` (`fieldLayoutId`)
) ENGINE=InnoDB AUTO_INCREMENT=2 DEFAULT CHARSET=utf8 COLLATE=utf8_unicode_ci;

--
-- Data for table `craft_taggroups`
--

INSERT INTO `craft_taggroups` (`id`, `name`, `handle`, `fieldLayoutId`, `dateCreated`, `dateUpdated`, `uid`) VALUES
 ('1', 'Default', 'default', '1', '2016-06-12 21:58:15', '2016-06-12 21:58:15', 'b83ec9c4-da7b-43fb-b1df-cd3bc3c61ab4');



DROP TABLE IF EXISTS `craft_tags`;


--
-- Schema for table `craft_tags`
--
CREATE TABLE `craft_tags` (
  `id` int(11) NOT NULL,
  `groupId` int(11) NOT NULL,
  `dateCreated` datetime NOT NULL,
  `dateUpdated` datetime NOT NULL,
  `uid` char(36) COLLATE utf8_unicode_ci NOT NULL DEFAULT '0',
  PRIMARY KEY (`id`),
  KEY `craft_tags_groupId_fk` (`groupId`)
) ENGINE=InnoDB DEFAULT CHARSET=utf8 COLLATE=utf8_unicode_ci;

DROP TABLE IF EXISTS `craft_tasks`;


--
-- Schema for table `craft_tasks`
--
CREATE TABLE `craft_tasks` (
  `id` int(11) NOT NULL AUTO_INCREMENT,
  `root` int(11) unsigned DEFAULT NULL,
  `lft` int(11) unsigned NOT NULL,
  `rgt` int(11) unsigned NOT NULL,
  `level` smallint(6) unsigned NOT NULL,
  `currentStep` int(11) unsigned DEFAULT NULL,
  `totalSteps` int(11) unsigned DEFAULT NULL,
  `status` enum('pending','error','running') COLLATE utf8_unicode_ci DEFAULT NULL,
  `type` varchar(150) COLLATE utf8_unicode_ci NOT NULL,
  `description` varchar(255) COLLATE utf8_unicode_ci DEFAULT NULL,
  `settings` mediumtext COLLATE utf8_unicode_ci,
  `dateCreated` datetime NOT NULL,
  `dateUpdated` datetime NOT NULL,
  `uid` char(36) COLLATE utf8_unicode_ci NOT NULL DEFAULT '0',
  PRIMARY KEY (`id`),
  KEY `craft_tasks_root_idx` (`root`),
  KEY `craft_tasks_lft_idx` (`lft`),
  KEY `craft_tasks_rgt_idx` (`rgt`),
  KEY `craft_tasks_level_idx` (`level`)
) ENGINE=InnoDB AUTO_INCREMENT=4 DEFAULT CHARSET=utf8 COLLATE=utf8_unicode_ci;

DROP TABLE IF EXISTS `craft_templatecachecriteria`;


--
-- Schema for table `craft_templatecachecriteria`
--
CREATE TABLE `craft_templatecachecriteria` (
  `id` int(11) NOT NULL AUTO_INCREMENT,
  `cacheId` int(11) NOT NULL,
  `type` varchar(150) COLLATE utf8_unicode_ci NOT NULL,
  `criteria` text COLLATE utf8_unicode_ci NOT NULL,
  PRIMARY KEY (`id`),
  KEY `craft_templatecachecriteria_cacheId_fk` (`cacheId`),
  KEY `craft_templatecachecriteria_type_idx` (`type`)
) ENGINE=InnoDB DEFAULT CHARSET=utf8 COLLATE=utf8_unicode_ci;

DROP TABLE IF EXISTS `craft_templatecacheelements`;


--
-- Schema for table `craft_templatecacheelements`
--
CREATE TABLE `craft_templatecacheelements` (
  `cacheId` int(11) NOT NULL,
  `elementId` int(11) NOT NULL,
  KEY `craft_templatecacheelements_cacheId_fk` (`cacheId`),
  KEY `craft_templatecacheelements_elementId_fk` (`elementId`)
) ENGINE=InnoDB DEFAULT CHARSET=utf8 COLLATE=utf8_unicode_ci;

DROP TABLE IF EXISTS `craft_templatecaches`;


--
-- Schema for table `craft_templatecaches`
--
CREATE TABLE `craft_templatecaches` (
  `id` int(11) NOT NULL AUTO_INCREMENT,
  `cacheKey` varchar(255) COLLATE utf8_unicode_ci NOT NULL,
  `locale` char(12) COLLATE utf8_unicode_ci NOT NULL,
  `path` varchar(255) COLLATE utf8_unicode_ci DEFAULT NULL,
  `expiryDate` datetime NOT NULL,
  `body` mediumtext COLLATE utf8_unicode_ci NOT NULL,
  PRIMARY KEY (`id`),
  KEY `craft_templatecaches_expiryDate_cacheKey_locale_path_idx` (`expiryDate`,`cacheKey`,`locale`,`path`),
  KEY `craft_templatecaches_locale_fk` (`locale`)
) ENGINE=InnoDB DEFAULT CHARSET=utf8 COLLATE=utf8_unicode_ci;

DROP TABLE IF EXISTS `craft_tokens`;


--
-- Schema for table `craft_tokens`
--
CREATE TABLE `craft_tokens` (
  `id` int(11) NOT NULL AUTO_INCREMENT,
  `token` char(32) COLLATE utf8_unicode_ci NOT NULL,
  `route` text COLLATE utf8_unicode_ci,
  `usageLimit` tinyint(3) unsigned DEFAULT NULL,
  `usageCount` tinyint(3) unsigned DEFAULT NULL,
  `expiryDate` datetime NOT NULL,
  `dateCreated` datetime NOT NULL,
  `dateUpdated` datetime NOT NULL,
  `uid` char(36) COLLATE utf8_unicode_ci NOT NULL DEFAULT '0',
  PRIMARY KEY (`id`),
  UNIQUE KEY `craft_tokens_token_unq_idx` (`token`),
  KEY `craft_tokens_expiryDate_idx` (`expiryDate`)
) ENGINE=InnoDB DEFAULT CHARSET=utf8 COLLATE=utf8_unicode_ci;

DROP TABLE IF EXISTS `craft_usergroups`;


--
-- Schema for table `craft_usergroups`
--
CREATE TABLE `craft_usergroups` (
  `id` int(11) NOT NULL AUTO_INCREMENT,
  `name` varchar(255) COLLATE utf8_unicode_ci NOT NULL,
  `handle` varchar(255) COLLATE utf8_unicode_ci NOT NULL,
  `dateCreated` datetime NOT NULL,
  `dateUpdated` datetime NOT NULL,
  `uid` char(36) COLLATE utf8_unicode_ci NOT NULL DEFAULT '0',
  PRIMARY KEY (`id`)
) ENGINE=InnoDB DEFAULT CHARSET=utf8 COLLATE=utf8_unicode_ci;

DROP TABLE IF EXISTS `craft_usergroups_users`;


--
-- Schema for table `craft_usergroups_users`
--
CREATE TABLE `craft_usergroups_users` (
  `id` int(11) NOT NULL AUTO_INCREMENT,
  `groupId` int(11) NOT NULL,
  `userId` int(11) NOT NULL,
  `dateCreated` datetime NOT NULL,
  `dateUpdated` datetime NOT NULL,
  `uid` char(36) COLLATE utf8_unicode_ci NOT NULL DEFAULT '0',
  PRIMARY KEY (`id`),
  UNIQUE KEY `craft_usergroups_users_groupId_userId_unq_idx` (`groupId`,`userId`),
  KEY `craft_usergroups_users_userId_fk` (`userId`)
) ENGINE=InnoDB DEFAULT CHARSET=utf8 COLLATE=utf8_unicode_ci;

DROP TABLE IF EXISTS `craft_userpermissions`;


--
-- Schema for table `craft_userpermissions`
--
CREATE TABLE `craft_userpermissions` (
  `id` int(11) NOT NULL AUTO_INCREMENT,
  `name` varchar(255) COLLATE utf8_unicode_ci NOT NULL,
  `dateCreated` datetime NOT NULL,
  `dateUpdated` datetime NOT NULL,
  `uid` char(36) COLLATE utf8_unicode_ci NOT NULL DEFAULT '0',
  PRIMARY KEY (`id`),
  UNIQUE KEY `craft_userpermissions_name_unq_idx` (`name`)
) ENGINE=InnoDB DEFAULT CHARSET=utf8 COLLATE=utf8_unicode_ci;

DROP TABLE IF EXISTS `craft_userpermissions_usergroups`;


--
-- Schema for table `craft_userpermissions_usergroups`
--
CREATE TABLE `craft_userpermissions_usergroups` (
  `id` int(11) NOT NULL AUTO_INCREMENT,
  `permissionId` int(11) NOT NULL,
  `groupId` int(11) NOT NULL,
  `dateCreated` datetime NOT NULL,
  `dateUpdated` datetime NOT NULL,
  `uid` char(36) COLLATE utf8_unicode_ci NOT NULL DEFAULT '0',
  PRIMARY KEY (`id`),
  UNIQUE KEY `craft_userpermissions_usergroups_permissionId_groupId_unq_idx` (`permissionId`,`groupId`),
  KEY `craft_userpermissions_usergroups_groupId_fk` (`groupId`)
) ENGINE=InnoDB DEFAULT CHARSET=utf8 COLLATE=utf8_unicode_ci;

DROP TABLE IF EXISTS `craft_userpermissions_users`;


--
-- Schema for table `craft_userpermissions_users`
--
CREATE TABLE `craft_userpermissions_users` (
  `id` int(11) NOT NULL AUTO_INCREMENT,
  `permissionId` int(11) NOT NULL,
  `userId` int(11) NOT NULL,
  `dateCreated` datetime NOT NULL,
  `dateUpdated` datetime NOT NULL,
  `uid` char(36) COLLATE utf8_unicode_ci NOT NULL DEFAULT '0',
  PRIMARY KEY (`id`),
  UNIQUE KEY `craft_userpermissions_users_permissionId_userId_unq_idx` (`permissionId`,`userId`),
  KEY `craft_userpermissions_users_userId_fk` (`userId`)
) ENGINE=InnoDB DEFAULT CHARSET=utf8 COLLATE=utf8_unicode_ci;

DROP TABLE IF EXISTS `craft_users`;


--
-- Schema for table `craft_users`
--
CREATE TABLE `craft_users` (
  `id` int(11) NOT NULL,
  `username` varchar(100) COLLATE utf8_unicode_ci NOT NULL,
  `photo` varchar(100) COLLATE utf8_unicode_ci DEFAULT NULL,
  `firstName` varchar(100) COLLATE utf8_unicode_ci DEFAULT NULL,
  `lastName` varchar(100) COLLATE utf8_unicode_ci DEFAULT NULL,
  `email` varchar(255) COLLATE utf8_unicode_ci NOT NULL,
  `password` char(255) COLLATE utf8_unicode_ci DEFAULT NULL,
  `preferredLocale` char(12) COLLATE utf8_unicode_ci DEFAULT NULL,
  `weekStartDay` tinyint(1) unsigned NOT NULL DEFAULT '0',
  `admin` tinyint(1) unsigned NOT NULL DEFAULT '0',
  `client` tinyint(1) unsigned NOT NULL DEFAULT '0',
  `locked` tinyint(1) unsigned NOT NULL DEFAULT '0',
  `suspended` tinyint(1) unsigned NOT NULL DEFAULT '0',
  `pending` tinyint(1) unsigned NOT NULL DEFAULT '0',
  `archived` tinyint(1) unsigned NOT NULL DEFAULT '0',
  `lastLoginDate` datetime DEFAULT NULL,
  `lastLoginAttemptIPAddress` varchar(45) COLLATE utf8_unicode_ci DEFAULT NULL,
  `invalidLoginWindowStart` datetime DEFAULT NULL,
  `invalidLoginCount` tinyint(4) unsigned DEFAULT NULL,
  `lastInvalidLoginDate` datetime DEFAULT NULL,
  `lockoutDate` datetime DEFAULT NULL,
  `verificationCode` char(100) COLLATE utf8_unicode_ci DEFAULT NULL,
  `verificationCodeIssuedDate` datetime DEFAULT NULL,
  `unverifiedEmail` varchar(255) COLLATE utf8_unicode_ci DEFAULT NULL,
  `passwordResetRequired` tinyint(1) unsigned NOT NULL DEFAULT '0',
  `lastPasswordChangeDate` datetime DEFAULT NULL,
  `dateCreated` datetime NOT NULL,
  `dateUpdated` datetime NOT NULL,
  `uid` char(36) COLLATE utf8_unicode_ci NOT NULL DEFAULT '0',
  PRIMARY KEY (`id`),
  UNIQUE KEY `craft_users_username_unq_idx` (`username`),
  UNIQUE KEY `craft_users_email_unq_idx` (`email`),
  KEY `craft_users_verificationCode_idx` (`verificationCode`),
  KEY `craft_users_uid_idx` (`uid`),
  KEY `craft_users_preferredLocale_fk` (`preferredLocale`)
) ENGINE=InnoDB DEFAULT CHARSET=utf8 COLLATE=utf8_unicode_ci;

--
-- Data for table `craft_users`
--

INSERT INTO `craft_users` (`id`, `username`, `photo`, `firstName`, `lastName`, `email`, `password`, `preferredLocale`, `weekStartDay`, `admin`, `client`, `locked`, `suspended`, `pending`, `archived`, `lastLoginDate`, `lastLoginAttemptIPAddress`, `invalidLoginWindowStart`, `invalidLoginCount`, `lastInvalidLoginDate`, `lockoutDate`, `verificationCode`, `verificationCodeIssuedDate`, `unverifiedEmail`, `passwordResetRequired`, `lastPasswordChangeDate`, `dateCreated`, `dateUpdated`, `uid`) VALUES
 ('1', 'admin', NULL, NULL, NULL, 'forevergreenmylove@gmail.com', '$2y$13$4CH9fd5PMVmKDzJLXnPwH.A0XwEbJni4zO5T8JeUPzlzk2.guB0aa', NULL, '0', '1', '0', '0', '0', '0', '0', '2016-08-24 21:34:02', '10.0.2.2', NULL, NULL, '2016-08-24 21:33:57', NULL, NULL, NULL, NULL, '0', '2016-06-12 21:58:15', '2016-06-12 21:58:15', '2016-08-24 21:34:02', 'cd69ae76-8fad-43d5-85d7-192b8936ee2d');



DROP TABLE IF EXISTS `craft_widgets`;


--
-- Schema for table `craft_widgets`
--
CREATE TABLE `craft_widgets` (
  `id` int(11) NOT NULL AUTO_INCREMENT,
  `userId` int(11) NOT NULL,
  `type` varchar(150) COLLATE utf8_unicode_ci NOT NULL,
  `sortOrder` smallint(6) unsigned DEFAULT NULL,
  `colspan` tinyint(4) unsigned DEFAULT NULL,
  `settings` text COLLATE utf8_unicode_ci,
  `enabled` tinyint(1) unsigned NOT NULL DEFAULT '1',
  `dateCreated` datetime NOT NULL,
  `dateUpdated` datetime NOT NULL,
  `uid` char(36) COLLATE utf8_unicode_ci NOT NULL DEFAULT '0',
  PRIMARY KEY (`id`),
  KEY `craft_widgets_userId_fk` (`userId`)
) ENGINE=InnoDB AUTO_INCREMENT=5 DEFAULT CHARSET=utf8 COLLATE=utf8_unicode_ci;

--
-- Data for table `craft_widgets`
--

INSERT INTO `craft_widgets` (`id`, `userId`, `type`, `sortOrder`, `colspan`, `settings`, `enabled`, `dateCreated`, `dateUpdated`, `uid`) VALUES
 ('1', '1', 'RecentEntries', '1', NULL, NULL, '1', '2016-06-12 21:58:20', '2016-06-12 21:58:20', 'ca3500a8-cf16-42b1-9e84-99b47427d7bf'),
 ('2', '1', 'GetHelp', '2', NULL, NULL, '1', '2016-06-12 21:58:20', '2016-06-12 21:58:20', '89af442a-a60c-40e5-b59a-bf18793ad7d5'),
 ('3', '1', 'Updates', '3', NULL, NULL, '1', '2016-06-12 21:58:20', '2016-06-12 21:58:20', '6325fe29-5f27-4954-a061-0f1cb502dcd6'),
 ('4', '1', 'Feed', '4', NULL, '{\"url\":\"https:\\/\\/craftcms.com\\/news.rss\",\"title\":\"Craft News\"}', '1', '2016-06-12 21:58:20', '2016-06-12 21:58:20', 'e8d5955a-89d3-4f5c-9602-08ab9df41e9d');


--
-- Constraints for tables
--


--
-- Constraints for table `craft_assetfiles`
--
ALTER TABLE `craft_assetfiles`
	ADD CONSTRAINT `craft_assetfiles_folderId_fk` FOREIGN KEY (`folderId`) REFERENCES `craft_assetfolders` (`id`) ON DELETE CASCADE,
	ADD CONSTRAINT `craft_assetfiles_id_fk` FOREIGN KEY (`id`) REFERENCES `craft_elements` (`id`) ON DELETE CASCADE,
	ADD CONSTRAINT `craft_assetfiles_sourceId_fk` FOREIGN KEY (`sourceId`) REFERENCES `craft_assetsources` (`id`) ON DELETE CASCADE;

--
-- Constraints for table `craft_assetfolders`
--
ALTER TABLE `craft_assetfolders`
	ADD CONSTRAINT `craft_assetfolders_parentId_fk` FOREIGN KEY (`parentId`) REFERENCES `craft_assetfolders` (`id`) ON DELETE CASCADE,
	ADD CONSTRAINT `craft_assetfolders_sourceId_fk` FOREIGN KEY (`sourceId`) REFERENCES `craft_assetsources` (`id`) ON DELETE CASCADE;

--
-- Constraints for table `craft_assetindexdata`
--
ALTER TABLE `craft_assetindexdata`
	ADD CONSTRAINT `craft_assetindexdata_sourceId_fk` FOREIGN KEY (`sourceId`) REFERENCES `craft_assetsources` (`id`) ON DELETE CASCADE;

--
-- Constraints for table `craft_assetsources`
--
ALTER TABLE `craft_assetsources`
	ADD CONSTRAINT `craft_assetsources_fieldLayoutId_fk` FOREIGN KEY (`fieldLayoutId`) REFERENCES `craft_fieldlayouts` (`id`) ON DELETE SET NULL;

--
-- Constraints for table `craft_categories`
--
ALTER TABLE `craft_categories`
	ADD CONSTRAINT `craft_categories_groupId_fk` FOREIGN KEY (`groupId`) REFERENCES `craft_categorygroups` (`id`) ON DELETE CASCADE,
	ADD CONSTRAINT `craft_categories_id_fk` FOREIGN KEY (`id`) REFERENCES `craft_elements` (`id`) ON DELETE CASCADE;

--
-- Constraints for table `craft_categorygroups`
--
ALTER TABLE `craft_categorygroups`
	ADD CONSTRAINT `craft_categorygroups_fieldLayoutId_fk` FOREIGN KEY (`fieldLayoutId`) REFERENCES `craft_fieldlayouts` (`id`) ON DELETE SET NULL,
	ADD CONSTRAINT `craft_categorygroups_structureId_fk` FOREIGN KEY (`structureId`) REFERENCES `craft_structures` (`id`) ON DELETE CASCADE;

--
-- Constraints for table `craft_categorygroups_i18n`
--
ALTER TABLE `craft_categorygroups_i18n`
	ADD CONSTRAINT `craft_categorygroups_i18n_groupId_fk` FOREIGN KEY (`groupId`) REFERENCES `craft_categorygroups` (`id`) ON DELETE CASCADE,
	ADD CONSTRAINT `craft_categorygroups_i18n_locale_fk` FOREIGN KEY (`locale`) REFERENCES `craft_locales` (`locale`) ON DELETE CASCADE ON UPDATE CASCADE;

--
-- Constraints for table `craft_content`
--
ALTER TABLE `craft_content`
	ADD CONSTRAINT `craft_content_elementId_fk` FOREIGN KEY (`elementId`) REFERENCES `craft_elements` (`id`) ON DELETE CASCADE,
	ADD CONSTRAINT `craft_content_locale_fk` FOREIGN KEY (`locale`) REFERENCES `craft_locales` (`locale`) ON DELETE CASCADE ON UPDATE CASCADE;

--
-- Constraints for table `craft_elements_i18n`
--
ALTER TABLE `craft_elements_i18n`
	ADD CONSTRAINT `craft_elements_i18n_elementId_fk` FOREIGN KEY (`elementId`) REFERENCES `craft_elements` (`id`) ON DELETE CASCADE,
	ADD CONSTRAINT `craft_elements_i18n_locale_fk` FOREIGN KEY (`locale`) REFERENCES `craft_locales` (`locale`) ON DELETE CASCADE ON UPDATE CASCADE;

--
-- Constraints for table `craft_emailmessages`
--
ALTER TABLE `craft_emailmessages`
	ADD CONSTRAINT `craft_emailmessages_locale_fk` FOREIGN KEY (`locale`) REFERENCES `craft_locales` (`locale`) ON DELETE CASCADE ON UPDATE CASCADE;

--
-- Constraints for table `craft_entries`
--
ALTER TABLE `craft_entries`
	ADD CONSTRAINT `craft_entries_authorId_fk` FOREIGN KEY (`authorId`) REFERENCES `craft_users` (`id`) ON DELETE CASCADE,
	ADD CONSTRAINT `craft_entries_id_fk` FOREIGN KEY (`id`) REFERENCES `craft_elements` (`id`) ON DELETE CASCADE,
	ADD CONSTRAINT `craft_entries_sectionId_fk` FOREIGN KEY (`sectionId`) REFERENCES `craft_sections` (`id`) ON DELETE CASCADE,
	ADD CONSTRAINT `craft_entries_typeId_fk` FOREIGN KEY (`typeId`) REFERENCES `craft_entrytypes` (`id`) ON DELETE CASCADE;

--
-- Constraints for table `craft_entrydrafts`
--
ALTER TABLE `craft_entrydrafts`
	ADD CONSTRAINT `craft_entrydrafts_creatorId_fk` FOREIGN KEY (`creatorId`) REFERENCES `craft_users` (`id`) ON DELETE CASCADE,
	ADD CONSTRAINT `craft_entrydrafts_entryId_fk` FOREIGN KEY (`entryId`) REFERENCES `craft_entries` (`id`) ON DELETE CASCADE,
	ADD CONSTRAINT `craft_entrydrafts_locale_fk` FOREIGN KEY (`locale`) REFERENCES `craft_locales` (`locale`) ON DELETE CASCADE ON UPDATE CASCADE,
	ADD CONSTRAINT `craft_entrydrafts_sectionId_fk` FOREIGN KEY (`sectionId`) REFERENCES `craft_sections` (`id`) ON DELETE CASCADE;

--
-- Constraints for table `craft_entrytypes`
--
ALTER TABLE `craft_entrytypes`
	ADD CONSTRAINT `craft_entrytypes_fieldLayoutId_fk` FOREIGN KEY (`fieldLayoutId`) REFERENCES `craft_fieldlayouts` (`id`) ON DELETE SET NULL,
	ADD CONSTRAINT `craft_entrytypes_sectionId_fk` FOREIGN KEY (`sectionId`) REFERENCES `craft_sections` (`id`) ON DELETE CASCADE;

--
-- Constraints for table `craft_entryversions`
--
ALTER TABLE `craft_entryversions`
	ADD CONSTRAINT `craft_entryversions_creatorId_fk` FOREIGN KEY (`creatorId`) REFERENCES `craft_users` (`id`) ON DELETE SET NULL,
	ADD CONSTRAINT `craft_entryversions_entryId_fk` FOREIGN KEY (`entryId`) REFERENCES `craft_entries` (`id`) ON DELETE CASCADE,
	ADD CONSTRAINT `craft_entryversions_locale_fk` FOREIGN KEY (`locale`) REFERENCES `craft_locales` (`locale`) ON DELETE CASCADE ON UPDATE CASCADE,
	ADD CONSTRAINT `craft_entryversions_sectionId_fk` FOREIGN KEY (`sectionId`) REFERENCES `craft_sections` (`id`) ON DELETE CASCADE;

--
-- Constraints for table `craft_fieldlayoutfields`
--
ALTER TABLE `craft_fieldlayoutfields`
	ADD CONSTRAINT `craft_fieldlayoutfields_fieldId_fk` FOREIGN KEY (`fieldId`) REFERENCES `craft_fields` (`id`) ON DELETE CASCADE,
	ADD CONSTRAINT `craft_fieldlayoutfields_layoutId_fk` FOREIGN KEY (`layoutId`) REFERENCES `craft_fieldlayouts` (`id`) ON DELETE CASCADE,
	ADD CONSTRAINT `craft_fieldlayoutfields_tabId_fk` FOREIGN KEY (`tabId`) REFERENCES `craft_fieldlayouttabs` (`id`) ON DELETE CASCADE;

--
-- Constraints for table `craft_fieldlayouttabs`
--
ALTER TABLE `craft_fieldlayouttabs`
	ADD CONSTRAINT `craft_fieldlayouttabs_layoutId_fk` FOREIGN KEY (`layoutId`) REFERENCES `craft_fieldlayouts` (`id`) ON DELETE CASCADE;

--
-- Constraints for table `craft_fields`
--
ALTER TABLE `craft_fields`
	ADD CONSTRAINT `craft_fields_groupId_fk` FOREIGN KEY (`groupId`) REFERENCES `craft_fieldgroups` (`id`) ON DELETE CASCADE;

--
-- Constraints for table `craft_formbuilder2_entries`
--
ALTER TABLE `craft_formbuilder2_entries`
	ADD CONSTRAINT `craft_formbuilder2_entries_formId_fk` FOREIGN KEY (`formId`) REFERENCES `craft_formbuilder2_forms` (`id`) ON DELETE CASCADE,
	ADD CONSTRAINT `craft_formbuilder2_entries_id_fk` FOREIGN KEY (`id`) REFERENCES `craft_elements` (`id`) ON DELETE CASCADE;

--
-- Constraints for table `craft_formbuilder2_fields`
--
ALTER TABLE `craft_formbuilder2_fields`
	ADD CONSTRAINT `craft_formbuilder2_fields_fieldLayoutId_fk` FOREIGN KEY (`fieldLayoutId`) REFERENCES `craft_fieldlayouts` (`id`) ON DELETE CASCADE,
	ADD CONSTRAINT `craft_formbuilder2_fields_fieldId_fk` FOREIGN KEY (`fieldId`) REFERENCES `craft_fields` (`id`) ON DELETE CASCADE;

--
-- Constraints for table `craft_formbuilder2_forms`
--
ALTER TABLE `craft_formbuilder2_forms`
	ADD CONSTRAINT `craft_formbuilder2_forms_fieldLayoutId_fk` FOREIGN KEY (`fieldLayoutId`) REFERENCES `craft_fieldlayouts` (`id`) ON DELETE SET NULL;

--
-- Constraints for table `craft_globalsets`
--
ALTER TABLE `craft_globalsets`
	ADD CONSTRAINT `craft_globalsets_fieldLayoutId_fk` FOREIGN KEY (`fieldLayoutId`) REFERENCES `craft_fieldlayouts` (`id`) ON DELETE SET NULL,
	ADD CONSTRAINT `craft_globalsets_id_fk` FOREIGN KEY (`id`) REFERENCES `craft_elements` (`id`) ON DELETE CASCADE;

--
-- Constraints for table `craft_matrixblocks`
--
ALTER TABLE `craft_matrixblocks`
	ADD CONSTRAINT `craft_matrixblocks_fieldId_fk` FOREIGN KEY (`fieldId`) REFERENCES `craft_fields` (`id`) ON DELETE CASCADE,
	ADD CONSTRAINT `craft_matrixblocks_id_fk` FOREIGN KEY (`id`) REFERENCES `craft_elements` (`id`) ON DELETE CASCADE,
	ADD CONSTRAINT `craft_matrixblocks_ownerId_fk` FOREIGN KEY (`ownerId`) REFERENCES `craft_elements` (`id`) ON DELETE CASCADE,
	ADD CONSTRAINT `craft_matrixblocks_ownerLocale_fk` FOREIGN KEY (`ownerLocale`) REFERENCES `craft_locales` (`locale`) ON DELETE CASCADE ON UPDATE CASCADE,
	ADD CONSTRAINT `craft_matrixblocks_typeId_fk` FOREIGN KEY (`typeId`) REFERENCES `craft_matrixblocktypes` (`id`) ON DELETE CASCADE;

--
-- Constraints for table `craft_matrixblocktypes`
--
ALTER TABLE `craft_matrixblocktypes`
	ADD CONSTRAINT `craft_matrixblocktypes_fieldId_fk` FOREIGN KEY (`fieldId`) REFERENCES `craft_fields` (`id`) ON DELETE CASCADE,
	ADD CONSTRAINT `craft_matrixblocktypes_fieldLayoutId_fk` FOREIGN KEY (`fieldLayoutId`) REFERENCES `craft_fieldlayouts` (`id`) ON DELETE SET NULL;

--
-- Constraints for table `craft_migrations`
--
ALTER TABLE `craft_migrations`
	ADD CONSTRAINT `craft_migrations_pluginId_fk` FOREIGN KEY (`pluginId`) REFERENCES `craft_plugins` (`id`) ON DELETE CASCADE;

--
-- Constraints for table `craft_relations`
--
ALTER TABLE `craft_relations`
	ADD CONSTRAINT `craft_relations_fieldId_fk` FOREIGN KEY (`fieldId`) REFERENCES `craft_fields` (`id`) ON DELETE CASCADE,
	ADD CONSTRAINT `craft_relations_sourceId_fk` FOREIGN KEY (`sourceId`) REFERENCES `craft_elements` (`id`) ON DELETE CASCADE,
	ADD CONSTRAINT `craft_relations_sourceLocale_fk` FOREIGN KEY (`sourceLocale`) REFERENCES `craft_locales` (`locale`) ON DELETE CASCADE ON UPDATE CASCADE,
	ADD CONSTRAINT `craft_relations_targetId_fk` FOREIGN KEY (`targetId`) REFERENCES `craft_elements` (`id`) ON DELETE CASCADE;

--
-- Constraints for table `craft_routes`
--
ALTER TABLE `craft_routes`
	ADD CONSTRAINT `craft_routes_locale_fk` FOREIGN KEY (`locale`) REFERENCES `craft_locales` (`locale`) ON DELETE CASCADE ON UPDATE CASCADE;

--
-- Constraints for table `craft_sections`
--
ALTER TABLE `craft_sections`
	ADD CONSTRAINT `craft_sections_structureId_fk` FOREIGN KEY (`structureId`) REFERENCES `craft_structures` (`id`) ON DELETE SET NULL;

--
-- Constraints for table `craft_sections_i18n`
--
ALTER TABLE `craft_sections_i18n`
	ADD CONSTRAINT `craft_sections_i18n_locale_fk` FOREIGN KEY (`locale`) REFERENCES `craft_locales` (`locale`) ON DELETE CASCADE ON UPDATE CASCADE,
	ADD CONSTRAINT `craft_sections_i18n_sectionId_fk` FOREIGN KEY (`sectionId`) REFERENCES `craft_sections` (`id`) ON DELETE CASCADE;

--
-- Constraints for table `craft_sessions`
--
ALTER TABLE `craft_sessions`
	ADD CONSTRAINT `craft_sessions_userId_fk` FOREIGN KEY (`userId`) REFERENCES `craft_users` (`id`) ON DELETE CASCADE;

--
-- Constraints for table `craft_shunnedmessages`
--
ALTER TABLE `craft_shunnedmessages`
	ADD CONSTRAINT `craft_shunnedmessages_userId_fk` FOREIGN KEY (`userId`) REFERENCES `craft_users` (`id`) ON DELETE CASCADE;

--
-- Constraints for table `craft_structureelements`
--
ALTER TABLE `craft_structureelements`
	ADD CONSTRAINT `craft_structureelements_elementId_fk` FOREIGN KEY (`elementId`) REFERENCES `craft_elements` (`id`) ON DELETE CASCADE,
	ADD CONSTRAINT `craft_structureelements_structureId_fk` FOREIGN KEY (`structureId`) REFERENCES `craft_structures` (`id`) ON DELETE CASCADE;

--
-- Constraints for table `craft_taggroups`
--
ALTER TABLE `craft_taggroups`
	ADD CONSTRAINT `craft_taggroups_fieldLayoutId_fk` FOREIGN KEY (`fieldLayoutId`) REFERENCES `craft_fieldlayouts` (`id`) ON DELETE SET NULL;

--
-- Constraints for table `craft_tags`
--
ALTER TABLE `craft_tags`
	ADD CONSTRAINT `craft_tags_groupId_fk` FOREIGN KEY (`groupId`) REFERENCES `craft_taggroups` (`id`) ON DELETE CASCADE,
	ADD CONSTRAINT `craft_tags_id_fk` FOREIGN KEY (`id`) REFERENCES `craft_elements` (`id`) ON DELETE CASCADE;

--
-- Constraints for table `craft_templatecachecriteria`
--
ALTER TABLE `craft_templatecachecriteria`
	ADD CONSTRAINT `craft_templatecachecriteria_cacheId_fk` FOREIGN KEY (`cacheId`) REFERENCES `craft_templatecaches` (`id`) ON DELETE CASCADE;

--
-- Constraints for table `craft_templatecacheelements`
--
ALTER TABLE `craft_templatecacheelements`
	ADD CONSTRAINT `craft_templatecacheelements_cacheId_fk` FOREIGN KEY (`cacheId`) REFERENCES `craft_templatecaches` (`id`) ON DELETE CASCADE,
	ADD CONSTRAINT `craft_templatecacheelements_elementId_fk` FOREIGN KEY (`elementId`) REFERENCES `craft_elements` (`id`) ON DELETE CASCADE;

--
-- Constraints for table `craft_templatecaches`
--
ALTER TABLE `craft_templatecaches`
	ADD CONSTRAINT `craft_templatecaches_locale_fk` FOREIGN KEY (`locale`) REFERENCES `craft_locales` (`locale`) ON DELETE CASCADE ON UPDATE CASCADE;

--
-- Constraints for table `craft_usergroups_users`
--
ALTER TABLE `craft_usergroups_users`
	ADD CONSTRAINT `craft_usergroups_users_groupId_fk` FOREIGN KEY (`groupId`) REFERENCES `craft_usergroups` (`id`) ON DELETE CASCADE,
	ADD CONSTRAINT `craft_usergroups_users_userId_fk` FOREIGN KEY (`userId`) REFERENCES `craft_users` (`id`) ON DELETE CASCADE;

--
-- Constraints for table `craft_userpermissions_usergroups`
--
ALTER TABLE `craft_userpermissions_usergroups`
	ADD CONSTRAINT `craft_userpermissions_usergroups_groupId_fk` FOREIGN KEY (`groupId`) REFERENCES `craft_usergroups` (`id`) ON DELETE CASCADE,
	ADD CONSTRAINT `craft_userpermissions_usergroups_permissionId_fk` FOREIGN KEY (`permissionId`) REFERENCES `craft_userpermissions` (`id`) ON DELETE CASCADE;

--
-- Constraints for table `craft_userpermissions_users`
--
ALTER TABLE `craft_userpermissions_users`
	ADD CONSTRAINT `craft_userpermissions_users_permissionId_fk` FOREIGN KEY (`permissionId`) REFERENCES `craft_userpermissions` (`id`) ON DELETE CASCADE,
	ADD CONSTRAINT `craft_userpermissions_users_userId_fk` FOREIGN KEY (`userId`) REFERENCES `craft_users` (`id`) ON DELETE CASCADE;

--
-- Constraints for table `craft_users`
--
ALTER TABLE `craft_users`
	ADD CONSTRAINT `craft_users_id_fk` FOREIGN KEY (`id`) REFERENCES `craft_elements` (`id`) ON DELETE CASCADE,
	ADD CONSTRAINT `craft_users_preferredLocale_fk` FOREIGN KEY (`preferredLocale`) REFERENCES `craft_locales` (`locale`) ON DELETE SET NULL ON UPDATE CASCADE;

--
-- Constraints for table `craft_widgets`
--
ALTER TABLE `craft_widgets`
	ADD CONSTRAINT `craft_widgets_userId_fk` FOREIGN KEY (`userId`) REFERENCES `craft_users` (`id`) ON DELETE CASCADE;

SET FOREIGN_KEY_CHECKS = 1;
